# ECDICT bc015ed2e24a7abef49fc6dbbb7fe32c1dadaf8b | sha256 1a6947e04785db63613a92e14903cdae7954f7e84860b10e68e5c7cbb3f9c3cf | pack gk | entries 873
jungle	'dʒʌŋgl	n. 丛林，杂乱的一堆，弱肉强食的地方
belgium	'beldʒәm	n. 比利时
passive	'pæsiv	a. 消极的，被动的，冷漠的，顺从的，无源的[医] 被动的
hurricane	'hә:rikәn	n. 飓风，暴风，暴风雨
skip	skip	n. 跳跃，跳读vi. 跳越，跳读，跳绳，遗漏，跳级vt. 跳过，遗漏[计] 跳过
ambassador	æm'bæsәdә	n. 大使[法] 大使，使节，代理
aggression	ә'greʃәn	n. 侵犯，侵略[医] 攻击
robot	'rәubәt	n. 机械人，自动机械，机械般工作的人[计] 机器人; 自动机
feather	'feðә	n. 羽毛vi. 长羽毛vt. 用羽毛装饰
dip	dip	v. 浸，降下，把（手、勺等）伸入，舀取n. 浸，涉猎[计] 双列直插式组件，分布式输入输出系统，双排直插封装
timetable	'taimteibl	n. 时间表
lid	lid	n. 盖子，限制，眼睑vt. 给……盖盖子
unfold	.ʌn'fәuld	vt. 展开，打开，披露，开展，挑明vi. 伸展，开花，呈现
weed	wi:d	n. 杂草，野草vi. 除草vt. 除……的草，剔除
substitute	'sʌbstitju:t	n. 代理，代理人，代用品，代替者，代替物vt. 代替vi. 替代，取代，代用a. 代替的，代用的，代用品的[计] 置换; 替代
clarify	'klærifai	vi. 澄清，阐明vt. 使明晰
decoration	.dekә'reiʃәn	n. 装饰，装饰品
monkey	'mʌŋki	n. 猴子，猿，打桩锤vi. 淘气，胡闹vt. 嘲弄
lightning	'laitniŋ	n. 闪电vi. 闪电a. 闪电的
bored		a. 无聊的；烦人的；无趣的
bang	bæŋ	n. 重击，突然巨响，刘海v. 发巨响，重击adv. 砰然地，突然巨响地，直接地[计] 撞击符
slavery	'sleivәri	n. 奴隶的身分，奴隶状态，奴隶制度[法] 奴隶制度，奴役，苦役
ash	æʃ	n. 灰，灰烬[化] 灰分
beneficial	.beni'fiʃәl	a. 有益的，受益的[经] 有使用权的，可享利益的
cure	kjuә	n. 治疗，治愈，治疗法vt. 治疗，治愈，改正，腌制，加工处理，使硫化vi. 受治疗，被加工处理，被硫化
revision	ri'viʒәn	n. 校订，修正，修订本，修订版[计] 修订版
hunger	'hʌŋgә	n. 饥饿，渴望，饥荒vt. 使挨饿vi. 挨饿，渴望
ferry	'feri	n. 渡船，渡口[法] 摆渡营业权，轮渡
graph	græf	n. 曲线图，图表，图形[计] 图形
carrot	'kærәt	n. 胡萝卜[医] 胡萝卜
fox	fɒks	n. 狐狸，狡猾的人vi. 奸狡地行动，（书页）生斑，变酸vt. 欺骗，使变酸，为（鞋等）换面，使生黄斑
cheer	tʃiә	n. 愉快，振奋，欢呼vi. 欢呼，喝彩，快活起来vt. 使振奋，欢呼
chew	tʃu:	vt. 咀嚼，嚼碎vi. 咀嚼，细想n. 咀嚼，咀嚼物
steak	steik	n. 牛排，鱼排，肉排
referee	.refә'ri:	n. 仲裁人，调解人，裁判员v. 仲裁，裁判
scratch	skrætʃ	n. 抓痕，搔，抓，擦伤，刮擦声，乱写，零分，起跑线vt. 搔，抓，挖出，擦，刮，乱涂，勾抹掉vi. 搔，抓，发刮擦声，勉强糊口a. 碰巧的，凑合的，打草稿用的[计] 擦除
awake	ә'weik	a. 醒着的vt. 唤醒，唤起，使意识到vi. 醒来，被唤起，意识到
librarian	lai'brєәriәn	n. 图书馆员，图书管理员[计] 程序库管理程序; 程序库生成程序
bacterium	bæk'tiәriәm	n. 细菌[医] [无芽胞]杆菌属
dioxide	dai'ɒksaid	n. 二氧化物[医] 二氧化物
worthy	'wә:ði	n. 杰出人物a. 有价值的，可敬的，值得的
useless	'ju:slis	a. 无用的，无效的，无益的[机] 无用，无价值，无效
harmony	'hɑ:mәni	n. 协调，和睦，调和[电] 和声学
forbid	fә'bid	vt. 禁止，不准，妨碍[法] 不许，禁止，阻止
goat	gәut	n. 山羊，替罪羊，色鬼
banana	bә'nɑ:nә	n. 香蕉
fortunate	'fɒ:tʃәnit	a. 幸运的，幸福的
temptation	temp'teiʃәn	n. 诱惑，诱惑物[法] 诱惑，诱惑物
underline	'ʌndәlain	vt. 在……下面划线，作……的衬里，强调n. 下划线，图下说明文字[计] 加下划线; 下划线
beard	biәd	n. 胡须vt. 抓住胡须，公开反对
brake	breik	n. 刹车，阻碍，丛林v. 刹车
fur	fә:	n. 毛皮vt. 以毛皮制作，使生苔，使生水垢vi. 生苔，积水垢
slim	slim	a. 瘦的，苗条的，微小的，稀少的，微薄的vi. 变苗条vt. 使苗条
thread	θred	n. 线，丝，纤维，线索vt. 穿线于，穿过，通过，用线穿成vi. 穿过[计] 线索，线程
nursing	'nә:siŋ	n. 看护，养育[医] 护理[法], 喂乳[法]
caution	'kɒ:ʃәn	n. 小心，慎重，警示vt. 警告[计] 警告
unpleasant	.ʌn'pleznt	a. 使人不愉快的，使人厌恶的，煞风景的
sunshine	'sʌnʃain	n. 阳光，光明，晴天
chat	tʃæt	n. 闲谈vi. 闲谈，聊天
fragile	'frædʒail	a. 易碎的，脆的[医] 脆弱的，脆的
globe	glәub	n. 球，球状物，地球仪，天体v. （使）成球状
crowded	'kraudid	a. 拥挤的，塞满的
deed	di:d	n. 行为，实行，契约vt. 立契转让
headache	'hedeik	n. 头痛，令人头痛之事[医] 头痛
fantastic	fæn'tæstik	a. 奇妙的，稀奇的，空想的
steward	'stju:wәd	n. 管理人，招待员，管家，乘务员[经] 轮船，飞机的服务员，（财务）管理员
invention	in'venʃәn	n. 发明，创作能力，虚构的故事[经] 发明
brochure	'brәuʃә	n. 小册子，小册
graduation	.grædʒu'eiʃәn	n. 毕业，得学位，分划，刻度，分等级[医] 刻度，分度，毕业
drill	dril	n. 钻孔机，钻子，播种机，粗斜纹布v. 训练，钻孔
contrary	'kɒntrәri	a. 相反的，矛盾的，对立的n. 相反，对立面adv. 相反地
grape	greip	n. 葡萄，葡萄树[医] 葡萄
arch	ɑ:tʃ	n. 拱门，拱形，足弓vt. 使成弓形vi. 拱起，成弓形a. 主要的，调皮的，傲慢无礼的，狡猾的
tiger	'taigә	n. 老虎，虎，凶暴的人
balloon	bә'lu:n	n. 气球vt. 使成气球状vi. 膨胀如气球，激增
homework	'hәumwә:k	n. 家庭作业，家里做的工作[经] 家庭作业
sofa	'sәufә	n. 沙发
mist	mist	n. 雾，迷蒙，朦胧不清vt. 使模糊，使蒙上雾vi. 变模糊，下雾
headmaster	'hed'mɑ:stә	n. （中小学）校长，监工
sweater	'swetә	n. 毛衣，毛线衫，运动衫，出汗者[化] 发汗器
minus	'mainәs	n. 负号，不足a. 减的，负的，阴性的prep. 减，缺[计] 负差
rubber	'rʌbә	n. 橡皮，橡胶，做摩擦动作的人，按摩师，决胜盘vt. 用橡胶制造，涂橡胶于
vocabulary	vә'kæbjulәri	n. 词汇（量）, 词汇表[计] 词表
printing	'printiŋ	n. 印刷，印刷术，印花[计] 打印; 印刷
noble	'nәubl	n. 贵族a. 高贵的，高尚的，贵族的，辉煌的
surplus	'sә:plәs	n. 剩余，过剩，盈余a. 过剩的，剩余的
garment	'gɑ:mәnt	n. 衣服，衣装，外表
disturbing	dis'tә:biŋ	a. 引起烦恼的，令人不安的
harvest	'hɑ:vist	n. 收获，成果，收获物，收获期v. 收割，收获
spy	spai	n. 间谍，侦探，侦察vt. 侦察，找出，发现vi. 做密探，侦查
sunny	'sʌni	a. 阳光充足的，乐观的，快乐的，像太阳的
swell	swel	n. 增大，隆起的部分，巨浪，肿胀a. 优秀的，一流的vi. 增大，膨胀，肿胀，增强，骄傲vt. 使膨胀，使增大，使上涨，使骄傲
shorts	ʃɔ:ts	n. 短裤，（美）男人的短衬裤[经] 空头户，空头，短期债券
bride	braid	n. 新娘
biography	bai'ɒgrәfi	n. 传记
foreigner	'fɒ:rinә	n. 外国人，外地人[法] 外国人，进口货，外国货
convenience	kә'vi:njәns	n. 方便，便利的事物，方便的时候
fog	fɒg	n. 雾，迷惑，（割后的）最生草，苔藓vi. 被雾笼罩，变模糊vt. 使困惑，以雾笼罩
butterfly	'bʌtәflai	n. 蝴蝶[医] 蝶式棉块，翼形皮癣，纸蝶
accelerate	әk'selәreit	v. 加速，促进
bargain	'bɑ:gin	n. 交易，买卖协定，特价商品v. 讲价，交易
nationwide	'neiʃәnwaid	a. 全国性的[法] 全国的，全国范围的
spit	spit	n. 唾液，唾吐，小雨，炙叉，一铲的深度vt. 唾吐，吐出，降小雨，用炙叉穿过vi. 吐唾沫，吐痰，唾弃，飘霏霏细雨
parcel	'pɑ:sl	n. 包裹，部分，片vt. 分配，打包a. 部分的adv. 局部地
crossing	'krɒsiŋ	n. 横越，横渡，交叉点，渡口[经] 划线
laundry	'lɒ:ndri	n. 洗衣店，洗好的衣服，洗涤[机] 洗衣作，洗衣店，洗衣房
apology	ә'pɒlәdʒi	n. 道歉，辩护[法] 道歉，谢罪，辩解者
pronounce	prә'nauns	v. 发音，宣告，断言
dislike	dis'laik	n. 嫌恶vt. 讨厌，不喜欢
website		n. 网站（全球资讯网的主机站）
sickness	'siknis	n. 疾病，不健康，呕吐[医] 病
obey	ә'bei	vt. 服从，遵从，顺从vi. 服从
fond	fɒnd	a. 喜欢的，宠爱的，温柔的
hammer	'hæmә	n. 锤，铁锤，钉锤vt. 锤打，敲打，钉vi. 连续锤打[计] 锤头
smoking	'smәukiŋ	n. 抽烟，冒烟[医] 烟熏; 吸烟
queue	kju:	n. 辫子，一队人，队列vt. 使排队，将……梳成辫子vi. 排队[计] 队列
betray	bi'trei	vt. 出卖，背叛，辜负，暴露[法] 出卖，背叛，泄漏
telegraph	'teligrɑ:f	n. 电报，电报机vi. 打电报vt. 打电报给，电汇，流露，显示出要……的样子
recorder	ri'kɒ:dә	n. 记录员，录音机n. 记录器[计] 宏录制器，记录器
polite	pә'lait	a. 有礼貌的，文雅的，客气的，有教养的
foolish	'fu:liʃ	a. 愚蠢的，傻的
challenging	'tʃælindʒiŋ	a. 挑战的，引起争论的
aboard	ә'bɒ:d	adv. 在船上，在火车上，在飞机上prep. 在……之上
delicious	di'liʃәs	a. 美味的
mercy	'mә:si	n. 仁慈，宽恕，慈悲，怜悯，幸运[法] 权宜处置权，决定权，宽恕
worm	wә:m	n. 虫，蠕虫，小人物，螺纹，蜗杆vi. 蠕行，慢慢前进vt. 使蠕行，慢慢地走，除虫[计] 蠕虫病毒
accumulate	ә'kju:mjuleit	v. 积聚，堆积
authentic	ɒ:'θentik	a. 可靠的，可信的，真正的[法] 被认证的，确认的，可信的
probable	'prɒbәbl	a. 很可能的，大概的，可信的n. 很有希望的候选人，很可能的事情
unconscious	.ʌn'kɒnʃәs	a. 未意识到的，无意识的，无知觉的[医] 人事不省的，神志丧失的; 无意识的
scar	skɑ:	n. 疤痕，伤痕，悬崖vi. 结疤，愈合，痊愈vt. 使有伤痕
multiply	'mʌltiplai	v. 繁殖，乘，增加[计] 乘
sailor	'seilә	n. 水手，船员，海员[法] 水手，船员，海员
amateur	'æmәtә	n. 业余爱好者，外行，爱好者[电] 业余家
cleaner	'kli:nә	n. 清洁工人，清洁剂，干洗商[化] 滤清器; 除垢器; 洗净剂; 清洁剂
chemist	'kemist	n. 化学家，药剂师[化] 化学家; 化学师; 化学工作者; 药剂师; 药房
cheerful	'tʃiәful	a. 快活的，高兴的，兴高采烈的
attain	ә'tein	vt. 达到，获得vi. 达到
frighten	'fraitn	vt. 使惊吓vi. 惊恐
disagreement	.disә'gri:mәnt	n. 不合，争论，不一致[法] 不一致，不同意，陪审团的意见不一
cowboy	'kaubɒi	n. 牛仔，牛郎，牧童
snatch	snætʃ	n. 抢夺，攫取，片断vt. 夺取，攫取vi. 想抢走，攫取
ninth	nainθ	num. 第九，九分之一
rob	rɒb	v. 抢夺，抢掠，剥夺
inland	'inlәnd	a. 内陆的，国内的n. 内地
weep	wi:p	n. 哭，哭泣vi. 哭泣，流泪，哀悼，滴落vt. 哭着使……, 悲叹，滴下
choir	'kwaiә	n. 唱诗班，唱诗班的席位v. 合唱
hydrogen	'haidrәdʒәn	n. 氢[化] 氢H-2
vinegar	'vinigә	n. 醋，尖酸刻薄vt. 加醋于
boxing	'bɒksiŋ	n. 拳击[医] 围模（牙科）
hopeful	'hәupful	n. 有希望之人，有前途之人a. 有希望的，怀抱希望的，保持乐观的
dive	daiv	n. 潜水，跳水vi. 跳水，俯冲，猛冲vt. 把……突然伸入
junk	dʒʌŋk	n. 垃圾，乌七八糟的东西，舢板[计] 清除
leak	li:k	n. 漏洞，漏处，漏出，泄漏vi. 漏，泄漏vt. 使渗漏
maid	meid	n. 少女，未婚女子，女仆
subjective	sәb'dʒektiv	a. 主观的，个人的[医] 主观的，自觉的
snack	snæk	n. 小吃，点心，快餐vi. 吃零食，吃快餐
ending	'endiŋ	n. 终止，终了，收场[医] 末梢
ink	iŋk	n. 墨水，墨汁vt. 涂墨水于，签署，加墨水
adaptation	.ædæp'teiʃәn	n. 适应，改编，改编本[医] 适应[作用]
backward	'bækwәd	adv. 向后地，相反地a. 向后的，相反的[计] 倒推
appetite	'æpitait	n. 食欲，欲望，爱好[医] 食欲
bleed	bli:d	vi. 流血，悲痛，渗出vt. 使出血，榨取
choke	tʃәuk	vt. 窒息，阻塞，噎，抑制vi. 窒息，阻塞，噎n. 窒息，噎，阻气门
pea	pi:	n. 豌豆，似豌豆的东西
cautious	'kɒ:ʃәs	a. 谨慎的，小心的
noisy	'nɒizi	a. 嘈杂的，喧闹的[机] 噪声的，嘈杂的
classmate	'klɑ:smeit	n. 同班同学
confidential	.kɒnfi'denʃәl	a. 机密的，获他人信赖的，易于信任他人的[经] 秘密件
thorough	'θʌrә	a. 十分的，彻底的
gown	gaun	n. 睡衣，法衣，大学全体师生vt. 使穿睡衣
daylight	'deilait	n. 白昼，日光vt. 使沐浴于日光vi. 享有日光
chorus	'kɒ:rәs	n. 合唱队，齐声v. 齐声说道，合唱
fountain	'fauntin	n. 水源，源，喷泉，泉水，本源[医] 泉
underground	'ʌndәgraund	n. 地下，地铁，地道，秘密活动a. 地下的，秘密的adv. 在地下，秘密地
sour	'sauә	a. 酸的，酸臭的，发酵的，愠怒的，讨厌的，拙劣的，不健全的vi. 变酸，发酵，厌烦，变坏vt. 使变酸，使失望n. 酸味，酸饮料
passport	'pæspɒ:t	n. 护照，手段，通行证[法] 通行证，护照
erupt	i'rʌpt	vi. 爆发vt. 喷出
ashamed	ә'ʃeimd	a. 惭愧的，羞耻的
triangle	'traiæŋgl	n. 三角形，三个一组，三角关系[医] 三角，三角形
dusty	'dʌsti	a. 灰尘多的，无聊的，含糊的，粉末状的
breakthrough	'breikθru:	n. 突破[经] 突破，新发现，新进展
postpone	pәust'pәun	vt. 延迟，使延期，缓办，搁延vi. 延缓，延缓发作
dinosaur	'dainәsɒ:	n. 恐龙
excite	ik'sait	vt. 刺激，使兴奋，激励
sincerely	sin'siәli	adv. 真诚地
arbitrary	'ɑ:bitrәri	a. 任意的，武断的，专治的，霸道的
amusement	ә'mju:zmәnt	n. 兴味，娱乐，消遣[法] 娱乐，娱乐活动
frog	frɒg	n. 青蛙[医] 蛙，马蹄叉
keyboard	'ki:bɒ:d	n. 键盘[计] 键盘
vanilla	vә'nilә	n. 香草，香子兰
wounded		a. 受伤的[法] 受伤者; 受伤的，受了损害的
insure	in'ʃuә	vt. 保险，确保vi. 投保
mainland	'meinlәnd	n. 大陆，本土[法] 大陆
grill	gril	n. 烤架，铁格子，烤肉v. 烧，烤，严加盘问，给……装栅栏
balcony	'bælkәni	n. 阳台，戏院楼厅
burial	'beriәl	n. 埋葬，葬礼[法] 埋葬，葬礼
theirs	ðєәz	pron. 他们的
strawberry	'strɒ:bәri	n. 草莓
loudly	'laudli	adv. 高声地，大声地，吵闹地
portable	'pɒ:tәbl	a. 可携带的，可搬运的，可移动的[计] 可移植的
sniff	snif	n. 以鼻吸气，嗅，气息vi. 嗅，蔑视，嗤之以鼻vt. 闻，用力吸，发觉
tease	ti:z	n. 揶揄，戏弄，逗惹vt. 戏弄，取笑，强求，梳理，使起毛
waiter	'weitә	n. 侍者
jam	dʒæm	n. 果酱，拥塞之物，堵塞，困境vt. 挤进，使塞满，混杂，压碎，使堵塞vi. 堵塞，轧住，拥挤
hometown	hәum'taun	n. 故乡，家乡
tokyo	'tәukjәu	n. 东京[经] 东京
settler	'setlә	n. 移民者，解决者，结算员[化] 沉淀池; 沉降器; 澄清槽
autonomous	ɒ:'tɒnәmәs	a. 自治的[医] 自主的
sadness	'sædnis	n. 悲哀，悲伤
glare	glєә	n. 闪耀光，刺眼vi. 发眩光，瞪视vt. 瞪眼表示
firefighter	ˈfaɪəfaɪtə(r)	n. <美>消防队员
egyptian	i'dʒipʃәn	n. 埃及人a. 埃及的，埃及人的
modem	'mәudem	n. 调制解调器[计] 调制解调器
visa	'vi:zә	n. 签证vt. 签发
coincidence	kәu'insidәns	n. 巧合，同时发生[电] 符合计数器
overhead	'әuvәhed	n. 经常开支，普通用费，天花板a. 在头上的，高架的adv. 在头顶上，在空中，在高处，从头到脚全部没入地[计] 总开销; 额外开销
goose	gu:s	n. 鹅，雌鹅，鹅肉，弯把熨斗vt. 与……性交，突然加大油门，使生色，喝倒彩
fireplace	'faiәpleis	n. 壁炉
peach	pi:tʃ	n. 桃子，桃树，桃色，美人儿，极好的事物vt. 告发vi. 告密，检举
vivid	'vivid	a. 生动的，鲜明的，鲜艳的，活泼的，逼真的，清晰的
poison	'pɒizn	n. 毒药，毒，毒物，有毒害的事物vt. 毒害，毒杀，使中毒vi. 放毒，下毒
umbrella	ʌm'brelә	n. 伞，雨伞，保护伞a. 伞的，包罗万象的vt. 用伞遮掩
labourer	'leibәrә	n. 劳动者，干体力工作的工人，劳工[机] 劳动者
nutrition	nju:'triʃәn	n. 营养，营养学[医] 营养，营养品
physicist	'fizisist	n. 物理学家，机械唯物论者，自然科学家[医] 菲西克氏手术（虹膜圆片切除）
maple	'meipl	n. 枫，枫木，淡棕色[机] 枫木
salesman	'seilzmәn	n. 售货员，推销员[经] 售货员，店员，推销员
aluminium	.ælju'miniәm	n. 铝a. 铝的
unwilling	.ʌn'wiliŋ	a. 不愿意的，勉强的[法] 不愿意的，勉强的，不服从的
plug	plʌg	n. 塞子，栓，插头vt. 插入，塞住，接插头vi. 被塞住
wallet	'wɒlit	n. 皮夹[法] 皮包，皮夹，钱袋
heap	hi:p	n. 堆，许多，累积vt. 堆积，装满[计] 堆
suitcase	'sju:tkeis	n. 手提箱
fried	fraid	a. 油炸的
picnic	'piknik	n. 野餐，远足，愉快的经历vi. 去野餐，远足
gardening	'gɑ:dniŋ	n. 园艺（学）
feast	fi:st	n. 宴会，酒席，享受，节日vt. 款待，享乐，请客vi. 参加宴会，尽情地吃，享受
interpreter	in'tә:pritә	n. 直译程序，解释者，口译者，注释器[计] 注释器
collision	kә'liʒәn	n. 碰撞，冲突，抵触[计] 冲突
dash	dæʃ	n. 冲撞，破折号，短跑vi. 猛冲，冲撞vt. 泼溅，使猛撞，搀和，使破灭，使沮丧
rude	ru:d	a. 粗鲁无礼的，粗陋的，粗暴的，原始的，未开化的，大略的，崎岖不平的，狂暴的
mat	mæt	n. 垫，丛，衬边a. 粗糙的，无光泽的vi. 纠缠在一起vt. 铺席于……上，使无光泽，使缠结
unsuccessful	.ʌnsәk'sesful	a. 不成功的
astronaut	'æstrәnɒ:t	n. 太空旅行者，宇航员[法] 美国太空人
flu	flu:	n. 流感，流行性感冒
sausage	'sɒsidʒ	n. 香肠，腊肠
mosquito	mә'ski:tәu	n. 蚊子[医] 蚊
nationality	.næʃә'nælәti	n. 国籍，国家，民族性[法] 国家，民族，国民
absurd	әb'sә:d	a. 荒谬的，不合理的，可笑的n. 荒诞
optional	'ɒpʃәnl	a. 可选择的，随意的[化] 选购的
aloud	ә'laud	adv. 出声地，大声地
puzzled		a. 困惑的，迷惑的
cigar	si'gɑ:	n. 雪茄
rainbow	'reinbәu	n. 彩虹a. 五彩缤纷的
recreation	.rekri'eiʃәn	n. 娱乐，消遣，休息，再创造[医] 娱乐，休养
sailing	'seiliŋ	n. 航行，航海术，启航a. 航行的
applaud	ә'plɒ:d	v. 拍手喝彩，称赞，赞同
chimney	'tʃimni	n. 烟囱，灯罩[电] 烟囱
cube	kju:b	n. 立方体，立方[机] 立方体，立方
litre	li:tә(r)	n. 升，公升[计] 升
swiss	swis	n. 瑞士人，瑞士腔调a. 瑞士的，瑞士风格的
fax	fæks	n. 传真vt. 发传真[计] 传真系统; 传真
facial	'feiʃәl	n. 美颜，脸部按摩a. 脸的，表面的，脸部用的
sunset	'sʌnset	n. 日落，晚年
housewife	'hauswaif	n. 主妇，家庭妇女
antique	æn'ti:k	n. 古董，古物a. 古老的，古风的，旧式的，过时的
toast	tәust	n. 吐司，烤面包，干杯vt. 敬酒，烤，使暖和vi. 烤，烘
courtyard	'kɒ:tjɑ:d	n. 庭院，天井
skate	skeit	n. 溜冰，冰鞋vi. 滑冰，滑过
cough	kɒf	n. 咳嗽vi. 咳嗽vt. 咳出
communism	'kɒmjunizm	n. 共产主义
armchair	.ɑ:m'tʃєә	n. 扶手椅
socket	'sɒkit	n. 窝，穴，插座，眼窝vt. 插进插座[计] 套接字
stain	stein	n. 污染，污点，着色剂vt. 沾染，染污，着色vi. 变脏
shave	ʃeiv	n. 修面，刮胡子，幸免，剃刀vt. 修面，剃，修剪，掠过vi. 刮脸，勉强通过
spelling	'speliŋ	n. 拼，拼字，拼法[计] 拼写检查
brewery	'bru:әri	n. 啤酒厂，酿酒厂[经] 酿造所
kettle	'ketl	n. 茶壶，罐[化] 釜体釜; 锅
sixteenth	'siks'ti:nθ	num. 第十六，十六分之一
coral	'kɒrәl	n. 珊瑚，珊瑚色[化] 珊瑚
playground	'pleigraund	n. 运动场，操场，度假胜地，活动场所
delete	di'li:t	vt. 删除[计] 删除
recycle	.ri:'saikl	vt. 使再循环，重新利用，再制n. 再循环
harmful	'hɑ:mful	a. 有害的，伤害的
ant	ænt	n. 蚂蚁
symphony	'simfәni	n. 交响乐，交响曲
terrify	'terifai	vt. 使恐惧，恐吓
bark	bɑ:k	n. 树皮，吠声vi. 吠，叫骂vt. 喊出，剥树皮
microwave	'maikrәuweiv	n. 微波[计] 微波
corrupt	kә'rʌpt	a. 腐败的，贪污的，讹误充斥的vt. 使腐烂，腐蚀，使恶化vi. 腐烂，堕落
thrill	θril	n. 震颤，激动，刺激性，一阵激动vi. 震颤，颤抖，激动vt. 使激动，使颤动
kite	kait	n. 风筝，筝帆，空头支票，骗子vi. 象风筝一样飞，轻快地移动，使用空头支票vt. 使上升，骗钱
transparent	træns'pærәnt	a. 透明的，显然的，清晰的[计] 透明
saying	'seiiŋ	n. 叙述，话，说，言论
easter	'i:stә	n. 复活节
conductor	kәn'dʌktә	n. 领导者，指挥者，售票员，向导[化] 导体
whichever	hwitʃ'evә	pron. 无论那一个，任何一个
freezing	'fri:ziŋ	a. 冰冻的，冷冻用的，严寒的[化] 冻结; 冻结作用; 凝固; 凝固作用
fairness	'fєәnis	n. 晴朗，光明正大，美丽[经] 公正，适当
swap	swɒp	n. 以货易货v. 交换，替换，交易[计] 交换
tense	tens	a. 紧张的，拉紧的v. （使）紧张，（使）拉紧n. 时态
postcard	'pәustkɑ:d	n. 明信片
correction	kә'rekʃәn	n. 订正，改正，改正的地方[化] 校正
acquaintance	ә'kweintәns	n. 认识，相识者
tick	tik	n. 滴答声，一瞬间，壁虱，褥套，信用，赊欠vi. 滴答响，活动vt. 滴答地记录，标记号于
swift	swift	n. 褐雨燕，快速爬行的小蜥蜴，蝙蝠蛾，大滚筒a. 迅速的，快的，敏捷的，立刻的adv. 迅速地，敏捷地
handy	'hændi	a. 便利的，敏捷的，容易取得的[化] 便于使用的; 易操作的
rag	ræg	n. 碎布，抹布，碎片，碎屑，少量，破旧衣服vt. 责骂，揶揄，戏弄vi. 喧闹
chalk	tʃɒ:k	n. 粉笔，白垩vt. 用粉笔写，记录
pedestrian	pә'destriәn	n. 行人，步行者a. 人行的，徒步的，呆板的，通俗的，平淡无奇的
hobby	'hɒbi	n. 嗜好，癖好，爱好
enjoyable	in'dʒɒiәbl	a. 可从中得到乐趣的，令人愉快的
gallon	'gælәn	n. 加仑[医] 加仑
congratulate	kәn'grætʃәleit	vt. 祝贺，庆贺
cellar	'selә	n. 地窖，地下室，藏酒
circus	'sә:kәs	n. 马戏团，马戏，竞技场
dentist	'dentist	n. 牙科医生[医] 牙医师
motorcycle	'mәutәsaikl	n. 摩托车[机] 机动车，机踏车，摩托车
ripe	raip	a. 成熟的，熟练的，成年的[医] 成熟的
unbelievable	.ʌnbi'li:vәbl	a. 难以置信的
jewel	'dʒu:әl	n. 珠宝，贵重物，镶珠宝的饰物vt. 饰以珠宝，镶以宝石
hen	hen	n. 母鸡，雌禽
bureaucratic	bjuәrәu'krætik	a. 官僚的[经] 机僚化的
cushion	'kuʃәn	n. 垫子，橡皮软垫vt. 加垫褥，缓冲，掩盖
dial	'daiәl	n. 刻度盘，钟面，转盘v. 拨
bacon	'beikәn	n. 熏猪肉[机] 腌肉
mustard	'mʌstәd	n. 芥末，芥菜，强烈的兴趣[医] 芥子; 芥属植物
villager	'vilidʒә	n. 村民
arctic	'ɑ:ktik	a. 北极的，极寒的n. 北极圈，北极
zoo	zu:	n. 动物园
kindergarten	'kindә.gɑ:tn	n. 幼稚园
quilt	kwilt	n. 棉被vt. 加软衬料后缝制，东拼西凑地编vi. 缝被子
pyramid	'pirәmid	n. 角锥，金字塔v. （使）成金字塔状，（使）渐增，（使）上涨
tomb	tu:m	n. 坟墓，死亡vt. 埋葬
bachelor	'bætʃәlә	n. 单身汉，学士[法] 学士，单身汉
unrest	.ʌn'rest	n. 不安的状态，动荡的局面[医] 不安
scarf	skɑ:f	n. 围巾，头巾，领带，领巾，嵌接vt. 用围巾围，嵌接
freeway	'fri:wei	n. 高速公路
upward	'ʌpwәd	a. 向上的adv. 以上
ham	hæm	n. 火腿，后腿，笨拙演员a. 过火的，做作的v. 演得过火
twelfth	twelfθ	num. 第十二，十二分之一
roller	'rәulә	n. 滚筒，滚轴，压路机[化] 滚柱; 托辊
bookstore	'bukstɒ:	n. 书店
novelist	'nɒvәlist	n. 小说家
abundant	ә'bʌndәnt	a. 丰富的，充分的，大量的
lazy	'leizi	a. 懒惰的，怠惰的，缓慢的vi. 懒散
diploma	di'plәumә	n. 文凭，毕业证书[医] 文凭
ample	'æmpl	a. 大量的，充足的，丰富的
sorrow	'sɒrәu	n. 悲伤，哀惜，不幸vi. 悲伤，懊悔，遗憾
volcano	vɒl'keinәu	n. 火山
greeting	'gri:tiŋ	n. 祝贺，问候
awesome	'ɒ:sәm	a. 引起敬畏的，可怕的
enlarge	in'lɑ:dʒ	vt. 扩大，增大vi. 扩大，详述
nephew	'nefju:	n. 侄子，外甥
foresee	fɒ:'si:	vt. 预见，预知
vacant	'veikәnt	a. 空的，空白的，空虚的，空闲的，茫然的，空缺的[法] 空的，空虚的，闲暇的
altitude	'æltitju:d	n. 高度，海拔，高处[电] 高度
flashlight	'flæʃlait	n. 手电筒，闪光信号灯
tidy	'taidi	n. 椅子的背罩，装杂物的容器a. 整齐的，有条理的vt. 弄整齐，收拾，整理vi. 整理，收拾
hardship	'hɑ:dʃip	n. 艰难，辛苦，苦难[法] 受苦，吃苦，苦难
outing	'autiŋ	n. 郊游，远足a. 远足适用的
download		[计] 卸载，下栽
hopeless	'hәuplis	a. 无希望的，绝望的，不可救药的
waitress	'weitris	n. 女侍者，女服务员
aeroplane	'єәrәplein	n. 飞机[机] 飞机
recite	ri'sait	v. 背诵，朗读，叙述
cuisine	kwi:'zi:n	n. 烹调风格，烹调法，烹饪，厨房
wrestle	'resl	n. 摔跤，角力，扭斗vi. 摔跤，搏斗，斗争，斟酌vt. 与（对手）摔跤
undo	.ʌn'du:	vt. 解开，取消，破坏，毁灭，扰乱vi. 松开[计] 撤消
sceptical	'skeptikl	a. 怀疑论的，怀疑的
ecology	i:'kɒlәdʒi	n. 生态学，社会生态学[化] 生态学
accustomed	ә'kʌstәmd	a. 惯常的，习惯了的
ambiguous	æm'bigjuәs	a. 不明确的，模棱两可的[法] 意思含糊的，模棱两可的，暧昧的
sew	sәu	vt. 缝纫，缝合，缝vi. 缝纫
marathon	'mærәθәn	n. 马拉松，耐力的考验
whistle	'hwisl	n. 口哨，汽笛，啸啸声，口哨声vi. 吹口哨，鸣汽笛，发嘘嘘声vt. 用口哨或吹哨传意，用口哨演奏
porter	'pɒ:tә	n. 大楼管理员，门房，搬运工人，侍者，服务员[化] 搬运车; 搬运工人
devotion	di'vәuʃәn	n. 热爱，投入
astronomy	ә'strɒnәmi	n. 天文学
scenery	'si:nәri	n. 风景，景色，舞台布景
mankind	mæn'kaind	n. 人类，男性
muddy	'mʌdi	a. 泥泞的，浑浊的，模糊的vt. 使污浊，使沾上泥污
hillside	'hilsaid	n. 山坡，山腹
litter	'litә	n. 垃圾，杂乱，轿，担架vt. 乱丢，铺草，弄乱vi. 产仔，乱丢垃圾
voyage	'vɒiidʒ	n. 航行，航海，航程，旅行，航空vi. 航海，航行vt. 航行越过，飞过
stocking	'stɒkiŋ	n. 长袜[医] 马足水肿; 长袜
frenchman	'frentʃmәn	n. 法国人
underwear	'ʌndәwєә	n. 内衣
hay	hei	n. 干草vt. 制干草，供给干草vi. 晒干草
bungalow	'bʌŋgәlәu	n. 平房
thunder	'θʌndә	n. 雷，雷声vi. 打雷，轰隆地响，怒喝vt. 大声喊出，轰隆地发出
disgusting	dis'gʌstiŋ	a. 令人厌恶的
comrade	'kɒmreid	n. 同志，伙伴
tractor	'træktә	n. 牵引器，拖拉机，拉纸器[计] 进纸器
abnormal	æb'nɒ:mәl	a. 反常的，不规则的，变态的，畸形的n. 畸形的人
vase	veis	n. 花瓶，瓶
sideways	'saidweiz	adv. 向旁边，向侧面地a. 旁边的，向侧面的
necklace	'neklis	n. 项链
blouse	blauz	n. 宽松的上衣
bookshop	'bukʃɒp	n. 书店
perfume	'pә:fju:m	n. 香水，香气，（悦人的）气氛，美名vt. 洒香水于，薰香，使充满香气
oval	'әuvәl	n. 椭圆形a. 卵形的，椭圆形的
pest	pest	n. 令人讨厌之物，有害之物，害虫，瘟疫[医] 鼠疫，瘟疫
overweight	'әuvә'weit	n. 超过重量，过重，优势a. 超过重量的，超重的vt. 使超重，重于，过于重视
spoken	'spәukәn	a. 口头讲的，口语的speak的过去分词
grandson	'grændsʌn	n. 孙子，外孙
smoker	'smәukә	n. 吸烟者，吸烟的人，吸烟车厢，（美）（非正式）蒸汽火车头
catastrophe	kә'tæstrәfi	n. 大灾难，大祸[化] 突变
messy	'mesi	a. 散乱的，污秽的，麻烦的
violin	.vaiә'lin	n. 小提琴
learned	'lә:nid	a. 有学问的，学术上的learn的过去式和过去分词
vest	vest	n. 背心，汗背心vt. 使穿衣服，授予vi. 穿衣服，归属
cyclist	'saiklist	n. 骑脚踏车的人
tram	træm	n. 电车轨道，煤车，纬纱，纬丝vt. 用煤车运载vi. 乘电车
handkerchief	'hæŋkәtʃif	n. 手帕，头巾，围巾
clap	klæp	n. 拍手，拍手声，霹雳声，花柳病v. 鼓掌，（使）啪地关上
radioactive	.reidiәu'æktiv	a. 放射性的，有放射能的[医] 放射性的，放射的
mourn	mɒ:n	v. 哀悼，忧伤，服丧
millionaire	.miljә'nєә	n. 百万富翁，大富豪[经] 大资本家，巨富，百万富翁
barbecue	'bɑ:bikju:	n. 烤肉vt. 烤肉，烧烤
translator	træn'leitә	n. 翻译者[计] 翻译程序; 翻译器
paperwork	'peipәwә:k	n. 文书工作
worse	wә:s	n. 更坏的事，更恶劣的事，败局a. 更坏的，更恶劣的adv. 更坏地，更恶劣地
prairie	'prєәri	n. 大草原，草甸
pear	pєә	n. 梨子，梨树，梨木[机] 梨木
contradict	.kɒntrә'dikt	vt. 反驳，与……抵触，与……矛盾vi. 反驳
subscribe	sәb'skraib	vt. 捐献，签署vi. 赞成，同意，捐款，预订，认购[计] 订阅
chant	tʃænt. tʃɑ:nt	n. 圣歌，赞美诗v. 吟唱，诵扬
loaf	lәuf	n. 一条面包，块，游荡v. 游手好闲，虚度光阴
sow	sau. sәu	n. 母猪，懒胖女人vt. 播种，散布，使密布vi. 播种
adolescence	.ædәu'lesәns	n. 青春期[医] 青年期，青春期
squirrel	'skwә:rәl	n. 松鼠，松鼠毛皮vt. 贮藏
energetic	.enә'dʒetik	a. 精力充沛的，积极的
cosy		a. 温暖舒适的n. 保暖套
claw	klɒ:	n. 爪，螯，抓伤v. 用爪抓，挖，搜刮
frost	frɒst	n. 霜，冰冻，冷漠vt. 覆着霜，冻结，结霜vi. 受冻，起霜
chess	tʃes	n. 国际象棋[建] 雀麦
camel	'kæml	n. 骆驼，打捞浮筒
irrigation	.iri'geiʃәn	n. 灌溉，冲洗[医] 冲洗法，灌溉
cabbage	'kæbidʒ	n. 卷心菜[医] 卷心菜，甘兰
harmless	'hɑ:mlis	a. 无害处的，未受损害的，无辜的，无恶意的[法] 无害的，无恶意的，无损害的
selfish	'selfiʃ	a. 自私的，利己主义的，自我中心的
kindness	'kaindnis	n. 仁慈，亲切，和蔼
lavatory	'lævәtәri	n. 洗脸盆，厕所
sunglasses		n. 太阳镜，墨镜，太阳眼镜
incorrect	.inkә'rekt	a. 不正确的[法] 不正确，错误的，不适当的
compass	'kʌmpәs	n. 指南针，范围，音域vt. 包围，达到，图谋，理解
canteen	kæn'ti:n	n. 水壶，军中俱乐部，临时流动餐馆，小卖部
simplify	'simplifai	vt. 单一化，简单化
cafeteria	.kæfi'tiәriә	n. 自助餐厅[经] 自助餐厅
fry	frai	n. 油炸食物，鱼苗v. 油炸，煎
contradictory	.kɒntrә'diktәri	a. 反驳的，反对的，抗辩的n. 矛盾因素，对立物
nylon	'nailɒn	n. 尼龙[化] 尼龙; 聚酰胺纤维
embarrass	im'bærәs	vt. 使困窘，使局促不安，阻碍
oneself	wʌn'self	pron. 自己，亲自
fasten	'fɑ:sәn	vt. 拴紧，使固定，系，集中于，强加于vi. 扣紧
luggage	'lʌgidʒ	n. 行李，皮箱
moustache	'mʌstæʃ	n. 髭，小胡子，触须
granny	'^ræni	n. 奶奶，老奶奶，老婆婆，外婆，婆婆妈妈的人，唠叨挑剔的人，接生婆
vice	vais	n. 恶习，恶行，罪恶，堕落，缺陷，恶癖，老虎钳vt. 钳住prep. 代替
dusk	dʌsk	n. 薄暮，傍晚，黄昏a. 微暗的v. （使）微暗
wax	wæks	n. 蜡，蜡状物，一阵发怒，增加，（月亮）渐盈vi. 变大，增大，月亮渐满vt. 上蜡于
sob	sɒb	vi. 啜泣，呜咽vt. 哭诉，哭得使n. 啜泣，呜咽
franc	fræŋk	n. 法郎
seaman	'si:mәn	n. 船员，海员，水兵[法] 海员，水手，精通海事者
handbag	'hændbæg	n. 手提包
glue	glu:	n. 胶，粘性物vt. 粘合，胶合
chick	tʃik	n. 小鸡，小鸟，竹帘
burglar	'bә:glә	n. 窃贼[法] 夜盗，窃贼，盗窃者
microscope	'maikrәuskәup	n. 显微镜[化] 显微镜
cooker	'kukә	n. 炊事用具，炉灶，锅，炊具，烹饪用水果，窜改者，伪造者[化] 蒸锅
baggage	'bægidʒ	n. 行李[经] 行李
housework	'hauswә:k	n. 家事，家务
sunrise	'sʌnraiz	n. 日出，黎明，拂晓
comb	kәum	n. 头梳，鸡冠vt. 梳头发，梳毛vi. （浪）涌起
pancake	'pænkeik	n. 薄烤饼，薄煎饼，烙饼
friction	'frikʃәn	n. 摩擦，摩擦治疗，不和[医] 摩擦
offshore	ɒ:f'ʃɒ:	a. 海面的，吹向海面的，近海的adv. 向海面
dine	dain	vi. 用正餐，进餐vt. 宴请
hatch	hætʃ	n. 孵化，舱口vt. 孵，孵出，策划vi. 孵化
bowling	'bәuliŋ	n. 保龄球戏
merry	'meri	a. 快乐的，愉快的，嬉戏作乐的
sleepy	'sli:pi	a. 困乏的，欲睡的
clone	klәun	n. 无性系[计] 代用件
razor	'reizә	n. 剃刀vt. 剃
starve	stɑ:v	v. （使）饿死，（使）挨饿
niece	ni:s	n. 侄女，甥女
rainy	'reini	a. 下雨的，多雨的
microcomputer	.maikrәu'kɒmpjutә	n. 微电脑，微机[计] 微型计算机; 微计算机
capsule	'kæpsju:l	n. 胶囊，蒴果，瓶帽，航天舱[化] 胶囊剂
hamburger	'hæmbә:gә	n. 汉堡（德国港口）, 肉饼，汉堡包，纯精牛肉，汉堡牛排
liberate	'libәreit	vt. 解放，释放，使自由[机] 释出，放出
founding	'faundiŋ	[计] 铸造
preview	'pri:vju:	n. 事先查看，预览vt. 事先查看，预演[计] 预览
sharpen	'ʃɑ:pn	vt. 使尖锐，使敏捷，加重，削尖vi. 尖锐化，变锋利
stubborn	'stʌbәn	a. 顽固的，不听话的，执拗的，棘手的
bathe	beið	vt. 沐浴，用水洗vi. 洗澡
tentative	'tentәtiv	n. 试验a. 试验性的，暂时的
outdoors	'aut'dɒ:z	n. 户外，野外活动adv. 在户外，在野外
seaside	'si:said	a. 海边的，海滨的n. 海滨
mend	mend	n. 改进，修补，好转vt. 修改，改进，加快，修理vi. 好转，改善
digest	di'dʒest	n. 文摘vi. 消化vt. 消化，理解[计] 摘要
midday	'middei	n. 正午，中午a. 正午的
savage	'sævidʒ	a. 未开化的，野蛮的，无礼的，残酷的，原始的，粗鲁的，未开发的vt. 用暴力对付，凶猛攻击n. 原始人，粗鲁人
rewrite	ri:'rait	vt. 重写，改写，改写新闻，书面答复vi. 修改旧作n. 改写的作品[计] 重写
unmarried	.ʌn'mærid	a. 未婚的，单身的[法] 未婚的，独身的
typewriter	'taip.raitә	n. 打字机
roast	rәust	n. 烤肉，烘烤，嘲笑a. 烘烤的，烤过的vt. 烤，炙，烘焙，嘲笑vi. 烤，炙，烘焙
careless	'kєәlis	a. 粗心的，不关心的，无忧无虑的
outgoing	'autgәuiŋ	n. 外出，开支，流出a. 喜欢外出的，即将离职的，乐于助人的
adore	ә'dɒ:	vt. 崇拜，爱慕，喜爱vi. 崇拜，爱慕
drawback	'drɒ:bæk	n. 缺点，退税[法] 退款，退税
ache	eik	n. 疼痛vi. 痛，哀怜，渴望
annoy	ә'nɒi	vt. 使恼怒，骚扰
quarrel	'kwɒrәl	n. 吵架，反目，怨言，方头凿vi. 吵架，争论，挑剔
alcoholic	.ælkә'hɒlik	n. 酒鬼，酒精中毒者a. 酒精的
opener	'әupәnә	n. 开……的人，开局人，开创人，开具，开启工具，首项[经] 申请开证人
explorer	ik'splɒ:rә	n. 探险家，探测者，勘探器[医] 探察器
fingernail	'fiŋgәneil	n. 手指甲
cubic	'kju:bik	a. 立方体的，立方的[机] 立方的，立方体的
dynasty	'dainæsti	n. 朝代，王朝
coke	kәuk	n. 可口可乐，焦炭v. （使）成焦炭
buffet	'bʌfit	n. 自助餐，小卖部，碗橱，殴打，冲击vt. 连续打，冲击，搏斗vi. 奋斗
tailor	'teilә	n. 裁缝，成衣匠vt. 缝制，制作，使适应vi. 做裁缝
wrinkle	'riŋkl	n. 皱纹，妙计，方法，技巧vi. 起皱vt. 使起皱纹
handwriting	'hændraitiŋ	n. 笔迹
comprehension	.kɒmpri'henʃәn	n. 理解，包含
walnut	'wɒ:lnәt	n. 胡桃[机] 胡桃木
geometry	dʒi'ɒmәtri	n. 几何学[机] 几何学
volleyball	'vɒlibɒ:l	n. 排球
roundabout	'raundә.baut	a. 迂回的，委婉的n. 迂回路线
hawk	hɒ:k	n. 鹰，掠夺者，鹰派成员vi. 放鹰行猎，像鹰一般地袭击，清嗓，咳嗽vt. 捕捉，咳出，兜售，叫卖，散播
yourselves	jɔ:'selvz,jjә-,jә-	pron. 你们自己
noodle	'nu:dl	n. 面条，笨蛋
cock	kɒk	n. 公鸡，雄禽，龙头，头目，锥形小干草堆vt. 使耸立，使竖起，堆成锥形小干草堆vi. 大摇大摆地走，翘起
apron	'eiprәn	n. 围裙[医] 围裙
tanker	'tæŋkә	n. 坦克手，油船，空中加油飞机，运油飞机，油槽/水槽汽车[化] 槽车; 油槽船
carpenter	'kɑ:pintә	n. 木匠
bakery	'beikәri	n. 面包店
softball	'sɒftbɒ:l	n. 垒球运动，垒球
shortcoming	'ʃɒ:t'kʌmiŋ	n. 缺点，短处
jeep	dʒi:p	n. 吉普车vi. 乘吉普车vt. 用吉普车运
pronunciation	prәu.nʌnsi'eiʃәn	n. 发音，读法
inventor	in'ventә	n. 发明家[法] 发明人，发明家，创造者
disappoint	.disә'pɒint	vt. 使失望
bamboo	bæm'bu:	n. 竹子[医] 竹类
pianist	'piәnist	n. 钢琴家，钢琴演奏者
downward	'daunwәd	a. 向下的
stainless	'steinlis	a. 无瑕疵的，不锈的[机] 不绣的，污染的
memorize	'memәraiz	vt. 记住，熟记，背熟
reviewer	ri'vju:ә(r)	n. 评论者，书评作者，评论家，剧评家，报刊评论家
misunderstand	.misʌndә'stænd	vt. 误解，误会
spear	spiә	n. 矛，枪，持矛者，嫩枝vt. 用矛刺vi. 刺，戳a. 父系的
weekday	'wi:kdei	n. 周日，平日[计] 工作日
relay	'ri:lei	n. 驿马，替班，中继，接力vt. 分程传递，转播，使接替vi. 接力传送，转播
jog	dʒɒg	n. 轻推，轻撞，慢跑v. 轻推，（使）蹒跚行进，（使）慢跑
lantern	'læntәn	n. 灯笼，提灯，航标灯vt. 装上提灯
heroine	'herәuin	n. 巾帼英雄，烈妇，女主角[化] 海洛因; 二醋吗啡; 二乙酰吗啡
howl	haul	n. 嗥叫，吠声，号叫vi. 狂吠，咆哮，呼啸vt. 对……吼叫，狂喊着说
butcher	'butʃә	n. 屠夫，肉商，小贩vt. 屠宰，屠杀
thankful	'θæŋkfәl	a. 感谢的，感激的，欣慰的
envy	'envi	n. 羡慕，嫉妒vt. 羡慕，嫉妒
tasty	'teisti	a. 好吃的，可口的
haircut	'hєәkʌt	n. 理发，（男子的）发式
willingly	'wiliŋli	adv. 自动地，欣然地
shopkeeper	'ʃɒp.ki:pә	n. 零售商，店主，老板
boycott	'bɒikɒt	n. 联合抵制vt. 联合抵制
granddaughter	'^rændɔ:tә(r)	n. 孙女，外孙女
admirable	'ædmәrәbl	a. 可钦佩的，极好的，令人惊奇的
abrupt	ә'brʌpt	a. 突然的，唐突的，陡峭的，不连贯的
quake	kweik	vi. 颤抖，地震n. 颤抖，地震
athletics	æθ'letiks	n. 体育运动
greedy	'gri:di	a. 贪婪的，贪得的，贪吃的
starvation	stɑ:'veiʃәn	n. 饥饿，饿死[医] 绝食，饥锇（指长时期的）
outward	'autwәd	a. 向外的，表面的，外服的adv. 向外，在外，表面
amaze	ә'meiz	vt. 使吃惊
zoom	zu:m	n. 急速上升，变焦摄影，嗡嗡声vi. 猛增，急速上升，摄象机移动vt. 使摄象机移动[计] 缩放
crossroads		n. 十字路口，交叉路口，聚会的中心地点，（喻）需作抉择的重要关头，紧要关头
eyewitness	ai'witnis	n. 目击者，见证人
thriller	'θrilә	n. 使人激动的东西，使人毛骨悚然的东西，使人毛骨悚然的小说
woo	wu:	vt. 追求，向……求爱，恳求vi. 求爱，央求
clumsy	'klʌmzi	a. 笨拙的，不雅观的，粗陋的
woollen	'wulin	n. 毛织品a. 羊毛制的
rhyme	raim	n. 韵，押韵，韵文vi. 押韵vt. 使押韵，用韵诗表达
parrot	'pærәt	n. 鹦鹉，应声虫vt. 学舌，机械地模仿
gale	geil	n. 狂风，大风，定期租金[经] 地租，年金
spade	speid	n. 铲子，锄，铲刀，黑桃vt. 以锄掘，把……弄实抹平vi. 铲
scissors	'sizәz	pl. 剪刀[医] 剪
amuse	ә'mju:z	vt. 消遣，娱乐，使发笑
dizzy	'dizi	a. 晕眩的，眼花缭乱的vt. 使晕眩
juicy	'dʒusi	a. 多汁液的，生动的，多水分的
pollute	pә'lu:t	vt. 污染，弄脏，玷污[化] 污染
quiz	kwiz	n. 考查，课堂测验，恶作剧，智力测验vt. 戏弄，考查，恶作剧
buddhist	'budist	n. 佛教徒a. 佛教的
arithmetic	ә'riθmәtik	n. 算术，算术知识[机] 算术; 算术的
outspoken	.aut'spәukәn	a. 直言无讳的，坦率的，坦白无隐的
popcorn	'pɒpkɒ:n	n. 爆米花
strait	streit	n. 海峡，困境a. 困难的，窘迫的，狭窄的
worthless	'wә:θlis	a. 无价值的，无益的，无足轻重的[法] 无价值的，无用的
firework		n. 烟火具，烟火，烟火信号弹，焰火，激情的表现
windy	'windi	a. 多风的，风强的，腹胀的，吹牛的
cocoa	'kәukәu	n. 可可粉，可可茶，可可色[医] 可可，可可豆
centimetre	'senti,mi:tә(r)	n. 厘米，公分
zip	zip	n. 尖啸声，拉链，活力vt. 给……以速度，使增加活力，拉（拉链）vi. 有力而迅速地行动，嘘嘘地响，拉拉链
receptionist	ri'sepʃәnist	n. 接待员
anecdote	'ænikdәut	n. 轶事，奇闻
bun	bʌn	n. 小面包[医] 血液尿素氮
breathless	'breθlis	a. 喘不过气来的，屏气的，气喘吁吁的，无风的，死的
iceland	'aislәnd	n. 冰岛
salute	sә'lu:t	vi. 行礼，致意，问候，放礼炮vt. 向……致意，迎接，赞扬n. 招呼，敬礼，礼炮
mailbox	'meilbɒks	n. 邮筒，邮箱[计] 邮箱，电子邮箱
motto	'mɒtәu	n. 箴言，座右铭，警句
fragrant	'freigrәnt	a. 芬香的，馥郁的，愉快的
mouthful	'mauθful	n. 一口，满口
pineapple	'pain.æpl	n. 凤梨，菠萝，失业救济金[医] 凤梨，波萝
anyhow	'enihau	adv. 无论如何，至少
gram	græm	n. 克，绿豆，鹰嘴豆[医] 克
caption	'kæpʃәn	n. 说明，字幕，标题vt. 加上标题，加上说明[计] 标题
saucer	'sɒ:sә	n. 茶碟，茶托[医] 碟
barber	'bɑ:bә	n. 理发师
unsafe	.ʌn'seif	a. 不安全的，不安稳的，危险的[经] 不安全
allergic	ә'lә:dʒik	a. 对……过敏的，极反感的[医] 变应性的
arabic	'ærәbik	n. 阿拉伯语a. 阿拉伯语的，阿拉伯人的，阿拉伯式的
rainfall	'reinfɒ:l	n. 降雨，降雨量[经] 降雨量
paddle	'pædl	n. 桨，划桨，明轮翼vi. 划桨，戏水，涉水vt. 用桨划，划船运送，搅，拌
alphabet	'ælfәbit	n. 字母[计] 字母表
punctuate	'pʌŋktjueit	vt.vi. 给文章加标点，加标点符号vt. 强调，加强，（常用被动）不时打断n. 标点，标点法，标点符号
numb	nʌm	a. 麻木的，失去知觉的vt. 使麻木，使昏迷，使失去知觉
moslem	'mɒzlәm	n. 穆斯林a. 穆斯林的，伊斯兰教的
salty	'sɒ:lti	a. 有盐分的，咸味浓的，海洋的，辛辣的，有经验的
broom	bru:m	n. 扫帚，金雀花vt. 扫除
bandage	'bændidʒ	n. 绷带[化] 帘布筒; 实心轮胎; 紧带; 绷带
humorous	'hju:mәrәs	a. 富幽默感的，滑稽的，诙谐的
unimportant	.ʌnim'pɒ:tnt	a. 不重要的
mistaken	mis'teikәn	a. 犯错的，错误的mistake的过去分词
unhealthy	.ʌn'helθi	a. 不健康的
unfit	.ʌn'fit	a. 不适当的，不胜任的，不健康的vt. 使不相宜，使不合格
poisonous	'pɒizәnәs	a. 有毒的，恶毒的，讨厌的[医] 有毒的
rot	rɒt	n. 腐烂，腐蚀，败坏vi. 腐烂，烂，堕落，憔悴vt. 使腐烂，使腐朽，使堕落
dustbin	'dʌstbin	n. 垃圾箱
snowy	'snәui	a. 多雪的，雪的，被雪所覆盖着的，下雪的
troublesome	'trʌblsәm	a. 麻烦的，令人讨厌的
fluent	'flu:әnt	a. 流利的，流畅的
vain	vein	a. 无价值的，徒然的，空虚的，自负的，愚蠢的
postage	'pәustidʒ	n. 邮资[经] 邮费，邮资
bathtub	'bɑ:θtʌb	n. 浴缸
leftover	'leftәuvә	n. 剩货，残留物，剩饭a. 残余的
stout	staut	a. 结实的；矮胖的；勇敢的；激烈的n. 矮胖子；烈性啤酒
unbearable	.ʌn'bєәrәbl	a. 无法忍受的，承受不住的
worn	wɒ:n	a. 用旧的，穿旧的wear的过去分词
melon	'melәn	n. 瓜，甜瓜，红利，赃物[化] 三聚二氰亚胺
hostess	'hәustis	n. 女主人，女房东，女老板
telegram	'teli^ræm	n. 电报，一封电报[计] 电报
lame	leim	a. 跛足的，僵痛的，不完全的，金属薄板，不知内情的人vi. 变跛vt. 使成残废，使无用
botanical	bә'tænikәl	a. 植物学的n. 植物性药材
fright	frait	n. 惊骇，吃惊[医] 惊吓
motorbike	'mәjtәbaik	n. 机动脚踏两用车，摩托车
rectangle	'rektæŋgl	n. 长方形，矩形[化] 矩形
cent	sent	n. 分[经] 美分
shabby	'ʃæbi	a. 衣衫褴褛的，低劣的，破旧的，吝啬的，卑鄙的
cloudy	'klaudi	a. 多云的，有愁容的，云的，浑浊的[建] （混）浊的
scold	skәuld	n. 好骂街的人，责骂v. 责骂
unconditional	.ʌnkәn'diʃәnl	a. 无条件的，无限制的，绝对的[经] 无条件的，无保留的
thirsty	'θә:sti	a. 口渴的，渴望的，干燥的
idiom	'idiәm	n. 习语，成语，惯用语法，方言
comma	'kɒmә	n. 逗点，逗号
gymnastics	dʒim'næstiks	n. 体操，体育[医] 体操，体育
zipper	'zipә	n. 拉链
cheers	tʃiәz	interj. 干杯，再见
buddhism	'budizm	n. 佛教
yawn	jɒ:n	n. 哈欠vi. 打哈欠，裂开vt. 打着哈欠说
overcoat	'әuvәkәut	n. 外套大衣
eggplant	'egplɑ:nt	n. 茄子
thunderstorm	'θʌndәstɒ:m	n. 雷暴雨
goldfish	'gәuldfiʃ	n. 金鱼
skyscraper	'skaiskreipә	n. 摩天楼，三角形天帆
antarctic	ænt'ɑ:ktik	a. 南极的，南极地带的n. 南极地区
thirst	θә:st	n. 口渴，渴望vi. 口渴，渴望
headteacher	hed'ti:tʃər	n. 中小学的校长
watermelon	'wɒtә.melәn	n. 西瓜
dormitory	'dɒ:mitәri	n. 宿舍
untrue	.ʌn'tru:	a. 不真实的，不正确的，不忠实的[法] 虚伪的，不真实的，不正确的
bookshelf	'bukʃelf	n. 书架
mop	mɒp	n. 拖把，鬼脸vt. 用拖把洗擦，擦，拭vi. 做鬼脸[计] 维护操作协议
refresh	ri'freʃ	vt. 使清新，使恢复，使生气蓬勃vi. 提起精神，恢复精神，吃点心，喝饮料vt. 刷新，重新整理vi. 刷新，重新整理[计] 刷新，重新整理
hive	haiv	n. 蜂房，闹区，蜜蜂群vi. 进入蜂房，储藏蜜于蜂房，如蜂般群居vt. 使进蜂房，储备[计] 蜂巢
redirect	.ri:di'rekt	vt. 重新寄送，使改道，使改方向[计] 重定向，重新引导
kilo	'kilәu	n. 千[计] 千
birthplace	'bә:θpleis	n. 诞生地
lemonade	.lemә'neid	n. 柠檬水[医] 柠檬水
rooster	'ru:stә	n. 公鸡，栖息的鸟[机] 炉篦
postman	'pәustmәn	n. 邮递员[法] 邮递员，理财法庭的高级律师
spaceship	'speisʃip	n. 宇宙飞船
squid	skwid	n. 枪乌贼，鱿鱼，反潜水雷发射装置[电] 超导量子干涉元件
northwards	'nɔ:θwәdz	adv. 向北方
bravery	'breivәri	n. 勇敢
riddle	'ridl	n. 谜，谜语，粗筛vt. 解谜，给……出谜，筛，寻根究底地检验，充满于vi. 出谜
teamwork	'ti:mwә:k	n. 协同作业，协力[法] 联合工作，联合行动，协调工作
ox	ɒks	n. 牛
brotherhood	'brʌðәhud	n. 手足情谊，兄弟关系
smelly	'smeli	a. 发臭的，有臭味的
grocer	'grәusә	n. 食品商
wag	wæg	vt. 摇摆，摇动，饶舌vi. 摆动，喋喋不休n. 摇摆，爱说笑打趣的人
porridge	'pɒ:ridʒ	n. 粥，糊
blackboard	'blækbɒ:d	n. 黑板
bingo	'biŋgәu	n. 宾戈（一种赌博游戏）, 烈酒
battleground	'bætlgraund	n. 战场，战地
bent	bent	a. 弯曲的，决心的n. 爱好bend的过去式和过去分词
tortoise	'tɒ:tәs	n. 龟，行动迟缓的人
yoghurt	'jәugә:t	n. 酸乳，酸奶
skillful	'skilful	a. 熟练的，巧妙的[机] 熟练的
crayon	'kreiәn	n. 蜡笔，蜡笔画vt. 以蜡笔作画
mountainous	'mauntinәs	a. 多山的，如山的，巨大的
teapot	'ti:pɒt	n. 茶壶
firewood	'faiәwud	n. 木柴
bookcase	'bukkeis	n. 书架，书柜
astonish	ә'stɒniʃ	vt. 使惊讶
punctuation	.pʌŋktʃu'eiʃәn	n. 标点，标点符号[计] 标点符号
veal	vi:l	n. 小牛肉vt. 宰小牛
noisily	'nɒizili	adv. 吵闹地
flaming	'fleimiŋ	a. 燃烧的，热烈的，色彩鲜明的
raincoat	'reinkәut	n. 雨衣
foggy	'fɒgi	a. 雾深的，模糊的
headmistress	'hed'mistris	n. （中小学）女校长
sneeze	sni:z	n. 喷嚏vi. 打喷嚏
algebra	'ældʒibrә	n. 代数学
loudspeaker	'laud'spi:kә	n. 扩音器，喇叭[电] 扬声器
reuse	ri:'ju:z	vt. 再使用n. 重新使用
smog	smәug	n. 烟雾[化] 烟雾
fluency	'flu:әnsi	n. 流畅，雄辩，善辩
seaweed	'si:wi:d	n. 海草，海藻[医] 海藻
antarctica	ænt'ɑ:ktikә	n. 南极洲
workday		n. 工作日，（一天的）工作时数[机] 工作天
bathrobe	'bɑ:θrәub	n. 浴衣
snowball	'snәubɒ:l	n. 雪球，果味冰霜卷，滚雪球式的募捐法vt. 向……丢雪球，使滚雪球般增长vi. 打雪仗，滚雪球般增长
violinist	.vaiә'linist	n. 小提琴演奏者，小提琴家
brunch	brʌntʃ	n. 早午餐
skillfully		adv. 巧妙地；精巧地
eyesight	'aisait	n. 视力，目力
worst	wә:st	n. 最坏，最坏的时候a. 最坏的，最恶劣的，最不利的adv. 最坏，最糟
toothbrush	'tu:θbrʌʃ	n. 牙刷
zebra	'zi:brә	n. 斑马
considerate	kәn'sidәrit	a. 体贴的，体谅的，考虑周到的
sparrow	'spærәu	n. 麻雀
toothpaste	'tu:θpeist	n. 牙膏[化] 牙膏
dumpling	'dʌmpliŋ	n. 面团布丁，团子
playmate	'pleimeit	n. 玩伴，游伴
westwards	'westwәdz	adv. 向西
panda	'pændә	n. 大熊猫，小熊猫
ripen	'raipәn	vt. 使成熟vi. 成熟
spoonful	'spu:nful	n. 一匙[医] 一匙，匙
furnished		a. 家具，有家具的
eastwards	'i:stwәdz	adv. 向东方地
typist	'taipist	n. 打字员
secondhand	'sekәnd'hænd	a. 间接获得的，旧的，二手的，做旧货买卖的adv. 间接地，间接听来，以旧货
ouch	autʃ	interj. 哎唷（表剧痛）n. 扣环，胸针，珠宝饰物
hilly	'hili	a. 多丘陵的，多山岗的，险峻的
boating	'bәutiŋ	n. 划船
locust	'lәukәst	n. 蝗虫，蚱蜢，蝉
mutton	'mʌtn	n. 羊肉
giraffe	dʒi'rɑ:f	n. 长颈鹿，鹿豹座
disobey	.disә'bei	v. 违反，不服从
minibus	'minibʌs	n. 中客车，小型公共汽车
sightseeing	'saitsi:iŋ	n. 观光，游览a. 观光的，游览的
kangaroo	.kæŋgә'ru:	n. 袋鼠[医] 袋鼠（澳洲产）
workmate		n. 共同工作者，同事
omelette	'ɒmlit	n. 煎蛋卷，炒蛋
westerner		n. 西方人，西洋人
chairwoman	'tʃєәwumәn	n. 女主席，女议长
badminton	'bædmintәn	n. 羽毛球运动
cordless	'kɒ:dlis	a. 无绳索的，交直流两用的
kilogram	'kilәgræm	n. 千克，公斤[医] 千克，公斤
shanghai	'ʃæŋhai	n. 上海，浦东鸡a. 上海的，上海时行的，上海风格的vt. 拐骗，胁迫
botany	'bɒtәni	n. 植物学[医] 植物学
seagull	'si:^ʌl	n. 鸥
tibet	ti'bet	n. 西藏
barbershop		n. 理发店
biochemistry	.baiәu'kemistri	n. 生物化学[化] 生物化学; 生化
airspace	'єәspeis	n. 空域，空间[机] 气隙
irrigate	'irigeit	vt. 灌溉，冲洗伤口，使清新vi. 灌溉
eraser	i'reisә	n. 擦子
bridegroom	'braidgrum	n. 新郎
walkman		n. 随身听（商标名称）
skateboard	'skeitbɔ:d	n. 溜冰板
necktie	'nektai	n. 领带
stewardess	'stju:wәdis	n. 空中小姐，女管理人，女管家
thermos	'θә:mәs	n. 热水瓶
wayside	'weisaid	n. 路旁a. 路旁的
chopsticks	'tʃɒpstiks	n. 筷子
merciful	'mә:siful	a. 仁慈的，慈悲的
tasteless	'teistlis	a. 没味道的，无鉴赏力的
beehive	'bi:haiv	n. 蜂窝，蜂箱[机] 集气架，蜂巢
snowman	'snәumæn	n. 雪人
yummy	'jʌmi	a. 美味的，可口的，赏心悦目的，愉快的
windbreaker	'wind.breikә	n. 防风林，防风茄克衫，风衣
attentively	ә'tentivli	adv. 注意地，留心地
hardworking	'hɑ:d.wә:kiŋ	a. 苦干的，不辞辛劳的
schoolmate	'sku:lmeit	n. 同窗，同学
semicircle	'semi.sә:kl	n. 半圆形
weatherman	'weðәmæn	n. 气象员；天气预报员
businesswoman	'bizniswjmæn	n. 商人，办理实务的人，经商者
undivided	.ʌndi'vaidid	a. 未分开的，专一的，（组织等）未分裂的[法] 不可分割的，完整的，未分割的
retell	ri:'tel	vt. 再讲，重复，重说
seashell	'si:ʃel	n. 海贝壳
forgetful	fә'getful	a. 健忘的，易忘的
hibernation	.haibә'neiʃәn	n. 过冬，冬眠，避寒[医] 冬眠，冬蛰
drier	'draiә	n. 干燥机，干燥剂[化] 干燥剂; 催干剂; 干燥设备; 干燥器; 烘缸
greengrocer	'gri:ngrәusә	n. 蔬菜水果商，菜贩
superman	'sju:pәmæn	n. 具有超人能力的人，超人
rewind	ri:'waind	vt. 重绕n. 重绕[计] 反绕
miniskirt	'miniskә:t	n. 超短裙
punctual	'pәŋktʃuәl	a. 准时的，守时的，点状的，中肯的[经] 准时的，不误期的，准时
playroom	'pleiru:m	n. 游戏室，娱乐室
dictation	dik'teiʃәn	n. 听写，口述，命令
regards		n. 问候，致意
changeable	'tʃeindʒәbl	a. 可改变的
saleswoman	'seilzwumәn	n. 女售货员，女店员
stopwatch	'stɒpwɒtʃ	n. 计时表，码表
bookmark	'bukmɑ:k	n. 书签[计] 书签
ottawa	'ɔtәwә	n. 渥太华
toothache	'tu:θeik	n. 牙痛[医] 牙痛
subtraction	sәb'trækʃәn	n. 减少[计] 减法
hooray	hu'rei	interj. 万岁n. 万岁v. 呼万岁
typhoon	tai'fu:n	n. 台风
hibernate	'haibәneit	vi. 过冬，冬眠，避寒
postcode	'pәustkәud	n. 邮政编码
glasshouse	'glɑ:shaus	n. 温室，玻璃工场，禁闭房
backache	'bækeik	n. 背痛
congratulation	kәn.grætʃә'leiʃәn	n. 祝贺，恭喜
motherland	'mʌðәlænd	n. 祖国
addicted	ә'diktid	a. 沉溺于……的，无法摆脱（某种嗜好）的[法] 嗜，好，惯于
ballpoint		n. 圆珠笔
washroom	'wɒʃrum	n. 盥洗室
stomachache	'stʌmәkeik	n. 胃痛，肚子痛
shaver	'ʃeivә	n. 修面的人，电动剃刀，刨刀，杀价买进期票的人，善于讨价还价的人
gruel	'gru:әl	n. 稀粥vt. 使极度疲劳，惩罚
oilfield	ˈɔɪlfi:ld	n. 油田
centigrade	'sentigreid	a. 百分度的，摄氏的[医] 百分度
videophone	'vidiәu'fәun	n. 电视电话
airmail	'єәmeil	n. 航空邮件
sharpener	'ʃɑ:pnә	n. 研磨者，卷笔刀，研磨工具
salesgirl	'seilzgә:l	n. 女店员
radium	'reidiәm	n. 镭[化] 镭Ra
sunburnt	'sʌnb\\\\:nt	a. 晒黑的，有晒斑的，日炙的
cd		n. 镭射碟，镭射唱片[计] 光盘，压缩盘，载波检测，DOS内部命令:显示或改变当前目录
birdcage	'bә:dkeidʒ	n. 鸟笼
sneaker	'sni:kә	n. 鬼鬼祟祟做事的人，卑鄙者，帆布胶底运动鞋
skipping	'skipiŋ	[计] 跳跃
postbox	'pәustbɒks	n. 邮筒
oceania	.әuʃi'æniә	n. 大洋洲
are	ɑ:	be的现在时复数或第二人称单数
beancurd	'bi:nkə:d	n. 豆腐
bedclothes	'bedklәuðz	n. 铺盖，床上用品[医] 铺盖，被褥
beddings	'bedɪŋ	n. 寝具；（建筑）[建] 基床；（家畜）草垫a. 适于花坛种植的vt. 把…栽入苗床（bed的ing形式）vi. 睡（bed的ing形式）
cance		[人名] 坎斯
chips	tʃips	n. 炸土豆条；小木片；（作赌注用的）圆形筹码；缺口（chip的复数形式）
customs		n. 海关，关卡，关税[经] 关税，海关
does	dʌz; dәz	v. 做；工作；有用（do的第三人称单数形式）
dvd		abbr. 数字化视频光盘（Digital Video Disk）
grandparents		n. 外祖父母；祖父母（grandparent的复数）
handtruck	'hændtrʌk	n. 手推车，手推运货车
latest	'leitist	a. 最近的
mr.	'mistә(r)	阁下，先生
ms.	miz	女士
no.	'nʌmbә	n. 号码，编号[医] 数目，号码
refreshments		n. 茶点；点心；小吃
repairs		n. 备件；修理；修理费；修理工作（repair的复数形式）
schoolbag	'sku:lbæ^	n. 书包
scores	skɔ:z	n. 大量，众多; 二十（ score的名词复数 ）; （游戏或比赛中的）得分; 大量; 百分数
sideway	'saidwei	n. 小路，人行道，旁路
souvenirs	su:və'nɪəz	n. 纪念品（ souvenir的名词复数 ）
vcd		[电] 可变电容二极体的简写
