# ECDICT bc015ed2e24a7abef49fc6dbbb7fe32c1dadaf8b | sha256 1a6947e04785db63613a92e14903cdae7954f7e84860b10e68e5c7cbb3f9c3cf | pack ky | entries 1879
embark	im'bɑ:k	vi. 乘船，着手，从事，上飞机vt. 使上船，使上飞机，使从事
depart	di'pɑ:t	vi. 离开，出发，背离，违反，去世
distract	dis'trækt	vt. 转移，分心，使发狂
crude	kru:d	a. 天然的，未成熟的，粗糙的，粗鲁的n. 天然的物质
summon	'sʌmәn	vt. 召唤，召集，号召，振奋，唤起，鼓起[经] 传唤，传讯
manufacture	.mænju'fæktʃә	n. 产品，制造vt. 制造，假造vi. 制造
jungle	'dʒʌŋgl	n. 丛林，杂乱的一堆，弱肉强食的地方
outlet	'autlet	n. 出口，发泄方法，市场[医] 出口
invade	in'veid	vt. 侵入，拥入，侵略，侵袭[法] 强入，侵犯，侵略
passive	'pæsiv	a. 消极的，被动的，冷漠的，顺从的，无源的[医] 被动的
hurricane	'hә:rikәn	n. 飓风，暴风，暴风雨
interference	.intә'fiәrәns	n. 冲突，干涉[计] 干扰
curiosity	.kjuәri'ɒsiti	n. 好奇心，新奇的事物，珍品
skip	skip	n. 跳跃，跳读vi. 跳越，跳读，跳绳，遗漏，跳级vt. 跳过，遗漏[计] 跳过
ambassador	æm'bæsәdә	n. 大使[法] 大使，使节，代理
robot	'rәubәt	n. 机械人，自动机械，机械般工作的人[计] 机器人; 自动机
revive	ri'vaiv	vt. 使苏醒，使复兴，使振奋，回想起，重播vi. 苏醒，复活，复兴，恢复精神
reassure	.ri:ә'ʃuә	vt. 使……安心，向……再保证[法] 重新保证，再保险，使清除疑虑
likewise	'laikwaiz	adv. 同样地，也
feather	'feðә	n. 羽毛vi. 长羽毛vt. 用羽毛装饰
transmit	træns'mit	vt. 传输，传染，传达，遗传，发射，传播vi. 发射信号，留传下来[计] 传送
dip	dip	v. 浸，降下，把（手、勺等）伸入，舀取n. 浸，涉猎[计] 双列直插式组件，分布式输入输出系统，双排直插封装
stall	stɒ:l	n. 厩，停车处，牧师职位，货摊，托辞，拖延vt. 关入厩，停顿，推托，支吾，使陷于泥中vi. 被关在厩内，陷于泥中，停止，支吾
plunge	plʌndʒ	n. 钻进，跳进，跳水，跳水池，猛跌，落下，投入，开始从事，盲目投资vi. 投入，投身于，跳进，陷入，下降vt. 使投入，使插入，使陷入，使遭受
boast	bәust	n. 吹牛vi. 吹牛，自夸vt. 夸口说，自恃有
lid	lid	n. 盖子，限制，眼睑vt. 给……盖盖子
excess	ik'ses	n. 过度，剩于，超过，超额a. 过量的，额外的
unfold	.ʌn'fәuld	vt. 展开，打开，披露，开展，挑明vi. 伸展，开花，呈现
activate	'æktiveit	vt. 使活动，使激活，正式建成vi. 有活力
suppress	sә'pres	vt. 镇压，使止住，禁止，抑制，查禁[法] 镇压，平定，禁止出版
immense	i'mens	a. 极广大的，无边的，非常好的
weed	wi:d	n. 杂草，野草vi. 除草vt. 除……的草，剔除
arouse	ә'rauz	vt. 唤醒，鼓励，引起vi. 醒来
compliance	kәm'plaiәns	n. 遵从，顺从，屈从[化] 柔顺; 顺应
substitute	'sʌbstitju:t	n. 代理，代理人，代用品，代替者，代替物vt. 代替vi. 替代，取代，代用a. 代替的，代用的，代用品的[计] 置换; 替代
clarify	'klærifai	vi. 澄清，阐明vt. 使明晰
glimpse	glimps	n. 一瞥，一闪vi. 投以一瞥，闪烁不定vt. 瞥见
sneak	sni:k	vi. 鬼鬼祟祟做事vt. 偷偷地做n. 鬼鬼祟祟的人，偷偷摸摸的行为，帆布胶底运动鞋a. 暗中进行的
monkey	'mʌŋki	n. 猴子，猿，打桩锤vi. 淘气，胡闹vt. 嘲弄
entail	in'teil	vt. 使成为必需，需要，使承担，遗传给n. 限定继承
lightning	'laitniŋ	n. 闪电vi. 闪电a. 闪电的
occurrence	ә'kʌrәns	n. 发生，事件，出现[医] 发生
layout	'leiaut	n. 布局，陈列，规划图，页面布局，版面编排[计] 页面布局，版面
compile	kәm'pail	vt. 编译，编辑，编纂，收集[计] 编译
rib	rib	n. 肋骨，肋状物，笑话vt. 装肋状物于，戏弄
thereafter	.ðєәr'æftә	adv. 其后，从那时以后
bang	bæŋ	n. 重击，突然巨响，刘海v. 发巨响，重击adv. 砰然地，突然巨响地，直接地[计] 撞击符
kilometre	'kilәjmi:tә(r)	n. 公里，千米
fling	fliŋ	n. 投掷，急冲，嘲弄vt. 投，丢下，抛弃，使陷入，挥动，嘲笑，扫视vi. 猛冲
worship	'wә:ʃip	n. 崇拜，礼拜，尊敬vi. 参加礼拜vt. 崇拜，尊敬
ash	æʃ	n. 灰，灰烬[化] 灰分
beneficial	.beni'fiʃәl	a. 有益的，受益的[经] 有使用权的，可享利益的
cure	kjuә	n. 治疗，治愈，治疗法vt. 治疗，治愈，改正，腌制，加工处理，使硫化vi. 受治疗，被加工处理，被硫化
thrust	θrʌst	n. 插，戳，刺，猛推，口头攻击，推力vt. 插入，猛推，刺，戳，强加，延伸vi. 插，刺，戳，延伸，（用力）推
saint	seint	n. 圣徒，圣人a. 神圣的[计] 自动积分程序符号
hunger	'hʌŋgә	n. 饥饿，渴望，饥荒vt. 使挨饿vi. 挨饿，渴望
amend	ә'mend	vt. 修改，改善，改良vi. 改过自新
comparative	kәm'pærәtiv	a. 比较的，相对的n. 对手
cemetery	'semitәri	n. 墓地，公墓[法] 公墓，墓地
ferry	'feri	n. 渡船，渡口[法] 摆渡营业权，轮渡
harassment	'hærәsmәnt	n. 困扰，烦扰，烦恼[法] 折磨，骚扰，侵扰
fame	feim	n. 名望，名声，传说
manuscript	'mænjuskript	n. 手稿，原稿，底稿a. 手写的
likelihood	'laiklihud	n. 可能，可能性
graph	græf	n. 曲线图，图表，图形[计] 图形
carrot	'kærәt	n. 胡萝卜[医] 胡萝卜
dwelling	'dweliŋ	n. 住处[医] 住房
toll	tәul	n. 通行费，代价，钟声vt. 征收，敲钟，鸣钟，勾引，引诱vi. 征税，鸣钟
rim	rim	n. 边，轮缘，框vt. 镶边，为……装边vi. 形成边缘
quota	'kwәutә	n. 配额，限额[化] 定额
allied	ә'laid	a. 联盟的，联姻的，联系起来的
heir	єә	n. 继承人，嗣子，后嗣[法] 继承人，后嗣
eligible	'elidʒәbl	a. 有资格当选的，合格的n. 有资格者，合格者，适任者
diameter	dai'æmitә	n. 直径[医] 直经，径
refuge	'refju:dʒ	n. 避难所，安全地带，避难，庇护vi. 躲避vt. 给予……庇护
fox	fɒks	n. 狐狸，狡猾的人vi. 奸狡地行动，（书页）生斑，变酸vt. 欺骗，使变酸，为（鞋等）换面，使生黄斑
chill	tʃil	n. 寒冷，寒意，失意a. 寒冷的，冷漠的vt. 使寒心，冷冻vi. 变冷
cheer	tʃiә	n. 愉快，振奋，欢呼vi. 欢呼，喝彩，快活起来vt. 使振奋，欢呼
steer	stiә	vt. 引导，驾驶，航行，控制vi. 驾驶，掌舵，行驶n. 驾驶指示，劝告
intact	in'tækt	a. 尚未被人碰过的，原封不动的，完整的[医] 完整的，无伤的
peanut	'pi:nʌt	n. 花生，小人物，极小的数额a. 渺小的，微不足道的
thrive	θraiv	vi. 繁荣，兴旺，茁壮成长[经] 兴旺，繁荣，旺盛
applicable	'æplikәbl	a. 合适的，可应用的[法] 适用的，适应的
elaborate	i'læbәreit	a. 精细的，详尽的，精心计划（或制作）的vt. 详细地说明，用心地制作，发挥vi. 变复杂，作详细说明
corresponding	.kɒri'spɒndiŋ	a. 相当的，一致的，通信的[计] 对应
chew	tʃu:	vt. 咀嚼，嚼碎vi. 咀嚼，细想n. 咀嚼，咀嚼物
steak	steik	n. 牛排，鱼排，肉排
referee	.refә'ri:	n. 仲裁人，调解人，裁判员v. 仲裁，裁判
fossil	'fɒsәl	n. 化石，古物a. 化石的，陈腐的，守旧的
verb	vә:b	n. 动词[计] 动词
scratch	skrætʃ	n. 抓痕，搔，抓，擦伤，刮擦声，乱写，零分，起跑线vt. 搔，抓，挖出，擦，刮，乱涂，勾抹掉vi. 搔，抓，发刮擦声，勉强糊口a. 碰巧的，凑合的，打草稿用的[计] 擦除
awake	ә'weik	a. 醒着的vt. 唤醒，唤起，使意识到vi. 醒来，被唤起，意识到
librarian	lai'brєәriәn	n. 图书馆员，图书管理员[计] 程序库管理程序; 程序库生成程序
bacterium	bæk'tiәriәm	n. 细菌[医] [无芽胞]杆菌属
clergy	'klә:dʒi	n. 牧师，僧侣，神职人员
rug	rʌg	n. 小块地毯，揭露某人
dumb	dʌm	a. 哑的，不说话的，无声音的[医] 哑的
worthy	'wә:ði	n. 杰出人物a. 有价值的，可敬的，值得的
sprinkle	'spriŋkl	vt. 洒，散置，撒，点缀vi. 洒，撒，下小雨n. 洒，撒，散置，小雨，少量
dictate	'dikteit	vi. 听写，口述，口授vt. 口述，使听写，命令n. 命令，指挥，指令
patron	'peitrәn	n. 赞助人，顾客，保护人[法] 保护人，庇护人，赞助人
municipal	mju:'nisipl	a. 市政的，自治区的，内政的[经] 市政的，市的
harmony	'hɑ:mәni	n. 协调，和睦，调和[电] 和声学
forbid	fә'bid	vt. 禁止，不准，妨碍[法] 不许，禁止，阻止
tolerance	'tɒlәrәns	n. 宽容，忍受，容忍，容许量，公差[计] 允许误差
supervise	'sju:pәvaiz	v. 监督，管理，指导
goat	gәut	n. 山羊，替罪羊，色鬼
misery	'mizәri	n. 痛苦，悲惨，不幸，穷困
fringe	frindʒ	n. 边缘，端，流苏，穗，初步vt. 加穗于，加饰边于a. 边缘的，附加的
fortunate	'fɒ:tʃәnit	a. 幸运的，幸福的
cruise	kru:z	n. 巡航，巡弋，漫游v. 巡航，巡弋，漫游
temptation	temp'teiʃәn	n. 诱惑，诱惑物[法] 诱惑，诱惑物
underline	'ʌndәlain	vt. 在……下面划线，作……的衬里，强调n. 下划线，图下说明文字[计] 加下划线; 下划线
merge	mә:dʒ	vt. 使合并，使消失，吞没vi. 合并，渐渐消失[计] 合并
calendar	'kælindә	n. 日历，日程表vt. 列入表中[计] 日历
beard	biәd	n. 胡须vt. 抓住胡须，公开反对
throne	'θrәun	n. 王座，君主
brake	breik	n. 刹车，阻碍，丛林v. 刹车
impulse	'impʌls	n. 冲动，驱使，刺激，推动，冲力，建议，脉冲vt. 推动
width	widθ	n. 宽度，宽广，广博[医] 宽度
brutal	'bru:tәl	a. 残忍的，野蛮的，不讲理的
fur	fә:	n. 毛皮vt. 以毛皮制作，使生苔，使生水垢vi. 生苔，积水垢
deliberate	di'libәrәt	a. 深思熟虑的，故意的，从容的v. 仔细考虑
poke	pәuk	n. 刺，戳，袋子vt. 戳，捅，拨弄，刺vi. 戳，刺，捅，搜索，伸出，行动散慢[计] 存数
soar	sɒ:	n. 高扬，翱翔vi. 往上飞舞，高耸，翱翔
slim	slim	a. 瘦的，苗条的，微小的，稀少的，微薄的vi. 变苗条vt. 使苗条
circular	'sә:kjulә	a. 圆形的，循环的，间接的[医] 环状的，循环的
thread	θred	n. 线，丝，纤维，线索vt. 穿线于，穿过，通过，用线穿成vi. 穿过[计] 线索，线程
fitting	'fitiŋ	a. 适宜的n. 试穿，试衣，装配，装置
caution	'kɒ:ʃәn	n. 小心，慎重，警示vt. 警告[计] 警告
threshold	'θreʃәuld	n. 门槛，入口，开端，阈[计] 阈; 阈值
sunshine	'sʌnʃain	n. 阳光，光明，晴天
chat	tʃæt	n. 闲谈vi. 闲谈，聊天
theological	θiә'lɔdʒikәl	a. 神学上的
shaft	ʃæft	n. 轴，箭杆，矛，矿井vt. 装杆于，利用
fragile	'frædʒail	a. 易碎的，脆的[医] 脆弱的，脆的
exhaust	ig'zɒ:st	n. 排气，排气装置，废气vt. 抽完，用尽，耗尽，使精疲力尽vi. 排气
furious	'fjuәriәs	a. 狂怒的，激烈的，吵闹的
globe	glәub	n. 球，球状物，地球仪，天体v. （使）成球状
prescribe	pris'kraib	v. 规定，指定，嘱咐，开处方
blast	blæst	n. 一阵风，爆炸，枯萎病vt. 炸，使枯萎vi. 炸，猛攻，猛烈抨击，枯萎
morality	mә'ræliti	n. 道德，教训，品行[法] 道德，道义
prevail	pri'veil	vi. 获胜，流行，盛行[医] 流行，盛行
overnight	'әuvәnait	n. 前一天晚上，一夜的逗留a. 通宵的，晚上的，前夜的adv. 在前一夜，整夜，昨晚一晚上
deed	di:d	n. 行为，实行，契约vt. 立契转让
denial	di'naiәl	n. 否认[法] 否定，否认，拒绝接受
headache	'hedeik	n. 头痛，令人头痛之事[医] 头痛
fantastic	fæn'tæstik	a. 奇妙的，稀奇的，空想的
despair	di'spєә	n. 绝望，失望vi. 绝望
screw	skru:	n. 螺旋，螺杆，螺钉，螺旋桨，吝啬鬼vt. 调节，扭紧，旋，拧，加强，压榨，勒索vi. 转动，旋，拧
steward	'stju:wәd	n. 管理人，招待员，管家，乘务员[经] 轮船，飞机的服务员，（财务）管理员
undergraduate	.ʌndә'grædjuit	n. 大学本科生，大学肄业生a. 大学生的
invention	in'venʃәn	n. 发明，创作能力，虚构的故事[经] 发明
contempt	kәn'tempt	n. 轻视，轻蔑[法] 藐视，侮辱，轻视
brochure	'brәuʃә	n. 小册子，小册
drill	dril	n. 钻孔机，钻子，播种机，粗斜纹布v. 训练，钻孔
contrary	'kɒntrәri	a. 相反的，矛盾的，对立的n. 相反，对立面adv. 相反地
prospective	prәs'pektiv	a. 预期的，将来的[经] 预期的，未来的
grape	greip	n. 葡萄，葡萄树[医] 葡萄
usage	'ju:sidʒ	n. 用法，使用，习惯，惯用法，习惯法[经] 使用情况，使用用途，惯例
temper	'tempә	n. （钢等的）硬度，脾气，心情，中和剂，倾向，回火vt. 使回火，锻炼，调和，使缓和vi. 回火
confer	kәn'fә:	vt. 授予，带来vi. 协商
arch	ɑ:tʃ	n. 拱门，拱形，足弓vt. 使成弓形vi. 拱起，成弓形a. 主要的，调皮的，傲慢无礼的，狡猾的
tiger	'taigә	n. 老虎，虎，凶暴的人
balloon	bә'lu:n	n. 气球vt. 使成气球状vi. 膨胀如气球，激增
ego	'egәu. 'i:gәu	n. 自我[医] 自我
radar	'reidә	n. 雷达，无线电探测器[计] 雷达图
tablet	'tæblit	n. 平板，门牌，笔记簿，碑，匾，药片[化] 片剂
sofa	'sәufә	n. 沙发
mist	mist	n. 雾，迷蒙，朦胧不清vt. 使模糊，使蒙上雾vi. 变模糊，下雾
retreat	ri'tri:t	n. 休息寓所，撤退，隐居，退避vi. 撤退，隐退，向后倾vt. 退（棋）
headmaster	'hed'mɑ:stә	n. （中小学）校长，监工
sweater	'swetә	n. 毛衣，毛线衫，运动衫，出汗者[化] 发汗器
minus	'mainәs	n. 负号，不足a. 减的，负的，阴性的prep. 减，缺[计] 负差
favorable	'feivәrәbl	a. 有利的，赞许的，良好的
rubber	'rʌbә	n. 橡皮，橡胶，做摩擦动作的人，按摩师，决胜盘vt. 用橡胶制造，涂橡胶于
conform	kәn'fɒ:m	vt. 使一致，使遵守，使符合vi. 一致，符合，适应
philosopher	fi'lɒsәfә	n. 哲学家，哲人，思想开创人，达观的人[法] 哲学家，哲学研究者
mistress	'mistris	n. 主妇，女主人，情妇
vocabulary	vә'kæbjulәri	n. 词汇（量）, 词汇表[计] 词表
overwhelm	.әuvә'hwelm	vt. 淹没，受打击，制服，压倒，使不知所措[法] 打翻，倾覆，覆盖
spark	spɑ:k	n. 火花，火星，闪光，无线电报务员，瞬间放电，活力，朝气，花花公子，情郎vi. 闪光，发火花，求婚vt. 发动，鼓舞，使有朝气，求婚
fatigue	fә'ti:g	n. 疲乏，疲劳vt. 使疲劳，使心智衰弱vi. 疲劳a. 疲劳的
noble	'nәubl	n. 贵族a. 高贵的，高尚的，贵族的，辉煌的
speculate	'spekjuleit	vi. 深思，推测，投机[经] 投机
mathematical	.mæθә'mætikl	a. 数学的，精确的[机] 数学上的
preach	pri:tʃ	v. 传道，讲道，说教，宣讲，鼓吹n. 说教，布道
surplus	'sә:plәs	n. 剩余，过剩，盈余a. 过剩的，剩余的
cylinder	'silindә	n. 圆筒，圆筒状物，汽缸，柱面[计] 柱面
archive	'ɑ:kaiv	vt. 把……存档n. 档案馆，档案文件[计] 挡案库，存档
garment	'gɑ:mәnt	n. 衣服，衣装，外表
textile	'tekstail	n. 纺织品，纺织业a. 织的，纺织的
technician	tek'niʃәn	n. 技师[化] 技师
soak	sәuk	n. 浸，湿透，大雨vt. 使上下湿透，浸，吸入，吸收，浸洗掉vi. 浸泡，渗透
ribbon	'ribәn	n. 缎带，色带，带状物vt. 用丝带装饰，把……撕成条状vi. 形成带状[计] 带状条，格式栏
harvest	'hɑ:vist	n. 收获，成果，收获物，收获期v. 收割，收获
dragon	'drægәn	n. 龙，凶暴的人[法] 凶恶的人，凶恶严厉的监护人
slot	slɒt	n. 水沟，细长孔，硬币投币口，缝，狭槽，狭通道，位置，一档（广播节目等）vt. 开槽于，把……纳入机构[计] 槽; 存储槽
consecutive	kәn'sekjutiv	a. 连续的，联贯的[计] 连续的; 连接的
spy	spai	n. 间谍，侦探，侦察vt. 侦察，找出，发现vi. 做密探，侦查
lace	leis	n. 饰带，花边，缎带，鞋带vt. 结带子，饰以花边vi. 系带子[计] 全穿孔
coordinate	kәu'ɒ:dineit	n. 同等的人（或物）, 坐标a. 同等的，并列的v. （使）协调
inherent	in'hiәrәnt	a. 固有的，与生俱来的[医] 固有的，生来的
exploitation	.eksplɒi'teiʃәn	n. 开发，开采，剥削[经] 开发，剥削，宜传
clutch	klʌtʃ	n. 抓紧，掌握，离合器，一窝小鸡vt. 抓住，踩汽车离合器踏板vi. 抓[计] 联轴器; 离合器
frustrate	'frʌstreit	vt. 挫败，击败，破坏a. 无益的，挫败的，挫折的
dense	dens	a. 密集的，浓厚的
intermediate	.intә'mi:diәt	n. 中间物，调停者，中级a. 中间的，中级的vi. 起媒介作用[计] 中级
articulate	ɑ:'tikjulit	a. 发音清晰的，口才好的vt. 明白地说，以关节连接，使成为系统的整体
swell	swel	n. 增大，隆起的部分，巨浪，肿胀a. 优秀的，一流的vi. 增大，膨胀，肿胀，增强，骄傲vt. 使膨胀，使增大，使上涨，使骄傲
bride	braid	n. 新娘
cue	kju:	n. 提示，线索vt. 给……暗示（或提示）[计] 尾接指令
biography	bai'ɒgrәfi	n. 传记
compelling	kәm'peliŋ	a. 强制的，强迫性的，激发兴趣的
linear	'liniә	a. 线的，直线的，线状的[计] 线性
erosion	i'rәuʒәn	n. 腐蚀，冲蚀，侵蚀[化] 磨耗; 侵蚀
foreigner	'fɒ:rinә	n. 外国人，外地人[法] 外国人，进口货，外国货
convenience	kә'vi:njәns	n. 方便，便利的事物，方便的时候
weave	wi:v	n. 编法，织法，编织式样vt. 编织，组合，编排，使迂回前进vi. 纺织，迂回行进
probe	prәub	n. 探索，调查，探针，探测器v. 用探针探测，调查，探索
ozone	'әuzәun	n. 新鲜的空气，臭氧，使人愉快的影响[化] 臭氧
bolt	bәult	n. 门闩，螺钉，筛子，闪电，意外事件vt. 闩住，发射，脱口而出，筛，囫囵吞下vi. 囫囵吞枣，射箭，脱缰，退出党派adv. 突然
bulb	bʌlb	n. 球茎，电灯泡[医] 球，鳞茎，球茎
cargo	'kɑ:gәu	n. 货物[经] 货柜
calcium	'kælsiәm	n. 钙[化] 钙Ca
missionary	'miʃәnәri	n. 传教士，负有任务者，工作人员a. 传教的，传教士的
fog	fɒg	n. 雾，迷惑，（割后的）最生草，苔藓vi. 被雾笼罩，变模糊vt. 使困惑，以雾笼罩
sometime	'sʌmtaim	a. 以前的，某一时间的adv. 改天，来日
diplomat	'diplәmæt	n. 外交官，有外交手腕的人[法] 外交家，外交官，有权谋的人
epidemic	.epi'demik	n. 传染病，流行病a. 流行的，传染性的
trim	trim	n. 整齐，情形，修剪a. 整齐的vt. 使整齐，整理，修剪vi. 调整，见风使舵[计] 库存管理检查规则程序
presume	pri'zu:m	vt. 假定，推测，擅自，意味着vi. 擅自行动，相信
butterfly	'bʌtәflai	n. 蝴蝶[医] 蝶式棉块，翼形皮癣，纸蝶
divert	dai'vә:t	vt. 转移，使欢娱vi. 转移
accelerate	әk'selәreit	v. 加速，促进
bargain	'bɑ:gin	n. 交易，买卖协定，特价商品v. 讲价，交易
vacuum	''vækjuәm	n. 真空，空间，真空吸尘器a. 真空的，产生真空的，利用真空的vt. 用吸尘器打扫
spit	spit	n. 唾液，唾吐，小雨，炙叉，一铲的深度vt. 唾吐，吐出，降小雨，用炙叉穿过vi. 吐唾沫，吐痰，唾弃，飘霏霏细雨
renew	ri'nju:	vt. 使更新，使恢复，复兴，修补，补充，继续，重订，重申，续借vi. 更新，重新开始
parcel	'pɑ:sl	n. 包裹，部分，片vt. 分配，打包a. 部分的adv. 局部地
stereotype	'stiәriәtaip	n. 铅版，陈规，老套vt. 使用铅版，把……印制成盲文，套用老套，使一成不变
kneel	ni:l	vi. 跪下
laundry	'lɒ:ndri	n. 洗衣店，洗好的衣服，洗涤[机] 洗衣作，洗衣店，洗衣房
revise	ri'vaiz	n. 校订，修正，改样vt. 校订，修正，校正
pistol	'pistl	n. 手枪，信号枪vt. 以手枪杀死（或伤害）
apology	ә'pɒlәdʒi	n. 道歉，辩护[法] 道歉，谢罪，辩解者
sketch	sketʃ	n. 素描，草图，小品v. 描绘略图，画素描或速写
bore	bɒ:	n. 令人讨厌的人，激浪，枪膛，孔vt. 使烦扰，钻孔vi. 钻孔bear的过去式[计] 内径; 孔径
beloved	bi'lʌvd	a. 心爱的n. 心爱的人
pronounce	prә'nauns	v. 发音，宣告，断言
dislike	dis'laik	n. 嫌恶vt. 讨厌，不喜欢
retrieve	ri'tri:v	vt. 取回，挽回，弥补，恢复，补偿，回忆，检索vi. 找回猎物n. 取回，恢复，救险球[计] 检索
obey	ә'bei	vt. 服从，遵从，顺从vi. 服从
fond	fɒnd	a. 喜欢的，宠爱的，温柔的
hammer	'hæmә	n. 锤，铁锤，钉锤vt. 锤打，敲打，钉vi. 连续锤打[计] 锤头
bizarre	bi'zɑ:	a. 奇异的
nominate	'nɒmineit	vt. 提名，任命，命名[法] 提名……为候选人，指定，推荐
queue	kju:	n. 辫子，一队人，队列vt. 使排队，将……梳成辫子vi. 排队[计] 队列
anchor	'æŋkә	n. 锚vt. 抛锚停泊，使固定[计] 锚
skeptical	'skeptikәl	a. 怀疑论的，怀疑的，不可知论的[法] 怀疑的，不信的，怀疑论者的
scrutiny	'skru:tini	n. 细看，仔细检查，监视，选票检查[经] 复查，评核，仔细检查
alert	ә'lә:t	a. 警觉的，灵敏的，留心的n. 警报vt. 使警觉，通知，使意识到
redundant	ri'dʌndәnt	a. 多余的，过多的，冗长的[医] 过多的，多余的
decisive	di'saisiv	a. 决定性的，坚定的，果断的
betray	bi'trei	vt. 出卖，背叛，辜负，暴露[法] 出卖，背叛，泄漏
telegraph	'teligrɑ:f	n. 电报，电报机vi. 打电报vt. 打电报给，电汇，流露，显示出要……的样子
recorder	ri'kɒ:dә	n. 记录员，录音机n. 记录器[计] 宏录制器，记录器
foolish	'fu:liʃ	a. 愚蠢的，傻的
static	'stætik	n. 静电，静电干扰a. 静态的，静止的，固有的，静电的
complication	.kɒmpli'keiʃәn	n. 复杂化，复杂情况[医] 并发症，并发病
aboard	ә'bɒ:d	adv. 在船上，在火车上，在飞机上prep. 在……之上
delicious	di'liʃәs	a. 美味的
fashionable	'fæʃәnәbl	a. 时髦的，上流社会的，流行的
compassion	kәm'pæʃәn	n. 同情，怜悯
mercy	'mә:si	n. 仁慈，宽恕，慈悲，怜悯，幸运[法] 权宜处置权，决定权，宽恕
worm	wә:m	n. 虫，蠕虫，小人物，螺纹，蜗杆vi. 蠕行，慢慢前进vt. 使蠕行，慢慢地走，除虫[计] 蠕虫病毒
competent	'kɒmpitәnt	a. 能干的，胜任的，有效的，足够的[经] 有权的，授权的，胜任的
accumulate	ә'kju:mjuleit	v. 积聚，堆积
authentic	ɒ:'θentik	a. 可靠的，可信的，真正的[法] 被认证的，确认的，可信的
dome	dәum	n. 圆顶vt. 加圆顶vi. 成圆顶状
editorial	.edi'tɒ:riәl	n. 社论，评论a. 编辑的，主笔的，社论的
surroundings	sә'rajndiŋz	n. 环境，周围的事物[化] 环境
locker	'lɒkә	n. 抽屉，小柜，上锁人[机] 锁柜
faithful	'feiθful	a. 忠实的，详确的，可靠的n. 信徒
wit	wit	n. 机智，智力，头脑，理智，妙语，机智的人
spectacle	'spektәkl	n. 引人羡慕的东西，景象，眼镜，场面，公开展示
respective	ri'spektiv	a. 分别的，各自的
probable	'prɒbәbl	a. 很可能的，大概的，可信的n. 很有希望的候选人，很可能的事情
miserable	'mizәrәbl	a. 悲惨的；痛苦的；卑鄙的
evoke	i'vәuk	vt. 唤起，引起，召（魂）[法] 提审，移送
surrender	sә'rendә	vt. 交出，放弃，使投降，让与vi. 投降，自首n. 交出，放弃，投降
scar	skɑ:	n. 疤痕，伤痕，悬崖vi. 结疤，愈合，痊愈vt. 使有伤痕
multiply	'mʌltiplai	v. 繁殖，乘，增加[计] 乘
surge	sә:dʒ	n. 巨涌，汹涌，澎湃vi. 汹涌，澎湃，颠簸，猛冲，突然放松vt. 使汹涌奔腾，急放[计] 电压尖峰
sailor	'seilә	n. 水手，船员，海员[法] 水手，船员，海员
amateur	'æmәtә	n. 业余爱好者，外行，爱好者[电] 业余家
appraisal	ә'preizәl	n. 评价，估价[经] 评价，评估
chemist	'kemist	n. 化学家，药剂师[化] 化学家; 化学师; 化学工作者; 药剂师; 药房
penetrate	'penitreit	vt. 穿透，刺穿，渗透，看穿，洞察，了解，使充溢vi. 刺入，看穿，渗透，打进
spectator	spek'teitә	n. 观众，目击者，旁观者
outlook	'autluk	n. 观点，景色，前途，了望[经] 展望
hover	'hʌvә	vi. 盘旋，翱翔，徘徊vt. 孵n. 翱翔
attain	ә'tein	vt. 达到，获得vi. 达到
stunning	'stʌniŋ	a. 打昏迷的，弄得人昏头昏脑的，令人震惊的
orthodox	'ɒ:θәdɒks	a. 正统的，传统的，惯常的
frighten	'fraitn	vt. 使惊吓vi. 惊恐
snatch	snætʃ	n. 抢夺，攫取，片断vt. 夺取，攫取vi. 想抢走，攫取
precision	pri'siʒәn	n. 精密，精确，精确度，精度a. 精密的，精确的[计] 精度
exert	ig'zә:t	vt. 发挥，运用，施以影响[法] 施加，产生，行使
outbreak	'autbreik	n. 爆发，暴动[医] 暴发
knot	nɒt	n. 结，群，难题v. 打结，（使）纠缠
strive	straiv	vi. 努力，奋斗，斗争
warfare	'wɒ:fєә	n. 战争，战斗，交战，斗争，竞争[法] 战事，作战，交战
spur	spә:	n. 马刺，刺激物，鼓舞vt. 刺激，激励，用马刺策（马）前进vi. 用马刺驱马，疾驰
tilt	tilt	n. 倾斜，倾向，船篷，车篷vt. 使倾斜，使倾侧，用帆布篷遮盖vi. 倾斜，翘起，冲，评击[计] 倾斜
rob	rɒb	v. 抢夺，抢掠，剥夺
propaganda	.prɒpә'gændә	n. 宣传，宣传活动[医] 宣传
prosperity	prɒs'periti	n. 繁荣，茂盛，成功[经] 繁荣
inland	'inlәnd	a. 内陆的，国内的n. 内地
exile	'eksail	n. 放逐，流放，被放逐者vt. 放逐，流放，使背井离乡
weep	wi:p	n. 哭，哭泣vi. 哭泣，流泪，哀悼，滴落vt. 哭着使……, 悲叹，滴下
implicit	im'plisit	a. 暗示的，含蓄的，固有的，绝对的[经] 不讲明的，含蓄的
prosecute	'prɒsikju:t	vt. 告发，起诉，彻底进行，执行，从事vi. 告发，起诉，作检察官
glow	glәu	n. 赤热，光辉，热情，热烈，红光vi. 发红光，红光焕发，发热，洋溢，激动
embody	im'bɒdi	vt. 具体表达，使具体化[经] 合并，具体化，具体表现
precedent	'presidәnt	n. 先例，前例a. 在先的，在前的
integral	'intigrәl	n. 整体，积分，整数a. 固有的，整体的，整数的，积分的[计] 积分
horizontal	.hɒri'zɒntәl	n. 水平线，水平面，水平位置a. 水平线的，平坦的，横的n. 水平[计] 水平
fake	feik	n. 假货，欺骗，诡计a. 假的vt. 假造，仿造vi. 伪装
viewpoint	'vju:pɒint	n. 观点
crab	kræb	n. 螃蟹，偏航，脾气乖戾的人，沙果vi. 捕蟹，偏航，发牢骚vt. 使偏航，抱怨，破坏
hydrogen	'haidrәdʒәn	n. 氢[化] 氢H-2
vinegar	'vinigә	n. 醋，尖酸刻薄vt. 加醋于
inhibit	in'hibit	vt. 禁止，抑制vi. 起抑制作用
hopeful	'hәupful	n. 有希望之人，有前途之人a. 有希望的，怀抱希望的，保持乐观的
adverse	'ædvә:s	a. 不利的，敌对的，相反的，逆的[法] 相反的，敌对的，逆的
dive	daiv	n. 潜水，跳水vi. 跳水，俯冲，猛冲vt. 把……突然伸入
soda	'sәudә	n. 苏打，碳酸水[化] 纯碱; 苏打; 碳酸钠
valve	vælv	n. 活瓣，阀，活门v. 装阀，用阀调节
memo	'memәu	n. 备忘录[经] 备忘录
junk	dʒʌŋk	n. 垃圾，乌七八糟的东西，舢板[计] 清除
stun	stʌn	vt. 使昏迷，使震惊，打昏n. 昏迷，猛击
fury	'fjuri	n. 愤怒，狂暴，狂怒的人[医] 狂乱，狂暴，狂怒
differentiate	.difә'renʃieit	v. 区别，区分
curl	kә:l	n. 拳曲，鬈发vt. 弄卷vi. 拳曲，弯曲
compatible	kәm'pætәbl	a. 能共处的，可并立的，适合的[计] 相容的; 兼容的
pact	pækt	n. 契约，协定，条约[化] 合同
torch	tɒ:tʃ	n. 火把，启发之物[化] 火炬
kidney	'kidni	n. 肾，个性[医] 肾
literacy	'litәrәsi	n. 读写能力，识字，精通文学
destiny	'destini	n. 命运，定数
solo	'sәulәu	n. 独奏，独唱，单独表演a. 单独的，独奏的，独唱的vi. 放单飞
leak	li:k	n. 漏洞，漏处，漏出，泄漏vi. 漏，泄漏vt. 使渗漏
greenhouse	'gri:nhaus	n. 温室
maid	meid	n. 少女，未婚女子，女仆
herd	hә:d	n. 兽群，人群，牧人vt. 群集，使成群，放牧vi. 聚在一起
brow	brau	n. 眉毛，额[医] 额，眉，睫毛
tariff	'tærif	n. 关税，关税表，价格表，收费表vt. 课以关税[计] 价目表
subjective	sәb'dʒektiv	a. 主观的，个人的[医] 主观的，自觉的
census	'sensәs	n. 户口普查vt. 实施统计调查
snack	snæk	n. 小吃，点心，快餐vi. 吃零食，吃快餐
ending	'endiŋ	n. 终止，终了，收场[医] 末梢
stride	straid	n. 大步，步幅，步态，进步v. 迈大步走，跨过，跨
synthesis	'sinθisis	n. 综合，组织，综合体[化] 合成
ink	iŋk	n. 墨水，墨汁vt. 涂墨水于，签署，加墨水
gasp	gæsp	n. 喘气vi. 喘气，喘息，渴望vt. 气喘吁吁地说
pledge	pledʒ	n. 诺言，保证，誓言，抵押，信物，保人，祝愿vt. 许诺，保证，使发誓，抵押，典当，举杯祝……健康
infect	in'fekt	vt. 传染，感染[医] 传染，感染
paradigm	'pærәdaim	n. 范例，式样，词形变化表，纵聚合关系语言项
marxist	'mɑ:ksist	a. 马克思主义的n. 马克思主义者
locomotive	.lәukә'mәutiv	n. 火车头，机车a. 运转的，火车头的，移动的
backward	'bækwәd	adv. 向后地，相反地a. 向后的，相反的[计] 倒推
appetite	'æpitait	n. 食欲，欲望，爱好[医] 食欲
shiver	'ʃivә	vi. 颤抖，哆嗦，被打碎vt. 使迎风飘动，粉碎n. 战栗，碎块
offend	ә'fend	v. 犯罪，冒犯，违反，进攻
mosaic	mәu'zeiik	n. 马赛克，镶嵌细工，镶嵌工艺a. 马赛克的，镶嵌细工的，拼花的vt. 用镶嵌细工装饰[计] Mosaic浏览程序
mammal	mæmәl	n. 哺乳动物[化] 哺乳动物
bleed	bli:d	vi. 流血，悲痛，渗出vt. 使出血，榨取
choke	tʃәuk	vt. 窒息，阻塞，噎，抑制vi. 窒息，阻塞，噎n. 窒息，噎，阻气门
pea	pi:	n. 豌豆，似豌豆的东西
cautious	'kɒ:ʃәs	a. 谨慎的，小心的
luxury	'lʌkʃәri	n. 奢侈，豪华a. 奢侈的，豪华的
designate	'dezigneit	vt. 指定，指明，称呼a. 已选出而未上任的
robe	rәub	n. 宽松长袍，礼服，披肩，覆盖物v. （给）穿长袍
noisy	'nɒizi	a. 嘈杂的，喧闹的[机] 噪声的，嘈杂的
incidentally	.insi'dentәli	adv. 伴随地，偶然，顺便
classmate	'klɑ:smeit	n. 同班同学
cassette	kæ'set	n. 盒式磁带，珠宝箱，暗盒[计] 字盒
motel	mәu'tel	n. 汽车旅馆
hatred	'heitrid	n. 憎恨，仇恨，憎恶[法] 敌意，憎恨，憎恶
furnish	'fә:niʃ	vt. 供给，提供，装设[化] 供应; 供给; 配料
confidential	.kɒnfi'denʃәl	a. 机密的，获他人信赖的，易于信任他人的[经] 秘密件
enlist	in'list	vt. 征募，参与，谋取vi. 从军，应募，赞助
bearing	'bєәriŋ	n. 举止，轴承，忍受，关系，意义，方向，生育[化] 轴承
thorough	'θʌrә	a. 十分的，彻底的
ignorance	'ignәrәns	n. 无知，愚味[法] 无知，不知情，愚昧
disastrous	di'zɑ:strәs	a. 损失惨重的，悲伤的
juvenile	'dʒu:vinail	n. 少年，少年读物a. 少年的，不成熟的，适于少年的
gown	gaun	n. 睡衣，法衣，大学全体师生vt. 使穿睡衣
courtesy	'kә:tisi	n. 礼貌，谦恭，好意[法] 优待，礼貌，恩惠
correlate	'kɒrәleit	n. 有相互关系的东西，相关物vt. 使有相互关系vi. 相关
lodge	lɒdʒ	n. 小屋，门房，支部，旅舍，分会vi. 临时住宿，倒伏，寄宿，投宿vt. 安顿，容纳，提出，把……射入，存放
daylight	'deilait	n. 白昼，日光vt. 使沐浴于日光vi. 享有日光
repay	ri'pei	v. 偿还，报答，报复
torture	'tɒ:tʃә	n. 拷问，苦闷vt. 拷问，曲解，折磨，使弯曲
chorus	'kɒ:rәs	n. 合唱队，齐声v. 齐声说道，合唱
roar	rɒ:	n. 吼，咆哮，轰鸣vi. 吼，大声说出，叫喊，喧闹vt. 呼喊，使轰鸣
glorious	'glɒ:riәs	a. 光荣的
comic	'kɒmik	n. 连环漫画，喜剧演员，滑稽的人a. 滑稽的，有趣的，喜剧的
fountain	'fauntin	n. 水源，源，喷泉，泉水，本源[医] 泉
revenge	ri'vendʒ	n. 报仇，复仇，报复vt. 报仇，报复
sour	'sauә	a. 酸的，酸臭的，发酵的，愠怒的，讨厌的，拙劣的，不健全的vi. 变酸，发酵，厌烦，变坏vt. 使变酸，使失望n. 酸味，酸饮料
lure	luә	n. 饵，诱惑vt. 引诱，诱惑
coherent	kәu'hiәrәnt	a. 互相耦合的，清晰的，明了的，凝聚性的，连贯的
erupt	i'rʌpt	vi. 爆发vt. 喷出
terminate	'tә:mineit	a. 有结尾的，（可）结束的vi. 结束，终止，满期vt. 使停止，使结束，使终止[计] 终止
ashamed	ә'ʃeimd	a. 惭愧的，羞耻的
loom	lu:m	n. 织布机，若隐若现的景象vi. 朦胧地出现，隐约可见，可怕地出现
repetition	.repi'tiʃәn	n. 重复，背诵，循环，复制品，副本[机] 重复，反复
witch	witʃ	n. 巫婆，女巫vt. 施巫术，迷惑
majesty	'mædʒәsti	n. 最高权威，威严，王权，雄伟，庄严
triangle	'traiæŋgl	n. 三角形，三个一组，三角关系[医] 三角，三角形
salvation	sæl'veiʃә	n. 拯救，救助，救世
nuisance	'nju:sns	n. 讨厌的东西，讨厌的人，损害[医] 损害，讨厌
rap	ræp	n. 轻敲，拍击，责骂，无价值的东西vt. 轻敲，厉声说出，叱责，抢走，使着迷vi. 敲击，发敲击声，交谈，同情[计] 随机存取程序，资源分配处理器，常驻汇编程序
forge	fɒ:dʒ	n. 熔炉，铁工厂vt. 打制，锻造，伪造vi. 锻造，伪造
disrupt	dis'rʌpt	a. 分裂的，中断的vt. 使分裂，使瓦解
odor	'әudә	n. 气味，香味，名声，意味[医] 气味
apologise	ә'pɔlәdʒaiz	vi. 道歉（等于apologize）
apparatus	.æpә'reitәs	n. 装置，器具，器官[化] 仪器; 器械
wicked	'wikid	a. 坏的，邪恶的，缺德的，刻毒的，恶劣的，淘气的
postpone	pәust'pәun	vt. 延迟，使延期，缓办，搁延vi. 延缓，延缓发作
warrant	'wɒ:rәnt	n. 授权，正当理由，根据，证明，批准，凭证，令状，委任状vt. 授权给，保证，担保，批准，使有正当理由
gradual	'grædʒuәl	a. 逐渐的，渐增的n. 弥撒升阶圣歌
excite	ik'sait	vt. 刺激，使兴奋，激励
banner	'bænә	n. 旗帜a. 显著的，特别好的
flock	flɒk	n. 兽群，鸟群，一群人，大量，棉束vi. 成群而行，聚集vt. 用棉束填满
grim	grim	a. 冷酷的，坚强的，残忍的，可怕的，讨厌的
drought	draut	n. 干旱，缺乏
arbitrary	'ɑ:bitrәri	a. 任意的，武断的，专治的，霸道的
uphold	ʌp'hәuld	vt. 支撑，赞成，鼓励，举起，坚持[法] 确认，赞成，支持
formidable	'fɒ:midәbl	a. 巨大的，优秀的，可怕的，艰难的
clarity	'klærәti	n. 清楚，明晰[化] 透明度; 透明性; 清晰性
rebellion	ri'beljәn	n. 谋反，叛乱，反抗[法] 造反，反叛，叛乱
frog	frɒg	n. 青蛙[医] 蛙，马蹄叉
bin	bin	n. （贮存谷物等的）容器，箱子[计] 二进制，商业信息网
grind	graind	n. 磨，碾，苦差，摩擦声，用功的学生vt. 磨擦，磨碎，磨光，折磨，压榨vi. 磨，磨碎，苦干
keyboard	'ki:bɒ:d	n. 键盘[计] 键盘
insure	in'ʃuә	vt. 保险，确保vi. 投保
mainland	'meinlәnd	n. 大陆，本土[法] 大陆
graphic	'græfik	a. 生动的，轮廓分明的，绘画似的，图解的[计] 图形的
subway	'sʌbwei	n. 地铁，地道vi. 乘地铁
descent	di'sent	n. 降落，家系，侵袭，血统[医] 下降，世代，血统
deficiency	di'fiʃәnsi	n. 缺乏，不足[医] 缺乏，不足
transplant	træns'plɑ:nt	vt. 使移居，移植，使迁移vi. 移居，耐移植n. 移居者，移植
explosive	ik'splәusiv	n. 炸药，爆破音a. 易爆发的，爆炸的，暴躁的
illuminate	i'lju:mineit	vt. 照明，用灯装饰，阐明，说明，使灿烂vi. 照亮，用灯装饰
adjacent	ә'dʒeisәnt	a. 毗连的，邻近的，连接的[机] 相邻的，邻位的，交界的
analogy	ә'nælәdʒi	n. 相似，类似[计] 模拟
flaw	flɒ:	n. 缺点，裂纹，瑕疵，一阵狂风[化] 划痕; 裂缝; 裂纹
locality	lәu'kæliti	n. 地方，所在，位置[法] 位置，场所，地区
balcony	'bælkәni	n. 阳台，戏院楼厅
posture	'pɒstʃә	n. 姿势，态度，情形，形势vt. 作……的姿势vi. 作姿势
stab	stæb	n. 刺，戳，剧痛，尝试，努力vt. 刺，戳，刺入，刺痛，直入，使伤心vi. 刺，刺伤
rehearsal	ri'hә:sl	n. 预演，排演，练习，叙述，复述[法] 详述，列举事实，复述
solidarity	.sɒli'dæriti	n. 团结，团结一致，共同一致[法] 团结，共同责任
flush	flʌʃ	n. 流溢，面红，旺盛，发烧，惊飞的鸟，同花牌a. 丰足的，齐平的，满盈的，泛滥的adv. 齐平地，直接地vi. 脸发红，奔涌，旺盛，惊飞vt. 淹没，冲洗，使脸红，使激动，使齐平，使惊飞
discard	dis'kɑ:d	vt. 丢弃，抛弃vi. 垫牌n. 垫牌，抛弃
tub	tʌb	n. 桶，浴盆vt. 装入桶，洗澡vi. 洗盆浴，被放在桶里洗
reservoir	'rezәvwɑ:	n. 贮水池，贮藏处，贮备，水库vt. 储藏
wardrobe	'wɒ:drәub	n. 衣橱，衣室，全部衣服
abundance	ә'bʌndәns	n. 丰富，充足，大量[经] 丰富，充裕
renaissance	ri'neisәns	n. 复活，复兴，文艺复兴a. 文艺复兴的
attendant	ә'tendәnt	n. 随从，侍者，出席者a. 侍候的，伴随的，出席的，在场的
fulfill	ful'fil	vt. 实践，履行，实行，完成，结束，满足[法] 履行，完成，达到
strawberry	'strɒ:bәri	n. 草莓
portable	'pɒ:tәbl	a. 可携带的，可搬运的，可移动的[计] 可移植的
staircase	'stєәkeis	n. 楼梯，梯子，楼梯部分[医] 阶梯现象
moisture	'mɒistʃә	n. 湿气，水分，降雨[化] 含水量; 含湿量
ironic	aiә'rɔnik	a. 冷嘲的，挖苦的，反话的，讽刺的，令人啼笑皆非的，出乎意料的
shatter	'ʃætә	n. 碎片，粉碎，落叶，喷洒vt. 打碎，使散开，粉碎，破坏vi. 粉碎，损坏，脱落
fridge	fridʒ	n. 电冰箱
sniff	snif	n. 以鼻吸气，嗅，气息vi. 嗅，蔑视，嗤之以鼻vt. 闻，用力吸，发觉
startle	'stɑ:tl	n. 惊愕，惊恐vt. 吃惊，使惊愕vi. 惊起
gorgeous	'gɒ:dʒәs	a. 华丽的，灿烂的
tease	ti:z	n. 揶揄，戏弄，逗惹vt. 戏弄，取笑，强求，梳理，使起毛
stool	stu:l	n. 凳子，大便，粪便，厕所vi. 长新枝vt. 引诱，诱捕
waiter	'weitә	n. 侍者
formulation	.fɒ:mju'leiʃәn	n. 系统陈述，公式化，配制[化] 表述; 数学表述; 数式化; 数学表述
semester	si'mestә	n. 学期
jam	dʒæm	n. 果酱，拥塞之物，堵塞，困境vt. 挤进，使塞满，混杂，压碎，使堵塞vi. 堵塞，轧住，拥挤
tumble	tʌmbl	n. 跌倒，摔跤，翻斤斗vi. 翻倒，摔倒，倒塌，滚动，翻斤斗，仓促地行动vt. 使摔倒，使滚翻，弄乱
detector	di'tektә	n. 发现者，检验器，检波器[计] 检波器; 检测器
rotate	'rәuteit	a. 辐状的vt. 使旋转，使转动，使轮流vi. 旋转，循环[计] 旋转
madame	'mædәm	n. 夫人，小姐，太太，女士，主妇，（非正式）喜欢差使/指使别人的女子，鸨母
copyright	'kɒpirait	n. 版权，著作权[法] 著作权
scrape	skreip	n. 刮，擦，挖，擦痕，刮擦声，困境vi. 刮掉，擦掉，刮出刺耳声vt. 刮，擦，擦伤，挖成，积蓄
exclaim	iks'kleim	v. 大叫，呼喊，大声叫
optical	'ɒptikl	a. 眼睛的，视觉的，光学的[机] 光学上的，光学的
bump	bʌmp	n. 撞击，肿块vt. 碰撞vi. 撞，颠簸而行
glare	glєә	n. 闪耀光，刺眼vi. 发眩光，瞪视vt. 瞪眼表示
whatsoever	.hwɒtsәu'evә	pron. 无论什么
visa	'vi:zә	n. 签证vt. 签发
coincidence	kәu'insidәns	n. 巧合，同时发生[电] 符合计数器
overhead	'әuvәhed	n. 经常开支，普通用费，天花板a. 在头上的，高架的adv. 在头顶上，在空中，在高处，从头到脚全部没入地[计] 总开销; 额外开销
goose	gu:s	n. 鹅，雌鹅，鹅肉，弯把熨斗vt. 与……性交，突然加大油门，使生色，喝倒彩
eve	i:v	n. 前夕，前夜
fireplace	'faiәpleis	n. 壁炉
peach	pi:tʃ	n. 桃子，桃树，桃色，美人儿，极好的事物vt. 告发vi. 告密，检举
summarize	'sʌmәraiz	v. 概述，总结
nurture	'nә:tʃә	n. 养育，营养物，培育vt. 养育，供给营养物，教养
scrap	skræp	n. 碎片，残余物，些微，片断，铁屑，吵架vt. 扔弃，敲碎，拆毁vi. 互相殴打a. 零碎拼凑成的，废弃的
vivid	'vivid	a. 生动的，鲜明的，鲜艳的，活泼的，逼真的，清晰的
poison	'pɒizn	n. 毒药，毒，毒物，有毒害的事物vt. 毒害，毒杀，使中毒vi. 放毒，下毒
indulge	in'dʌldʒ	vt. 纵情于，使高兴，放任，迁就vi. 沉溺
disguise	dis'gaiz	n. 假面目，假装vt. 假装，隐瞒
flourish	'flʌriʃ	vi. 繁荣，茂盛，活跃，手舞足蹈vt. 挥舞，夸耀n. 挥舞，炫耀，茂盛，兴旺，华丽词藻
underneath	.ʌndә'ni:θ	adv. 在下面prep. 在……的下面
spider	'spaidә	n. 蜘蛛，设圈套者[化] 星形轮
batch	bætʃ	n. 一次所烘的面包，一次所制之量，一组，批，成批，分批v. 成批，分批处理[计] 一批
obsession	әb'seʃәn	n. 困扰，困扰人的情绪[医] 强迫观念
vigorous	'vigәrәs	a. 精力充沛的，元气旺盛的，茁壮的，有力的
pillar	'pilә	n. 柱子，栋梁，台柱，重要的支持者[医] 柱，脚
nutrition	nju:'triʃәn	n. 营养，营养学[医] 营养，营养品
obscure	әb'skjuә	a. 模糊的，昏暗的，难解的，晦涩的，偏僻的，微贱的，无名的vt. 使变暗，隐藏，使变模糊，使难解
melody	'melәdi	n. 曲子，美妙音乐，曲调
restrain	ri'strein	vt. 抑制，阻止，束缚[法] 抑制，遏制，制止
physicist	'fizisist	n. 物理学家，机械唯物论者，自然科学家[医] 菲西克氏手术（虹膜圆片切除）
salesman	'seilzmәn	n. 售货员，推销员[经] 售货员，店员，推销员
cultivate	'kʌltiveit	vt. 培养，耕作
agony	'ægәni	n. 极大的痛苦，挣扎[医] 濒死苦闷; 剧痛
inject	in'dʒekt	vt. 注射，注入，使入轨[医] 注射
microphone	'maikrәfәun	n. 扩音器，麦克风[医] 扩音器，传声器
bracket	'brækit	n. 支架，括弧，托架vt. 装托架，括入括弧[计] 方括号; 括号
meadow	'medәu	n. 草地，牧场
cherry	'tʃeri	n. 樱桃，樱桃树，樱桃色[医] 樱桃
defy	di'fai	vt. 藐视，挑衅，使落空n. 挑战
plug	plʌg	n. 塞子，栓，插头vt. 插入，塞住，接插头vi. 被塞住
reconcile	'rekәnsail	vt. 使和解，调停，使和谐，使一致，使听从[经] 对帐，使一致
wallet	'wɒlit	n. 皮夹[法] 皮包，皮夹，钱袋
uneasy	.ʌn'i:zi	a. 心神不安的，不自在的，不稳定的，不舒服的
accord	ә'kɒ:d	n. 一致，调和，协定vt. 给与，使一致vi. 相符合
heap	hi:p	n. 堆，许多，累积vt. 堆积，装满[计] 堆
axis	'æksis	n. 轴[计] 坐标轴
bundle	'bʌndl	n. 捆，束vt. 包扎，胡乱塞进vi. 匆忙离开
spontaneous	spɒn'teiniәs	a. 自然的，自发的，未经琢磨的[医] 自发的，特发的，自生的
applause	ә'plɒ:z	n. 鼓掌，喝彩，赞许
presently	'prezntli	adv. 目前，不久
simplicity	sim'plisiti	n. 单纯，简朴，朴素，坦率，天真[计] 简明性
picnic	'piknik	n. 野餐，远足，愉快的经历vi. 去野餐，远足
feast	fi:st	n. 宴会，酒席，享受，节日vt. 款待，享乐，请客vi. 参加宴会，尽情地吃，享受
eternal	i'tә:nl	a. 永恒的，永远的，不灭的
mould	mәuld	n. 模子，模制品，松软沃土，霉vt. 形成，浇铸，用泥土覆盖vi. 发霉
dairy	'dєәri	n. 牛奶公司，乳品店，乳牛场
collision	kә'liʒәn	n. 碰撞，冲突，抵触[计] 冲突
dash	dæʃ	n. 冲撞，破折号，短跑vi. 猛冲，冲撞vt. 泼溅，使猛撞，搀和，使破灭，使沮丧
verify	'verifai	vt. 证明，查证，证实，检验，校验[计] 校验，检验; DOS内部命令:设定写入磁盘时是否验证写入的正确性
rude	ru:d	a. 粗鲁无礼的，粗陋的，粗暴的，原始的，未开化的，大略的，崎岖不平的，狂暴的
mat	mæt	n. 垫，丛，衬边a. 粗糙的，无光泽的vi. 纠缠在一起vt. 铺席于……上，使无光泽，使缠结
fairy	'fєәri	n. 仙女，精灵a. 仙女的
hop	hɒp	n. 单脚跳，跳跃，舞会，飞行vi. 单脚跳，跳跃vt. 跃过，跳上，加蛇麻子于，服麻醉药[计] 跳跃式传输
instrumental	.instru'mentәl	a. 仪器的，器具的，可作为手段的[医] 器械的
imaginative	i'mædʒinәtiv	a. 想像的，虚构的
astronaut	'æstrәnɒ:t	n. 太空旅行者，宇航员[法] 美国太空人
outset	'autset	n. 着手，开头，最初
prestige	pre'sti:ʒ	n. 声望，威望，威信[经] 商誉，声誉
crust	krʌst	n. 外壳，坚硬外皮，面包皮vt. 盖以硬皮vi. 结硬皮
flu	flu:	n. 流感，流行性感冒
sausage	'sɒsidʒ	n. 香肠，腊肠
notify	'nәutifai	vt. 通知，通告，报告[计] 通知
mosquito	mә'ski:tәu	n. 蚊子[医] 蚊
reasoning	'ri:zniŋ	n. 推论，推理，论证[化] 推理
nationality	.næʃә'nælәti	n. 国籍，国家，民族性[法] 国家，民族，国民
trench	trentʃ	n. 渠，沟渠，战壕vt. 在……开沟，挖战壕于，用战壕围住vi. 挖战壕，开沟
thoughtful	'θɒ:tful	a. 深思的，体贴的
absurd	әb'sә:d	a. 荒谬的，不合理的，可笑的n. 荒诞
linen	'linin	n. 亚麻布，亚麻线，亚麻制品a. 亚麻布制的，亚麻的
outrage	'autreidʒ	n. 暴行，侮辱，愤怒vt. 凌辱，虐待，触犯
constrain	kәn'strein	vt. 强迫，限制，关押
optional	'ɒpʃәnl	a. 可选择的，随意的[化] 选购的
shilling	'ʃiliŋ	n. 先令[经] 先令
aloud	ә'laud	adv. 出声地，大声地
jealous	'dʒelәs	a. 嫉妒的，羡慕的，留心的，戒备的
cigar	si'gɑ:	n. 雪茄
rainbow	'reinbәu	n. 彩虹a. 五彩缤纷的
offset	'ɒ:fset	n. 抵消，把……并列，旁系，支管，用胶印法印vt. 弥补，抵消，胶印vi. 装支管n. 偏移量[计] 偏移量
complement	'kɒmplimәnt	n. 补足物，补语，补数vt. 补充，补足[计] 补码; 反相器; 补数
recreation	.rekri'eiʃәn	n. 娱乐，消遣，休息，再创造[医] 娱乐，休养
mob	mɒb	n. 暴民，民众，暴徒vt. 大举包围，蜂拥进入，围攻vi. 聚众生事
liquor	'likә	n. 酒，液体，汁，溶液vt. 浸水vi. 喝酒
affirm	ә'fә:m	v. 断言，确认
sip	sip	n. 啜饮，小口喝，抿vi. 啜饮vt. 啜[计] 单列直插式组件
span	spæn	n. 指距，全长，跨距，一段时间，小范围vt. 以手指测量，跨越，架设，持续
linger	'liŋgә	vi. 逗留，消磨，徘徊vt. 消磨
applaud	ә'plɒ:d	v. 拍手喝彩，称赞，赞同
chimney	'tʃimni	n. 烟囱，灯罩[电] 烟囱
cube	kju:b	n. 立方体，立方[机] 立方体，立方
harbor	'hɑ:bә	n. 港，避难所v. 庇护，藏匿，（使）入港停泊
litre	li:tә(r)	n. 升，公升[计] 升
fax	fæks	n. 传真vt. 发传真[计] 传真系统; 传真
offspring	'ɒ:fspriŋ	n. 子孙，后代，产物[法] 后辈，子孙，后裔
footstep	'futstep	n. 脚步，脚步声，足迹
dim	dim	a. 暗淡的，模糊的vt. 使暗淡[计] 数据解释模块
plantation	plæn'teiʃәn	n. 种植园，大农场，植树造林，新开垦地[医] 栽植（如牙或其他组织的植入、再植和移植）
sunset	'sʌnset	n. 日落，晚年
housewife	'hauswaif	n. 主妇，家庭妇女
monarch	'mɒnәk	n. 帝王，统治者，元首[医] 单原型（植）
antique	æn'ti:k	n. 古董，古物a. 古老的，古风的，旧式的，过时的
pasture	'pæstʃә	n. 牧场，草地，牧草vt. 放牧vi. 吃草
bulletin	'bulitin	n. 公告，布告，公报[电] 电子布告栏
toast	tәust	n. 吐司，烤面包，干杯vt. 敬酒，烤，使暖和vi. 烤，烘
courtyard	'kɒ:tjɑ:d	n. 庭院，天井
skate	skeit	n. 溜冰，冰鞋vi. 滑冰，滑过
cough	kɒf	n. 咳嗽vi. 咳嗽vt. 咳出
fabulous	'fæbjulәs	a. 传说的，寓言般的，难以置信的
communism	'kɒmjunizm	n. 共产主义
intersection	.intә'sekʃәn	n. 交集，十字路口，交叉点[计] 逻辑乘; 与
curse	kә:s	n. 咒骂，诅咒vt. 诅咒，咒骂
freight	'freit	n. 船货，运费，货运vt. 装货，使充满，以货运运送，租（或出租）（船等）
mug	mʌg	n. 有柄大杯，脸，苦读者vt. 给……拍照，攻击，苦读vi. 拼命用功
maths	mæθs	n. 数学
erase	i'reis	vt. 抹去，擦掉[计] 清洗; 擦除; 抹除; DOS内部命令:从磁盘上删除一个或多个文件
stain	stein	n. 污染，污点，着色剂vt. 沾染，染污，着色vi. 变脏
shave	ʃeiv	n. 修面，刮胡子，幸免，剃刀vt. 修面，剃，修剪，掠过vi. 刮脸，勉强通过
spelling	'speliŋ	n. 拼，拼字，拼法[计] 拼写检查
kettle	'ketl	n. 茶壶，罐[化] 釜体釜; 锅
playground	'pleigraund	n. 运动场，操场，度假胜地，活动场所
delete	di'li:t	vt. 删除[计] 删除
underlie	.ʌndә'lai	vt. 位于……之下，成为……的基础
brandy	'brændi	n. 白兰地酒[化] 白兰地
recycle	.ri:'saikl	vt. 使再循环，重新利用，再制n. 再循环
ant	ænt	n. 蚂蚁
feminine	'feminin	a. 女性的，阴性的，柔弱的[医] 女性的，雌性的
symphony	'simfәni	n. 交响乐，交响曲
tuition	tju:'iʃәn	n. 学费，讲授
destructive	di'strʌktiv	a. 毁灭性的，破坏的，有害的[医] 破坏的，毁坏的
terrify	'terifai	vt. 使恐惧，恐吓
vegetation	.vedʒi'teiʃәn	n. 植物[医] 贽生物，贽疣，增殖体; 生长，增殖
bark	bɑ:k	n. 树皮，吠声vi. 吠，叫骂vt. 喊出，剥树皮
fascinate	'fæsineit	vt. 令人入神，使着迷vi. 入迷
generator	'dʒenәreitә	n. 产生器，发电机，生产者[计] 发生器
cafe	kɑ:'fei	n. 咖啡馆，酒店
adjective	'ædʒiktiv	n. 形容词a. 形容词的，从属的
corrupt	kә'rʌpt	a. 腐败的，贪污的，讹误充斥的vt. 使腐烂，腐蚀，使恶化vi. 腐烂，堕落
hemisphere	'hemisfiә	n. 半球，地球的半面，大脑半球[医] 半球
nucleus	'nju:kliәs	n. 核心，核子，原子核，起点[计] 核心程序
thrill	θril	n. 震颤，激动，刺激性，一阵激动vi. 震颤，颤抖，激动vt. 使激动，使颤动
heroin	'herәuin	n. 海洛因，吗啡[化] 海洛因; 二醋吗啡; 二乙酰吗啡
laptop		[计] 膝上型的
kite	kait	n. 风筝，筝帆，空头支票，骗子vi. 象风筝一样飞，轻快地移动，使用空头支票vt. 使上升，骗钱
stroll	strәul	n. 闲逛，漫步v. 闲逛，漫步
nitrogen	'naitrәdʒәn	n. 氮[化] 氮N-2
transparent	træns'pærәnt	a. 透明的，显然的，清晰的[计] 透明
velocity	vi'lɒsәti	n. 速度，迅速[化] 速度
endeavor	in'devә	n. 努力，尽力vi. 努力，尽力
easter	'i:stә	n. 复活节
intriguing	in'tri:giŋ	a. 吸引人的，有趣的
aviation	.eivi'eiʃәn	n. 航空，航空学，飞行术[法] 航空，飞行，飞行术
voltage	'vәultidʒ	n. 电压，伏特数[化] 电压
strap	stræp	n. 带，皮带vt. （用皮带）捆扎
conductor	kәn'dʌktә	n. 领导者，指挥者，售票员，向导[化] 导体
sway	swei	n. 摇摆，影响力，支配vt. 摇动，支配，弄歪，使倾斜，使动摇，影响vi. 摇动，摇摆，倾斜，动摇，统治，转向
whichever	hwitʃ'evә	pron. 无论那一个，任何一个
vicious	'viʃәs	a. 邪恶的，堕落的，品性不端的，恶毒的，恶性的，有错误的[医] 缺点的，恶的
upgrade	'ʌpgreid	n. 上坡，升级，上升adv. 往上vt. 使升级，提升，改良品种vi. 升级[计] 升级
exaggerate	ig'zædʒәreit	v. 夸大，夸张
manifest	'mænifest	n. 载货单，运货单，旅客名单a. 显然的，明白的vi. 显示，出现vt. 表明，表现，证明
overtake	.әuvә'teik	vt. 赶上，突然降临于，压倒，代替
distort	dis'tɒ:t	vt. 扭曲，歪曲[法] 歪区，曲解，纂改
sophomore	'sɒfәmɒ:	n. （大学）二年级生a. 二年级学生的，二年级的
lick	lik	n. 舔，少许，打vt. 舔，卷过，鞭打vi. 轻轻拍打
trivial	'tiviәl	a. 琐碎的，不重要的，轻微的，平常的
resent	ri'zent	vt. 愤恨，憎恶，怨恨
idiot	'idiәt	n. 白痴，极蠢之人[医] 白痴者，痴子
precaution	pri'kɒ:ʃәn	n. 预防，留心，警戒vt. 预先警告
skeleton	'skelәtn	n. 骨骼，骨瘦如柴的人，梗概，骨干，残骸a. 骨骼的，概略的，基层的，骨干的[计] 骨架
bleak	bli:k	a. 萧瑟的，荒凉的，阴冷的
tense	tens	a. 紧张的，拉紧的v. （使）紧张，（使）拉紧n. 时态
artery	'ɑ:tәri	n. 动脉，干道，要道[医] 动脉
postcard	'pәustkɑ:d	n. 明信片
inferior	in'fiәriә	a. 次等的，较差的，下方的，下级的n. 部下，次品，下标（符号）
acquaintance	ә'kweintәns	n. 认识，相识者
humble	'hʌmbl	a. 低下的，谦逊的，粗陋的vt. 使……卑下，降低……地位，贬抑
gum	gʌm	n. 树胶，橡皮，橡皮糖，牙床，老天vt. 涂以树胶，用胶粘，使有粘性vi. 分泌树胶，发粘
fishery	'fiʃәri	n. 渔业[法] 捕鱼，捕鱼权
audio	'ɒ:diou	a. 音频的，声音的[电] 声频
tick	tik	n. 滴答声，一瞬间，壁虱，褥套，信用，赊欠vi. 滴答响，活动vt. 滴答地记录，标记号于
swift	swift	n. 褐雨燕，快速爬行的小蜥蜴，蝙蝠蛾，大滚筒a. 迅速的，快的，敏捷的，立刻的adv. 迅速地，敏捷地
cosmic	'kɒzmik	a. 宇宙的，宇宙航行的，无限的，有秩序的[医] 宇宙的
handy	'hændi	a. 便利的，敏捷的，容易取得的[化] 便于使用的; 易操作的
disperse	dis'pә:s	vt. 分散，传播，散开vi. 分散a. 分散的[计] 分散
ponder	'pɒndә	v. 沉思，考虑
complicate	'kɒmplikeit	vt. 弄复杂，使错综，使恶化vi. 变复杂
rag	ræg	n. 碎布，抹布，碎片，碎屑，少量，破旧衣服vt. 责骂，揶揄，戏弄vi. 喧闹
denounce	di'nauns	vt. 告发，抨击，谴责[法] 谴责，斥责，告发
chalk	tʃɒ:k	n. 粉笔，白垩vt. 用粉笔写，记录
ascertain	.æsә'tein	vt. 确定，查明[法] 查明，弄清，确定
expel	ik'spel	vt. 驱逐，逐出，排出，开除[医] 排除，迫出
pedestrian	pә'destriәn	n. 行人，步行者a. 人行的，徒步的，呆板的，通俗的，平淡无奇的
signify	'signifai	vt. 象征，预示vi. 要紧，重要
embed	im'bed	vt. 使插入，使嵌入，使深留脑中[计] 嵌入
decay	di'kei	n. 衰退，腐败v. （使）衰退，（使）腐败
cereal	'siәriәl	n. 谷类食品，谷类植物a. 谷类的
gallon	'gælәn	n. 加仑[医] 加仑
congratulate	kәn'grætʃәleit	vt. 祝贺，庆贺
drip	drip	n. 水滴v. （使）滴下
notorious	nәu'tɒ:riәs	a. 声名狼藉的，臭名昭著的，众人皆知的
elevate	'eliveit	vt. 举起，提拔，鼓舞
loosen	lu:sn	vt. 放松，松开，解除vi. 变松，松弛
lottery	'lɒtәri	n. 奖券，彩票，运气[经] 抽彩给奖法
cellar	'selә	n. 地窖，地下室，藏酒
procession	prә'seʃәn	n. 队伍，连续，列队行进，涌出
royalty	'rɒiәlti	n. 皇室，王族成员，王权，特权阶层，庄严[经] 特许权，使用费，使用税
sticky	'stiki	a. 粘的，有粘性的，顽固的
appliance	ә'plaiәns	n. 器械，用具，应用[医] 矫正器; 器
circus	'sә:kәs	n. 马戏团，马戏，竞技场
infinite	'infinit	n. 无限，神a. 无穷的，无限的，极大的
gauge	geidʒ	n. 标准度量，计量器vt. 精确计量，估计[计] 线规
plaster	'plæstә	n. 石膏，灰泥，安慰（缓解）用品，膏药vt. 涂以灰泥，敷以膏药，掩饰，使平服，彻底击败，减轻，粘贴
gossip	'gɒsip	n. 闲聊，随笔，流言，爱讲闲话的人vi. 说闲话，闲聊
inhabit	in'hæbit	vt. 居住于，占据，栖息
pigeon	'pidʒin	n. 鸽子，易上当受骗的人，年轻女子
hospitality	.hɒspi'tæliti	n. 款待，亲切，殷勤
dentist	'dentist	n. 牙科医生[医] 牙医师
excerpt	'eksә:pt	n. 摘录v. 引用，摘录
detain	di'tein	vt. 扣留，扣押，耽搁[法] 拘留，扣押，留住
miniature	'miniәtʃә	n. 缩图，小画像a. 小规模的，纤小的
solitary	'sɒlitәri	n. 独居者a. 孤独的，独居的
ripe	raip	a. 成熟的，熟练的，成年的[医] 成熟的
trolley	'trɒli	n. 电车，手推车，台车vt. 用手推车运vi. 乘电车
jewel	'dʒu:әl	n. 珠宝，贵重物，镶珠宝的饰物vt. 饰以珠宝，镶以宝石
slogan	'slәugәn	n. 呐喊声，标语，口号
nominal	'nɒminl	a. 名义上的，名字的，有名无实的，稍许的n. 名词性词
hen	hen	n. 母鸡，雌禽
disposition	.dispә'ziʃәn	n. 性情，处置，处理，布置[医] 素因，性情
nickname	'nikneim	n. 绰号，昵称vt. 给……取绰号，叫错名字[计] 绰号
siege	si:dʒ	n. 包围，围攻，再三的努力vt. 包围，围攻
addict	ә'dikt	vt. 使沉溺，使上瘾n. 入迷的人，上瘾者
cushion	'kuʃәn	n. 垫子，橡皮软垫vt. 加垫褥，缓冲，掩盖
dial	'daiәl	n. 刻度盘，钟面，转盘v. 拨
bacon	'beikәn	n. 熏猪肉[机] 腌肉
hail	heil	n. 冰雹，致敬，欢呼，招呼vt. 向……欢呼，致敬，招呼，使象下雹样落下vi. 招呼，下雹interj. 万岁，欢迎
indoor	'indɒ:	a. 户内的，室内的
naive	nɑ:'i:v	a. 天真的，纯真的，幼稚的
compartment	kәm'pɑ:tmәnt	n. 分隔间，卧车包房，防水舱隔[医] 隔室，隔间
kindergarten	'kindә.gɑ:tn	n. 幼稚园
fracture	'fræktʃә	n. 破碎，骨折v. （使）破碎，（使）破裂
prose	prәuz	n. 散文v. 写散文a. 散文的，平凡的
quilt	kwilt	n. 棉被vt. 加软衬料后缝制，东拼西凑地编vi. 缝被子
utter	'ʌtә	a. 全然的，绝对的，完全的vt. 发出声音，做声，发表，发射，流通
pyramid	'pirәmid	n. 角锥，金字塔v. （使）成金字塔状，（使）渐增，（使）上涨
tomb	tu:m	n. 坟墓，死亡vt. 埋葬
bachelor	'bætʃәlә	n. 单身汉，学士[法] 学士，单身汉
descendant	di'sendәnt	n. 后裔，子孙a. 传下的，下降的
consolidate	kәn'sɒlideit	vt. 巩固，使联合，统一vi. 巩固[计] 合并计算
scarf	skɑ:f	n. 围巾，头巾，领带，领巾，嵌接vt. 用围巾围，嵌接
upward	'ʌpwәd	a. 向上的adv. 以上
ham	hæm	n. 火腿，后腿，笨拙演员a. 过火的，做作的v. 演得过火
denote	di'nәut	vt. 指示，表示
imitate	'imiteit	vt. 模仿，效法，冒充，仿造
fellowship	'felәuʃip	n. 伙伴关系，共同参与，团体，奖学金，友谊[经] 合伙关系，研究员薪金，研究员基金
velvet	'velvit	n. 天鹅绒a. 天鹅绒的
stereo	'stiәriәu	n. 铅版，立体照片a. 立体的，立体感觉的
credential	kri'denʃәl	n. 国书，凭据，证明书[经] 凭证，证书
reliance	ri'laiәns	n. 信任，信赖，受信赖的人（或事）[法] 信任，信赖，信心
heroic	hi'rәuik	a. 英勇的，英雄式的，壮丽雄伟的n. 英雄诗，史诗，英勇行为
foam	fәum	n. 泡沫，水沫，泡沫材料vi. 起泡沫，吐白沫vt. 使起泡沫
affiliation	ә.fili'eiʃәn	n. 联系，从属关系[医] 父权（判定私生儿的父亲）
bald	bɒ:ld	a. 秃头的，光秃的，单调的，赤裸的vi. 变秃
fixture	'fikstʃә	n. 固定（状态）, 固定物，设备[计] 夹具
crisp	krisp	a. 脆的，新鲜的，活泼的v. （使）烘脆，（使）拳曲，（使）起皱n. 松脆物
meditation	.medi'teiʃәn	n. 沉思，冥想
fearful	'fiәful	a. 可怕的，恐怕的，担心的
overturn	.әuvә'tә:n	n. 倾覆，破灭，革命vt. 推翻，颠倒vi. 翻倒
subordinate	sә'bɒ:dnit	n. 属下，附属物a. 下级的，次要的，附属的vt. 使居下位，使服从
standpoint	'stændpɒint	n. 立场，观点
groan	grәun	n. 呻吟，叹息vi. 呻吟，抱怨，受压迫vt. 呻吟地说
tug	tʌg	n. 用力拉，拖曳，苦干，挣扎，绳索v. 用力拉
saddle	'sædl	n. 鞍，马鞍，车座，鞍状物vt. 装以马鞍，使负担vi. 跨上马鞍
dwarf	dwɒ:f	n. 矮子，侏儒v. （使）变矮小
preceding	.pri:'si:diŋ	a. 在前的，前面的[法] 在前的，在先的，前面的
abundant	ә'bʌndәnt	a. 丰富的，充分的，大量的
prone	prәun	a. 俯伏的，面向下的，有……倾向的[医] 旋前的，伏的，俯的
hose	hәuz	n. 水管，橡皮软管，长统袜vt. 用水管浇
mobilize	'mәubilaiz	vt. 动员，调动，使流通vi. 动员
lazy	'leizi	a. 懒惰的，怠惰的，缓慢的vi. 懒散
questionable	'kwestʃәnәbl	a. 可疑的[法] 可疑的，有问题的，不可靠的
intercourse	'intәkɒ:s	n. 交往，交流[医] 交际，往来
marital	'mæritәl	a. 丈夫的，婚姻的，夫妇间的[医] 婚姻的
wedge	wedʒ	n. 楔子，楔形物，起因，导致分裂的东西vt. 楔住，挤进，楔入vi. 楔入，挤进
diploma	di'plәumә	n. 文凭，毕业证书[医] 文凭
prototype	'prәutәtaip	n. 原型[计] 样机; 原型
magnet	'mægnit	n. 磁铁，有吸引力之人，有吸引力之物[化] 磁体
emit	i'mit	vt. 发出，放射，发表（意见等）, 散发，发行[化] 放射
noun	naun	n. 名词
quantitative	'kwɒntitәtiv	a. 数量的，定量的[医] 定量的，数量的
ample	'æmpl	a. 大量的，充足的，丰富的
stripe	straip	n. 斑纹，条纹[医] 纹，条纹
foremost	'fәumәust	a. 最初的，最重要的adv. 在最前
sorrow	'sɒrәu	n. 悲伤，哀惜，不幸vi. 悲伤，懊悔，遗憾
volcano	vɒl'keinәu	n. 火山
greeting	'gri:tiŋ	n. 祝贺，问候
deteriorate	di'tiәriәreit	v. （使）恶化
swamp	swɒmp	n. 沼泽，进退两难的困境vt. 淹没，击溃，清除，使陷于沼泽vi. 陷于沼泽，淹没
oblige	ә'blaidʒ	vt. 强制，施恩惠于，使感激vi. 施恩惠，帮忙
bait	beit	n. 饵vt. 以饵引诱，欺负vi. 中途休息
noticeable	'nәutisәbl	a. 显而易见的，显著的，值得注意的
enlarge	in'lɑ:dʒ	vt. 扩大，增大vi. 扩大，详述
sore	sɒ:	a. 悲伤的，痛的，引起痛苦的n. 痛处，溃疡，疮
token	'tәukәn	n. 表征，记号，代币a. 象征的，表意的[计] 记号
oath	әuθ	n. 誓约，誓言，咒骂[法] 誓言，誓约，宣誓
badge	bædʒ	n. 徽章，标记[计] 标记
nephew	'nefju:	n. 侄子，外甥
foresee	fɒ:'si:	vt. 预见，预知
blur	blә:	vt. 使模糊，弄脏vi. 弄脏，模糊
vacant	'veikәnt	a. 空的，空白的，空虚的，空闲的，茫然的，空缺的[法] 空的，空虚的，闲暇的
fertilizer	'fә:tilaizә	n. 肥料，促进发展者，受精媒介物[化] 肥料
gratitude	'grætitju:d	n. 感激之情
altitude	'æltitju:d	n. 高度，海拔，高处[电] 高度
tidy	'taidi	n. 椅子的背罩，装杂物的容器a. 整齐的，有条理的vt. 弄整齐，收拾，整理vi. 整理，收拾
hardship	'hɑ:dʃip	n. 艰难，辛苦，苦难[法] 受苦，吃苦，苦难
adhere	әd'hiә	vi. 依附，粘着，坚持，追随，拥护vt. 使粘附
outing	'autiŋ	n. 郊游，远足a. 远足适用的
invaluable	in'væljuәbl	a. 无价的，价值无法衡量的
shepherd	'ʃepәd	n. 牧羊人，牧羊犬，牧师，保护者vt. 看守，领导，指导，牧羊
collaborate	kә'læbәreit	vi. 合作，勾结[法] 合作，合著，通敌
manoeuvre	mә'nu:vә	n. 调遣，演习，策略vi. 调动，演习，用策略vt. 调动，操纵
waitress	'weitris	n. 女侍者，女服务员
aeroplane	'єәrәplein	n. 飞机[机] 飞机
remnant	'remnәnt	n. 剩余，零料，遗迹a. 剩余的，残余的
cement	si'ment	n. 水泥，胶结剂vt. 胶合，用水泥涂vi. 黏牢
recite	ri'sait	v. 背诵，朗读，叙述
preside	pri'zaid	vi. 统辖，当主人，主持[法] 主持，负责，指挥
petty	'peti	a. 琐碎的，小规模的，小气的，委琐的[经] 小额的，微小的，小规模的
underestimate	.ʌndәr'estimeit	n. 低估vt. 低估，看轻
advent	'ædvәnt	n. 来到，来临
undo	.ʌn'du:	vt. 解开，取消，破坏，毁灭，扰乱vi. 松开[计] 撤消
sceptical	'skeptikl	a. 怀疑论的，怀疑的
robust	rәu'bʌst	a. 健康的，强健的，要用力气的，坚定的，粗野的[计] 健壮性
feasible	'fi:zәbl	a. 能实行的，可行的，适宜的[法] 可行的，可执行的，可完成的
ecology	i:'kɒlәdʒi	n. 生态学，社会生态学[化] 生态学
fuss	fʌs	n. 大惊小怪，小题大作，忙乱vi. 无事自扰，焦急，焦燥，忙乱vt. 使激动，使烦燥
accessory	әk'sesәri	n. 附件，零件，附加物，从犯，同谋a. 附属的，补充的，同谋的，帮凶的，非主要的，副的[计] 附件
accustomed	ә'kʌstәmd	a. 惯常的，习惯了的
rotten	'rɒtn	a. 腐烂的，恶臭的，堕落的，风化的，虚弱的[经] 腐烂的，堕落的
blossom	'blɒsәm	n. 花，花开的状态，兴旺期vi. 开花，兴旺，发展
ambiguous	æm'bigjuәs	a. 不明确的，模棱两可的[法] 意思含糊的，模棱两可的，暧昧的
spacecraft	'speiskræft	n. 航天飞船
sew	sәu	vt. 缝纫，缝合，缝vi. 缝纫
prestigious	pre'stidʒiәs	a. 享有声望的
customary	'kʌstәmәri	a. 习惯的，惯常的[经] 通常的，习惯的
massacre	'mæsәkә	n. 大屠杀vt. 大屠杀，残杀
ditch	ditʃ	n. 沟渠vt. 在……开沟vi. 开沟
whistle	'hwisl	n. 口哨，汽笛，啸啸声，口哨声vi. 吹口哨，鸣汽笛，发嘘嘘声vt. 用口哨或吹哨传意，用口哨演奏
porter	'pɒ:tә	n. 大楼管理员，门房，搬运工人，侍者，服务员[化] 搬运车; 搬运工人
bud	bʌd	n. 芽，花蕾vi. 发芽，萌芽vt. 使发芽
preoccupation	pri:.ɒkju'peiʃәn	n. 抢先占据，先人之见，入神[医] 成见，注意散漫，心不在焉
astronomy	ә'strɒnәmi	n. 天文学
escort	'eskɒ:t	n. 护送者，护卫者，护航舰vt. 护卫，护送
superficial	.sju:pә'fiʃәl	n. 表面，外表a. 表面的，肤浅的，面积的
radically	'rædikәli	adv. 根本地，完全地
plausible	'plɒ:zibl	a. 貌似真实的，貌似合理的，说得煞有其事的[法] 花言巧语的，似乎有理的
scenery	'si:nәri	n. 风景，景色，舞台布景
resemblance	ri'zemblәns	n. 相似处，类似，肖像
mankind	mæn'kaind	n. 人类，男性
litter	'litә	n. 垃圾，杂乱，轿，担架vt. 乱丢，铺草，弄乱vi. 产仔，乱丢垃圾
voyage	'vɒiidʒ	n. 航行，航海，航程，旅行，航空vi. 航海，航行vt. 航行越过，飞过
stocking	'stɒkiŋ	n. 长袜[医] 马足水肿; 长袜
migrate	'maigreit	vi. 移动，移往，随季节而移居[计] 迁移程序
perfection	pә'fekʃәn	n. 完美，完成，极端[经] 完整性
conquest	'kɒŋkwest	n. 战胜，征服，战利品[法] 征服，赢得，获得
superiority	sju:.piәri'ɒriti	n. 优越，高傲[化] 优越性
slender	'slendә	a. 苗条的，纤弱的，微少的，微薄的[机] 细的，纤细的
imaginary	i'mædʒinәri	a. 想像的，虚构的，假想的
orient	'ɒ:riәnt	n. 东方，东方诸国a. 东方的vi. 向东vt. 使朝东，使适应，确定方向
safeguard	'seifgɑ:d	n. 保卫，保护措施，防护设施vt. 保卫，保护
conspicuous	kәn'spikjuәs	a. 显著的，显眼的，出众的
hay	hei	n. 干草vt. 制干草，供给干草vi. 晒干草
messenger	'mesindʒә	n. 报信者，使者[经] 使者，送信者，通信员
moan	mәun	n. 呻吟，悲叹vi. 呻吟，抱怨，悲叹vt. 呻吟着说
thunder	'θʌndә	n. 雷，雷声vi. 打雷，轰隆地响，怒喝vt. 大声喊出，轰隆地发出
moist	mɒist	a. 潮湿的，多雨的，感伤的，含泪的[医] 湿的
retention	ri'tenʃәn	n. 保持，留置，保留，保持力，保留物，记忆，停滞，固位[计] 保贸，保持
comrade	'kɒmreid	n. 同志，伙伴
contention	kәn'teinʃәn	n. 争论，争辩，所持的论点[计] 争用
tractor	'træktә	n. 牵引器，拖拉机，拉纸器[计] 进纸器
abnormal	æb'nɒ:mәl	a. 反常的，不规则的，变态的，畸形的n. 畸形的人
paradox	'pærәdɒks	n. 似非而是的论点，自相矛盾的话，悖论，怪人怪事[化] 佯谬
vase	veis	n. 花瓶，瓶
revolt	ri'vәult	n. 叛乱，反抗，反感vi. 叛乱，反抗，起义，厌恶，反感vt. 使反感，使恶心
excursion	ik'skә:ʒәn	n. 远足，游览圆，短程旅行[医] 移动，离轨，逸出
cloak	klәuk	n. 斗蓬，大氅，掩护vt. 遮掩，隐匿，使披斗蓬
insult	'insʌlt	n. 侮辱，无礼，损害vt. 损害，侮辱，攻击
kin	kin	n. 亲戚，同族，血缘关系，家族a. 有亲属关系的，性质类似的，同类的
discriminate	dis'krimineit	v. 区别，差别待遇
upright	'ʌprait	a. 正直的，诚实的，公正的，垂直的，竖式的[化] 立杆
pearl	pә:l	n. 珍珠，珠灰色，杰出者，珍贵之物vt. 用珍珠镶，使成珠状vi. 成珠子状，采珍珠，用珍珠做
submarine	'sʌbmәri:n	n. 潜水艇，海底生物a. 海中的，生长在海中的vt. 用潜水艇攻击vi. 在下疾行，在下滑动
sideways	'saidweiz	adv. 向旁边，向侧面地a. 旁边的，向侧面的
bloom	blu:m	n. 花，开花，青春，钢块vi. 开花，焕发青春，茂盛vt. 使茂盛，把……轧成钢坯
necklace	'neklis	n. 项链
blouse	blauz	n. 宽松的上衣
brace	breis	n. 支柱，曲柄，支撑，一对vt. 紧缚，支撑，激励vi. 打起精神[计] 花括号
perfume	'pә:fju:m	n. 香水，香气，（悦人的）气氛，美名vt. 洒香水于，薰香，使充满香气
sermon	'sә:mәn	n. 说教，启示，布道
refine	ri'fain	vt. 精炼，净化，使优雅，使精炼vi. 被精炼，被净化
oval	'әuvәl	n. 椭圆形a. 卵形的，椭圆形的
rigorous	'rigәrәs	a. 严厉的，严酷的，严格的，苛刻的，严密的，精确的
synthetic	sin'θetik	n. 合成物质a. 综合（性）的，人造的，合成的
canoe	kә'nu:	n. 独木舟，轻舟vi. 乘独木舟vt. 用独木舟运
cape	keip	n. 岬，海角，披肩，斗蓬
sturdy	'stә:di	a. 强健的，健全的[医] 羊晕倒病，羊蹒跚病
propel	prәu'pel	vt. 推进，驱使[机] 推进
enclosure	in'klәuʒә	n. 附件，围墙，围绕[化] 机壳; 外壳
pest	pest	n. 令人讨厌之物，有害之物，害虫，瘟疫[医] 鼠疫，瘟疫
splash	splæʃ	n. 飞溅，污点，一点儿，溅泼声，色斑vi. 溅湿，溅开，飞溅vt. 溅，泼，使溅起水，洒，使成斑驳状
stalk	stɒ:k	n. 茎，追踪，高视阔步vi. 悄悄靠近，蹑手蹑脚地走近，蔓延，高视阔步vt. 追踪，搜索
intimidate	in'timideit	vt. 威胁，恐吓[法] 恐吓，威胁，使恐惧
verge	vә:dʒ	n. 边缘，边界，起始点vi. 处在边缘，接近，下沉，趋向
plague	pleig	n. 瘟疫，天罚，麻烦，灾祸vt. 折磨，使苦恼，使得灾祸
expire	ik'spaiә	vi. 期满，呼气，断气vt. 呼出
catastrophe	kә'tæstrәfi	n. 大灾难，大祸[化] 突变
withhold	wið'hәuld	vt. 使停止，扣留，保留，拒给vi. 克制，忍住
coupon	'ku:pɒn	n. 息票，赠券[经] 息票，利息单，联票
transcend	træn'send	vt. 超越，胜过
fireman	'faiәmәn	n. 救火队员，消防队员[机] 司炉
resistant	ri'zistәnt	n. 抵抗者，反抗者a. 抵抗的，反抗的，耐……的
violin	.vaiә'lin	n. 小提琴
swan	swɒn	n. 天鹅，天鹅星座，有才华的诗人vi. 闲荡，蜿蜒而行
learned	'lә:nid	a. 有学问的，学术上的learn的过去式和过去分词
conversely	'kɔnv\\\\:sli	adv. 相反，逆，颠倒，反题，反
vest	vest	n. 背心，汗背心vt. 使穿衣服，授予vi. 穿衣服，归属
inference	'infәrәns	n. 推论[法] 推论，推理，推断
tram	træm	n. 电车轨道，煤车，纬纱，纬丝vt. 用煤车运载vi. 乘电车
overlap	.әuvә'læp	n. 重叠，重复，部分的同时发生vt. 重叠，重复，与……同时发生vi. 迭盖，部分的同时发生[计] 重叠
handkerchief	'hæŋkәtʃif	n. 手帕，头巾，围巾
heave	hi:v	n. 举，抛，起伏，鼓起vt. 用力举起，使举起，使鼓起vi. 抛出，起伏，喘息，凸起
clap	klæp	n. 拍手，拍手声，霹雳声，花柳病v. 鼓掌，（使）啪地关上
radioactive	.reidiәu'æktiv	a. 放射性的，有放射能的[医] 放射性的，放射的
curb	kә:b	n. 抑制，勒马绳，边石vt. 抑制，束缚，勒住
conquer	'kɒŋkә	vt. 克服，征服，战胜vi. 得胜
composite	kәm'pɒzit	a. 合成的，混合成的，菊科的n. 合成物，复合材料，菊科
symmetry	'simitri	n. 对称，匀称[化] 对称; 对称性; 对称现象
giggle	'gigl	v. 吃吃地笑，咯咯地笑n. 咯咯笑，傻笑
inhale	in'heil	vt. 吸入vi. 吸气
siren	'saiәrin	n. 女海妖，妖女，警报器，汽笛，迷人的美女a. 诱惑的vi. 响着警报器前进
weary	'wiәri	a. 疲倦的，萎靡的，厌倦的，厌烦的vt. 使疲倦，使厌烦vi. 疲乏，生厌，不耐烦
mourn	mɒ:n	v. 哀悼，忧伤，服丧
millionaire	.miljә'nєә	n. 百万富翁，大富豪[经] 大资本家，巨富，百万富翁
scarce	skɑ:s	a. 难得的，稀罕的，缺乏的
barbecue	'bɑ:bikju:	n. 烤肉vt. 烤肉，烧烤
trademark	'treidmɑ:k	n. 商标[法] 商标
displace	dis'pleis	vt. 移置，替换，转移
polar	'pәulә	a. 两极的，极地的，正好相反的，极性的n. 极线，极面
chromosome	'krәumәsәum	n. 染色体[化] 染色体
void	vɒid	n. 空虚，空间，空白，空隙，空虚感a. 空的，无效的，无人的，没有的，无用的[计] 脱墨; 空白点
hum	hʌm	n. 嗡嗡声，哼声，杂声vi. 发低哼声vt. 哼，用哼声表示interj. 哼，嗯
beverage	'bevәridʒ	n. 饮料[化] 饮料（如牛奶、茶、咖啡、啤酒等）
pierce	piәs	vt. 刺穿，穿透，打眼于，洞悉，（声音）响彻，（亮光）照进，深深地打动vi. 刺入，穿入，透入，进入
worse	wә:s	n. 更坏的事，更恶劣的事，败局a. 更坏的，更恶劣的adv. 更坏地，更恶劣地
beforehand	bi'fɒ:hænd	adv. 预先
foul	faul	a. 污秽的，邪恶的，恶臭的，肮脏的，恶劣的，淤塞的vt. 弄脏，妨害，污蔑，犯规，淤塞vi. 腐烂，犯规，缠结adv. 违反规则地，不正当地n. 犯规，缠绕
serial	'siәriәl	n. 分期连载作品，连载小说a. 连续的，一连串的，连载的，分期偿还的[计] 连续的; 串行的
dubious	'dju:biәs	a. 可疑的，不确定的
pear	pєә	n. 梨子，梨树，梨木[机] 梨木
drastic	'dræstik	a. 激烈的[医] 峻泻药，剧烈的
surpass	sә'pɑ:s	vt. 超越，凌驾，胜过
contradict	.kɒntrә'dikt	vt. 反驳，与……抵触，与……矛盾vi. 反驳
muscular	'mʌskjulә	a. 强壮的，肌肉发达的，有力的[医] 肌的; 肌肉发达的
subscribe	sәb'skraib	vt. 捐献，签署vi. 赞成，同意，捐款，预订，认购[计] 订阅
compliment	'kɒmplimәnt	n. 称赞，恭维，敬意vt. 称赞，褒扬，恭维
commute	kә'mju:t	vt. 交换，折偿，减轻vi. 代偿，经常乘车来往
lunar	'lu:nә	a. 阴历的，月的，微亮的（指光）[医] 月的，银的
discrepancy	dis'krepәnsi	n. 不符合，差异，不相符之处[化] 不符值; 偏差值
sincere	sin'siә	a. 诚实的，正直的，真挚的，纯净的
enrich	in'ritʃ	vt. 使富足，使肥沃
pamphlet	'pæmflit	n. 小册子，活页文选
scout	skaut	n. 守候，侦察，搜索，侦察员，侦察机vi. 守候，侦察，巡视，嘲笑vt. 侦察，跟踪，发现，监视，嘲弄
loaf	lәuf	n. 一条面包，块，游荡v. 游手好闲，虚度光阴
sow	sau. sәu	n. 母猪，懒胖女人vt. 播种，散布，使密布vi. 播种
speciality	.speʃi'æliti	n. 专长，擅长，特种技能，详细说明，特性，特产，专业[化] 特制品
comprehend	.kɒmpri'hend	vt. 理解，包括
prosperous	'prɒspәrәs	a. 成功的，繁盛的，幸运的[经] 繁荣的，昌盛的
squirrel	'skwә:rәl	n. 松鼠，松鼠毛皮vt. 贮藏
preferable	'prefәrәbl	a. 更可取的，更好的，更合意的
plight	plait	n. 困境，窘境vt. 宣誓，保证
plough	plau	n. 犁，犁过的地vi. 用犁耕田，开路vt. 耕，犁，开路
pathetic	pә'θetik	a. 悲哀的，可怜的，感伤的，差劲的[医] 感情的
deceive	di'si:v	v. 欺骗，行骗
accidental	.æksi'dentl	a. 意外的，偶然的，非主要的，附属的n. 临时记号，次要方面
evacuate	i'vækjueit	v. 疏散，撤出，排泄
wreck	rek	n. 失事，残骸，破坏vt. 使失事，拆毁，破坏vi. （船）失事，营救失事船只
lever	'levә	n. 杠杆，似杠杆之工具vt. 撬开vi. 使用杠杆
famine	'fæmin	n. 饥荒，缺乏，饥饿
ignorant	'ignәrәnt	a. 无知识的，不知道的，由无知产生的[法] 无知的，愚昧的，不知情的
affiliate	ә'filieit	vt. 使紧密联系，使附属，接纳，收养vi. 发生联系，参加
energetic	.enә'dʒetik	a. 精力充沛的，积极的
cosy		a. 温暖舒适的n. 保暖套
susceptible	sә'septәbl	a. 易受影响的，易感动的，容许……的[法] 易感的，易受影响的，容许
claw	klɒ:	n. 爪，螯，抓伤v. 用爪抓，挖，搜刮
frost	frɒst	n. 霜，冰冻，冷漠vt. 覆着霜，冻结，结霜vi. 受冻，起霜
marvelous	'mɑ:vәlәs	a. 令人惊异的，了不起的，不平常的
mercury	'mә:kjuri	n. 水银，汞，使者[化] 汞Hg
saw	sɒ:	n. 锯子，谚语vt. 锯，锯开，来回移动vi. 拉锯，移动see的过去式
chess	tʃes	n. 国际象棋[建] 雀麦
camel	'kæml	n. 骆驼，打捞浮筒
diversion	dai'vә:ʒәn	n. 转移[医] 转向
shipment	'ʃipmәnt	n. 装船，出货[经] 运送，运送（寄出）货物，装载
farewell	'fєә'wel	n. 辞别，再见，再会interj. 再会
withstand	wið'stænd	vt. 抵住，顶住，经得起
rein	rein	n. 缰绳，统治，支配vt. 驾驭，以缰绳控制，控制vi. 勒住马
cabbage	'kæbidʒ	n. 卷心菜[医] 卷心菜，甘兰
suffice	sә'fais	vi. 足够，有能力vt. 满足
slack	slæk	n. 松弛，松懈，淡季，闲散，家常裤a. 松弛的，不流畅的，疏忽的，无力的，呆滞的，软弱的，漏水的adv. 马虎地，缓慢地vt. 放松，使缓慢vi. 松懈，减弱，松弛
impetus	'impitәs	n. 动力，推动力，动量[医] 冲动，动能，起始（病）
lumber	'lʌmbә	n. 木材，破旧家俱，废物，隆隆声vt. 砍伐木材，乱堆vi. 笨拙地移动，喧闹地向前走，隆隆地移动
prevalent	'prevәlәnt	a. 普遍的，流行的
gloomy	'glu:mi	a. 抑沉的，忧闷的，黑暗的，悲观的
benign	bi'nain	a. 善良的，良性的[医] 良性的
climax	'klaimæks	n. 高潮，极点，层进法v. （使）达到顶点，（使）达到高潮
selfish	'selfiʃ	a. 自私的，利己主义的，自我中心的
kidnap	'kidnæp	vt. 绑架，诱拐，拐骗[法] 拐带，诱拐，绑架
imitation	.imi'teiʃәn	n. 模仿，效法，冒充，赝品[医] 模仿，仿制，仿制品
harden	hɑ:dn	vt. 使变硬，使坚强，使冷酷vi. 变硬，变冷酷
apt	æpt	a. 有……倾向的，易于的，恰当的，聪明的[计] 自动数控语言，自动图象传输，自动程序控制，自动程序设计工具
kindness	'kaindnis	n. 仁慈，亲切，和蔼
earnest	'ә:nist	n. 定金，诚挚，认真a. 认真的，热心的，重要的
hurl	hә:l	n. 用力的投掷vt. 用力投掷，发射，愤慨地说出，丢下vi. 猛投，猛掷
preclude	pri'klu:d	vt. 预先排除，预防，阻止，妨碍[法] 预防，排除，消除
staple	'steipl	n. 主要产物，常用品，主要要素，原料，订书钉，钩环a. 主要的，重要的vt. 分级，钉住
stagger	'stægә	n. 蹒跚，踌躇vi. 蹒跚，犹豫vt. 使摇摆，使踌躇，交错，错开a. 交错的，错开的
hollow	'hɒlәu	n. 洞，窟窿，山谷a. 空的，虚伪的，空腹的，凹的vi. 形成空洞vt. 挖空
lavatory	'lævәtәri	n. 洗脸盆，厕所
coarse	kɒ:s	a. 粗糙的，下等的，粗俗的[计] 粗略的
donkey	'dɒŋki	n. 驴子，笨蛋，顽固者，辅助发动机，辅助泵
certify	'sә:tifai	v. 证明，保证
impatient	im'peiʃәnt	a. 不耐烦的，着急的，急切的
oriental	.ɒ:ri'entl	n. 东方人，亚洲人a. 东方诸国的，亚洲的，东方的
merchandise	'mә:tʃәndaiz	n. 商品，货物v. 交易，买卖
blunt	blʌnt	a. 钝的，坦率的，麻痹的
excel	ik'sel	vt. 胜过，优于，擅长vi. 胜过其他
axe		n. 斧，斧头vt. 削减（人员、经费、计划、机构等）
graze	greiz	n. 吃草，放牧，擦伤，轻擦v. （使）吃草，放牧，轻擦，擦伤
triple	'tripl	n. 三倍数，三个一组a. 三倍的vt. 使增至三倍vi. 增至三倍
compass	'kʌmpәs	n. 指南针，范围，音域vt. 包围，达到，图谋，理解
spacious	'speiʃәs	a. 广大的，宽广的
canteen	kæn'ti:n	n. 水壶，军中俱乐部，临时流动餐馆，小卖部
simplify	'simplifai	vt. 单一化，简单化
cafeteria	.kæfi'tiәriә	n. 自助餐厅[经] 自助餐厅
restless	'restlis	a. 不安静的，慌张的，休息不充分的[医] 不安静的，不宁的
honorable	'ɒnәrәbl	a. 值得尊敬的，荣耀的，高贵的
pave	peiv	vt. 铺设，安排，铺满，为……铺路[化] 铺设
fry	frai	n. 油炸食物，鱼苗v. 油炸，煎
glide	glaid	n. 滑动，滑过，流水vi. 滑动，滑翔，溜走，流逝vt. 使滑动
radius	'reidiәs	n. 半径，范围，辐射光线[电] 半径
infectious	in'fekʃәs	a. 有传染性的，易传染的[医] 传染性的
infrared	.infrә'red	a. 红外线的n. 红外线
qualitative	'kwɒlitәtiv	a. 性质的，质的，定性的
awe	ɒ:	n. 敬畏vt. 使敬畏
necessitate	ni'sesiteit	vt. 迫使，使成为必需，需要
antenna	æn'tenә	n. 天线，触须，触角[化] 天线
blaze	bleiz	n. 火焰，烈火，光辉vi. 燃烧，发光vt. 使燃烧，宣布，在树皮上刻痕
nylon	'nailɒn	n. 尼龙[化] 尼龙; 聚酰胺纤维
sovereign	'sɒvrin	n. 元首，独立国a. 具有主权的，至高无上的，国王的，完全的
harass	'hærәs	vt. 使困扰，使烦恼，折磨
cannon	'kænәn	n. 大炮，加农炮v. 炮轰
embarrass	im'bærәs	vt. 使困窘，使局促不安，阻碍
oneself	wʌn'self	pron. 自己，亲自
daytime	'deitaim	n. 白天，日间
paralyze	'pærәlaiz	vt. 使瘫痪，使麻痹[医] 使麻痹，使瘫痪
thermal	'θә:ml	a. 热的，热量的，温泉的n. 上升温暖气流
fasten	'fɑ:sәn	vt. 拴紧，使固定，系，集中于，强加于vi. 扣紧
navigation	.nævi'geiʃәn	n. 航行，航海，导航[经] 航空，航海，航船
napkin	'næpkin	n. 餐巾，餐巾纸，尿布
luggage	'lʌgidʒ	n. 行李，皮箱
prophet	'prɒfit	n. 预言者，先知，提倡者
unload	.ʌn'lәud	vi. 卸货vt. 从……卸下，摆脱……之负担，倾销，卸（货）[计] 卸载
dental	'dentl	a. 牙齿的[医] 牙的，齿的，齿音，齿音字母
affluent	'æfluәnt	a. 丰富的，富裕的n. 支流，富人
feat	fi:t	n. 壮举，功绩，技艺表演a. 灵巧的，合适的，整洁的
militant	'militәnt	a. 好战的
dwell	dwel	vi. 居住，居住（于）, 存在（于）
seam	si:m	n. 缝合线，衔接口，接缝，线缝，伤疤vt. 缝合，接合，焊合，使留下伤痕vi. 裂开，发生裂痕
naughty	'nɒ:ti	a. 顽皮的，没规矩的，不适当的，下流的
dialect	'daiәlekt	n. 方言，同源语
huddle	'hʌdl	n. 杂乱一团，混乱，拥挤vt. 把……挤在一起，乱堆，草率了事，蜷曲vi. 挤作一团，蜷缩
infer	in'fә:	vt. 推论出，推断vi. 作推论
highland	'hailәnd	n. 高地，苏格兰高地
maneuver	mә'nu:vә	n. 演习，调遣，策略v. 调遣，演习，用计
masculine	'mæskjulin	n. 阳性，男性a. 男性的，阳性的，有丈夫气的
pirate	'paiәrәt	n. 海盗，盗印者，侵犯专利权者vt. 盗印，掠夺，翻印vi. 做海盗，从事劫掠
vice	vais	n. 恶习，恶行，罪恶，堕落，缺陷，恶癖，老虎钳vt. 钳住prep. 代替
jug	dʒʌg	n. 水壶，监牢，模仿夜莺的叫声vt. 放入壶中，炖，关押vi. 模仿夜莺叫
dusk	dʌsk	n. 薄暮，傍晚，黄昏a. 微暗的v. （使）微暗
reed	ri:d	n. 芦苇，芦笛，簧舌，纤弱的人vt. 用芦苇盖，用小凸嵌线装饰
provocative	prә'vɒkәtiv	a. 激发感情的，挑拨的，刺激的n. 刺激物，挑拨物，兴奋剂
wax	wæks	n. 蜡，蜡状物，一阵发怒，增加，（月亮）渐盈vi. 变大，增大，月亮渐满vt. 上蜡于
recurrent	ri'kʌrәnt	a. 再发生的，定期重复的，循环的[医] 复发的，再发的，回归的
sob	sɒb	vi. 啜泣，呜咽vt. 哭诉，哭得使n. 啜泣，呜咽
levy	'levi	n. 税款，所征的人数，征收vi. 征税，课税vt. 征收，强求，召集
graceful	'greisful	a. 优美的
orchard	'ɒ:tʃәd	n. 果园，果树林
subsidize	'sʌbsidaiz	vt. 补助，资助，贿赂[经] 资助，津贴，给……补助金
exemplify	ig'zemplifai	vt. 例证，例示[法] 制作经公章证明的誊本，例证
puppet	'pʌpit	n. 傀儡，木偶[法] 木偶，傀儡，受他人操纵的人
intricate	'intrikit	a. 复杂的，错综的，缠结的，难懂的
glue	glu:	n. 胶，粘性物vt. 粘合，胶合
burglar	'bә:glә	n. 窃贼[法] 夜盗，窃贼，盗窃者
microscope	'maikrәuskәup	n. 显微镜[化] 显微镜
parasite	'pærәsait	n. 寄生生物，寄生虫，食客[医] 寄生物; 寄生胎
turbine	'tә:bain	n. 涡轮机[化] 涡轮机
latent	'leitnt	a. 潜伏性的，隐藏的n. 隐约指纹
baggage	'bægidʒ	n. 行李[经] 行李
veto	'vi:tәu	n. 否决权vt. 否决，禁止
setback	'setbæk	n. 挫折，退步，逆流
housework	'hauswә:k	n. 家事，家务
repression	ri'preʃәn	n. 抑制，压抑，制止[医] 压抑，抑制
veil	veil	n. 面纱，面罩，借口，幕，帐，遮蔽物vt. 戴面纱，隐藏，遮蔽，掩饰vi. 蒙上面纱
numerical	nju:'merikl	a. 数字的，数值的，以数字表示的，擅长于计数的[经] 数字的，用数字表示的
sunrise	'sʌnraiz	n. 日出，黎明，拂晓
comb	kәum	n. 头梳，鸡冠vt. 梳头发，梳毛vi. （浪）涌起
friction	'frikʃәn	n. 摩擦，摩擦治疗，不和[医] 摩擦
aerial	'єәriәl	a. 空中的，航空的，空气的，空想的n. 天线
lateral	'lætәrәl	n. 侧部，支线，边音a. 侧面的，旁边的
cardinal	'kɑ:dinәl	n. 红衣主教，鲜红色a. 主要的，深红色的
dine	dain	vi. 用正餐，进餐vt. 宴请
hatch	hætʃ	n. 孵化，舱口vt. 孵，孵出，策划vi. 孵化
bowling	'bәuliŋ	n. 保龄球戏
ignite	ig'nait	vt. 点燃，使灼热，使兴奋
revolve	ri'vɒlv	v. （使）旋转，反复考虑，循环出现
alternate	'ɒ:ltәnәt	a. 交替的，轮流的，间隔的v. 轮流，（使）交替
bully	'buli	n. 欺凌弱小者，土霸vt. 威胁，恐吓，欺负vi. 欺负a. 特好的，第一流的adv. 十分
contaminate	kәn'tæmineit	vt. 弄污，弄脏，污染，毒害[化] 污染
geology	dʒi'ɒlәdʒi	n. 地质学，地质情况
vowel	'vauәl	n. 元音a. 元音的
merry	'meri	a. 快乐的，愉快的，嬉戏作乐的
sober	'sәubә	a. 未醉的，稳重的，节制的，严肃的，不夸大的，合理的，朴素的vt. 使醒酒，使严肃vi. 从醉里醒来，变严肃
clasp	klɑ:sp	n. 扣子，钩，紧握v. 扣紧，紧握
nap	næp	n. 小睡，稍睡，细毛，孤注一掷vi. 小睡，疏忽vt. 使拉毛，打盹度过，预测……为获胜马
impair	im'pєә	vt. 损害，减少，削弱[法] 损害，伤害，减少
clone	klәun	n. 无性系[计] 代用件
razor	'reizә	n. 剃刀vt. 剃
intrinsic	in'trinsik	a. 本质的，原有的，真正的[医] 内部的，内在的
starve	stɑ:v	v. （使）饿死，（使）挨饿
reclaim	ri'kleim	vt. 开垦，改造，感化，纠正，回收vi. 喊叫，抗议
fertile	'fә:tail	a. 可繁殖的，肥沃的，生产多的[医] 能生育的
timely	'taili	a. 及时的，适时的adv. 及时地
disgust	dis'gʌst	n. 厌恶，嫌恶vi. 令人厌恶vt. 使作呕
doom	du:m	n. 厄运，不幸，法律，宣告，判决，死亡vt. 命中注定，判决
niece	ni:s	n. 侄女，甥女
capsule	'kæpsju:l	n. 胶囊，蒴果，瓶帽，航天舱[化] 胶囊剂
hamburger	'hæmbә:gә	n. 汉堡（德国港口）, 肉饼，汉堡包，纯精牛肉，汉堡牛排
liberate	'libәreit	vt. 解放，释放，使自由[机] 释出，放出
liner	'lainә	n. 班机，划线者，定期船，衬里[化] 衬垫; 垫带; 套管
orphan	'ɒ:fәn	n. 孤儿a. 无双亲的，孤儿的vt. 使成孤儿[计] 弧体
idle	'aidl	a. 懒惰的，闲散的，停顿的，空闲的，无用的vi. 无所事事，闲散，浪费，空转vt. 虚度，使闲散，使空转n. 空转，空闲时间[计] 空闲时间
reel	ri:l	n. 卷轴，一卷，纺车，旋转，蹒跚vt. 卷……于轴上，绕，使旋转vi. 蹒跚地走，旋转，眩晕，摇晃，退缩[计] 卷; 盘
alleviate	ә'li:vieit	vt. 减轻，使缓和
disregard	.disri'gɑ:d	n. 忽视，漠视vt. 忽视，不顾
detach	di'tætʃ	vt. 使分离，分遣[机] 摘下，分离，卸下
hinder	'hindә	a. 后面的v. 阻碍，打扰
mock	mɒk	n. 嘲笑，戏弄，模仿a. 假的，伪造的，模拟的adv. 虚伪地vt. 嘲弄，模仿，使失望，欺骗，挫败vi. 嘲弄
escalate	'eskәleit	vi. 逐步扩大，逐步升高，逐步增强vt. 使逐步上升
indifferent	in'difәrәnt	a. 漠不关心的，无重要性的，中立的[医] 中性的，无作用的，无亲和力的，淡漠的
stubborn	'stʌbәn	a. 顽固的，不听话的，执拗的，棘手的
bathe	beið	vt. 沐浴，用水洗vi. 洗澡
tentative	'tentәtiv	n. 试验a. 试验性的，暂时的
avert	ә'vә:t	vt. 转开，避免，防止
conjunction	kәn'dʒʌŋkʃәn	n. 连接词，联合，结合[计] 合取
novelty	'nɒvәlti	n. 新奇，新鲜，新奇的事物
continual	kәn'tinjuәl	a. 持续不断的，继续的[建] 连续的
seaside	'si:said	a. 海边的，海滨的n. 海滨
outskirts	'autskә:ts	n. 近郊，市郊
blueprint	'blu:'print	n. 蓝图，设计图，（周详的）计划vt. 制成蓝图，计划
digest	di'dʒest	n. 文摘vi. 消化vt. 消化，理解[计] 摘要
vicinity	vi'siniti	n. 附近，邻近，附近地区，近处[法] 附近，邻近，附近地区
menace	'menis	n. 威胁，胁迫v. 威吓，胁迫
breadth	bredθ	n. 宽度[法] 违背，违犯，未遵守
accustom	ә'kʌstәm	vt. 使习惯于
ruthless	'ru:θlis	a. 无情的，残忍的，毫不留情的，彻底的[法] 无情的，残忍的
collide	kә'laid	vi. 碰撞，互撞，抵触
reap	ri:p	vt. 收割，收获，获得vi. 收割，得到报应
fume	fju:m	n. 臭气，烟，激怒vt. 熏vi. 冒烟
commend	kә'mend	vt. 嘉奖，委托给，推荐
arrogant	'ærәɡәnt	a. 自大的，傲慢的
bypass	'baipɑ:s	n. 旁路vt. 省略，绕过，忽视，回避
reassurance	.ri:ә'ʃurәns	n. 安心，放心，再保证
persuasion	pә'sweiʒәn	n. 说服，信念，派别，说服力
eclipse	i'klips	n. 日食，月食，（地位名誉等的）消失vt. 引起日食，引起月食，使黯然失色
beware	bi'wєә	v. 小心，谨防
paste	peist	n. 面团，面食，浆糊，糊状物，粘贴，用拳重击vt. 用浆糊粘，张贴，狠狠地打[计] 粘贴
bruise	bru:z	n. 青肿，挫伤，擦伤vi. 受伤，擦伤vt. 使受伤，研碎
savage	'sævidʒ	a. 未开化的，野蛮的，无礼的，残酷的，原始的，粗鲁的，未开发的vt. 用暴力对付，凶猛攻击n. 原始人，粗鲁人
poultry	'pәultri	n. 家禽
bankrupt	'bæŋkrʌpt	n. 破产者a. 破产的vt. 使破产
conserve	kәn'sә:v	n. 蜜饯，果酱vt. 保存，使（能量等）守恒
patriotic	.peitri'ɒtik	a. 爱国的，有爱国心的[法] 爱国的，有爱国心的
ornament	'ɒ:nәmәnt	n. 装饰，点缀品，教堂用品vt. 装饰，修饰
typewriter	'taip.raitә	n. 打字机
briefcase	'bri:fkeis	n. 公事包
dilute	dai'lju:t	vt. 冲淡，稀释a. 淡的，稀释的
obstruction	әb'strʌʃәn	n. 障碍，妨碍，闭塞物[医] 梗阻，不通
eccentric	ik'sentrik	n. 怪人，偏心圆a. 古怪的，反常的，不同圆心的
recede	ri'si:d	vi. 向后退，退却，收回，降低，减弱[医] 退缩
abound	ә'baund	vi. 大量存在，富于，充满
roast	rәust	n. 烤肉，烘烤，嘲笑a. 烘烤的，烤过的vt. 烤，炙，烘焙，嘲笑vi. 烤，炙，烘焙
discreet	dis'kri:t	a. 小心的，慎重的
masterpiece	'mɑ:stәpi:s	n. 杰作，名著
obedience	ә'bi:djәns	n. 服从，顺从，忠实[法] 服从，顺从，遵从
ashore	ә'ʃɒ:	adv. 向岸，在岸上
adore	ә'dɒ:	vt. 崇拜，爱慕，喜爱vi. 崇拜，爱慕
slippery	'slipәri	a. 滑的，光滑的，靠不住的，圆滑的，不稳固的[法] 狡猾的，不可靠的，不安定的
drawback	'drɒ:bæk	n. 缺点，退税[法] 退款，退税
discern	di'zә:n	v. 辨别，看清楚，了解
dove	dʌv	n. 鸽子dive的过去式
ache	eik	n. 疼痛vi. 痛，哀怜，渴望
anguish	'æŋgwiʃ	n. 剧痛，痛苦vt. 使极痛苦vi. 感到痛苦
storey	'stɔ:ri	n. 楼，楼层，层楼
dismay	dis'mei	n. 沮丧vt. 使惊愕，使气馁
pinch	pintʃ	n. 捏，拧，撮，少量，收缩，挤压，夹痛，苦恼，逮捕，指控，匮乏，紧急关头vt. 捏，拧，掐，挤压，修剪，使困苦，使萎缩，节制，少量加入，逮捕，勒索vi. 收缩，节省，挤压，引起苦恼
deduce	di'dju:s	vt. 推论，演绎出[法] 推断，推出，演绎
spicy	'spaisi	a. 香的，多香料的，辛辣的，下流的
endurance	in'djuәrәns	n. 忍耐，忍耐力，耐性[机] 持九性
orderly	'ɒ:dәli	a. 有秩序的，整齐的，值班的n. 护理员，清道夫，传令兵，勤务兵adv. 依次地，顺序地
quarrel	'kwɒrәl	n. 吵架，反目，怨言，方头凿vi. 吵架，争论，挑剔
pants	pænts	n. 裤子，长裤，短衬裤，女式运动短裤
peninsula	pi'ninsjulә	n. 半岛，突出的地方，伊比利亚半岛
relish	'reliʃ	n. 滋味，风味，美味，爱好，食欲，调味品vt. 调味，喜欢，玩味vi. 有味道
pedal	'pedl	n. 踏板，脚蹬子a. 脚的，脚踏的vt. 用脚踏动vi. 踩踏板，骑车
handbook	'hænd,buk	n. 手册[计] 手册
irritate	'iriteit	vt. 激怒，使发怒，使兴奋，使发炎vi. 引起不快
gigantic	dʒai'gæntik	a. 巨人般的，巨大的
repertoire	'repәtwɑ:	n. 全部剧目，全部技能，全部节目，全部作品
scrutinize	'skrutinaiz	vt.vi. 细看，仔细检查，审查，细阅[法] 细看，细阅，仔细检查
wretched	'retʃid	a. 可怜的，不幸的，卑鄙的
dynasty	'dainæsti	n. 朝代，王朝
layoff	'leiɒf	n. 临时解雇，操作停止，活动停止期间
buffet	'bʌfit	n. 自助餐，小卖部，碗橱，殴打，冲击vt. 连续打，冲击，搏斗vi. 奋斗
tailor	'teilә	n. 裁缝，成衣匠vt. 缝制，制作，使适应vi. 做裁缝
undesirable	.ʌndi'zaiәrәbl	a. 不受欢迎的，不合乎社会道德标准的[法] 不受欢迎的人，不良份子，不法份子
refreshment	ri'freʃmәnt	n. 点心，起提神作用的事物，精神爽快
temperament	'temprәmәnt	n. 气质，性格，性情[医] 气质，禀赋
wrinkle	'riŋkl	n. 皱纹，妙计，方法，技巧vi. 起皱vt. 使起皱纹
compute	kәm'pju:t	v. 计算，估算n. 计算，估算
handwriting	'hændraitiŋ	n. 笔迹
comprehension	.kɒmpri'henʃәn	n. 理解，包含
aspire	ә'spaiә	vi. 渴望，立志于
flare	'flєә	n. 闪光，闪耀vi. 闪光，闪耀vt. 用发光信号发出，使闪耀，使张开
dye	dai	n. 颜料，染料vt. 染，染色vi. 被着色
nickel	'nikl	n. 镍，镍币，五分镍币vt. 镀镍于
geometry	dʒi'ɒmәtri	n. 几何学[机] 几何学
knob	nɒb	n. 把手，瘤，旋钮，球形突出物vt. 使有球形突出物vi. 鼓起
simultaneous	.simәl'teinjәs	a. 同时的，同时发生的[计] 同时的
evaporate	i'væpәreit	vi. 蒸发，失去水分，消失vt. 使蒸发，使脱水，使消失
simulate	'simjuleit	vt. 模拟，假装，模仿[法] 伪装的，模拟的; 假装的，伪装的，冒充
optimum	'ɒptimәm	n. 最适条件，最佳效果a. 最优的，最适宜的
volleyball	'vɒlibɒ:l	n. 排球
intrigue	in'tri:g	n. 阴谋，复杂的事vi. 密谋，私通vt. 激起……的兴趣，用诡计取得
wink	wiŋk	n. 眨眼，使眼色，瞬间vi. 眨眼，使眼色，闪烁vt. 眨
intuition	.intju:'iʃәn	n. 直觉，直觉的知识
roundabout	'raundә.baut	a. 迂回的，委婉的n. 迂回路线
grease	gri:s	n. 脂肪，兽脂，油脂，贿赂vt. 涂脂于，贿赂
hawk	hɒ:k	n. 鹰，掠夺者，鹰派成员vi. 放鹰行猎，像鹰一般地袭击，清嗓，咳嗽vt. 捕捉，咳出，兜售，叫卖，散播
inward	'inwәd	a. 内心的，向内的，本来的[医] 向内的
commemorate	kә'memәreit	vt. 纪念
paperback	'peipәbæk	n. 平装本，纸面本
noodle	'nu:dl	n. 面条，笨蛋
deduct	di'dʌkt	vt. 扣除，减去[经] 扣除，减去，折扣
durable	'djurәbl	a. 持久的，耐用的
vapour	'veipә	n. 汽，蒸气vi. 蒸发，吹牛vt. 使蒸发，使汽化
despise	di'spaiz	vt. 轻视
cock	kɒk	n. 公鸡，雄禽，龙头，头目，锥形小干草堆vt. 使耸立，使竖起，堆成锥形小干草堆vi. 大摇大摆地走，翘起
sponge	spʌndʒ	n. 海绵，海绵状的东西vt. 用海绵擦拭，吸收掉，抹掉vi. 采集海绵，海绵般吸收
sprout	spraut	n. 芽，萌芽vt. 使发芽，摘去芽vi. 长芽，抽条
coil	kɒil	n. 线圈，盘绕，骚动，卷vt. 盘绕，卷
invalid	in'vælid	n. 病人，残废者a. 有病的，无效的
heighten	'haitn	vt. 增高，提高，加强vi. 升高，变大
latitude	'lætitju:d	n. 纬度，范围[化] 宽容度; 伟度
pebble	'pebl	n. 小圆石，小鹅卵石，水晶透镜，碎石花纹[医] 小石
unify	'ju:nifai	v. 统一，使成一体
pharmacy	'fɑ:mәsi	n. 药房，配药学，制药业[医] 药学，药剂学，调剂学，药房
tanker	'tæŋkә	n. 坦克手，油船，空中加油飞机，运油飞机，油槽/水槽汽车[化] 槽车; 油槽船
spiral	'spairәl	n. 螺旋形之物，螺线a. 螺旋形的，盘旋的vi. 螺旋形下降，螺旋形上升，螺旋形行进vt. 使螺旋形行进
paw	pɒ:	n. 爪v. 以蹄扒地，用爪子抓，拼命抓，向……乱抓，笨拙地使用，费力地前进
waterfall	'wɒtәfɒ:l	n. 瀑布
whirl	hwә:l	n. 回旋，旋转，急走，眩晕vt. 使旋转，使回旋，卷走vi. 回旋，旋转，急走，发晕
physiological	.fiziә'lɒdʒikl	a. 生理学的，生理学上的，生理机能的[医] 生理学的，生理的
carpenter	'kɑ:pintә	n. 木匠
finite	'fainait	a. 有限的，有穷的，限定的n. 有限物
hound	haund	n. 猎犬vt. 带猎犬狩猎，追捕，激励，使追逐
accordance	ә'kɒ:dәns	n. 一致，和谐
parachute	'pærәʃu:t	n. 降落伞vi. 跳伞
exquisite	'ekskwizit	a. 精致的，细腻的，敏锐的
immerse	i'mә:s	vt. 沉浸，使陷入[医] 浸[入]
petroleum	pә'trәuliәm	n. 石油[化] 石油
flap	flæp	n. 飘，摆动，拍打，拍打声，片状垂悬物v. 拍打，鼓翼而飞，飘动
feudal	'fju:dәl	a. 封建制度的，封地的，领地的
sting	stiŋ	n. 叮，刺痛，刺激，讽刺vt. 叮，刺痛，刺激，使苦恼vi. 叮，刺痛
shortcoming	'ʃɒ:t'kʌmiŋ	n. 缺点，短处
glamour	'glæmә	n. 魅力，迷人的美，魔法vt. 迷惑
solitude	'sɒlitju:d	n. 孤独，单独，孤寂
porcelain	'pɒ:slin	n. 瓷器，瓷a. 瓷制的
pronunciation	prәu.nʌnsi'eiʃәn	n. 发音，读法
ore	ɒ:	n. 矿石[经] 矿
retort	ri'tɒ:t	n. 反驳，顶嘴，蒸馏器，曲颈甑vi. 反驳，回嘴，反击vt. 反击，反驳，蒸馏
disappoint	.disә'pɒint	vt. 使失望
kinship	'kinʃip	n. 亲属关系[法] 亲属关系，家族关系，关系
blush	blʌʃ	vi. 脸红，羞愧vt. 弄成红色n. 脸红
recurrence	ri'kʌrәns	n. 再现，再发生，反复，循环[医] 复发，再发
prosper	'prɒspә	vi. 繁荣，兴隆，成功vt. 使成功，使昌盛
downward	'daunwәd	a. 向下的
sentimental	.senti'mentl	a. 感伤的，感情用事的
oxide	'ɒksaid	n. 氧化物[医] 氧化物
inclusive	in'klu:siv	a. 包含的，包括的
silicon	'silikәn	n. 硅[化] 硅Si
puff	pʌf	n. 一阵喷烟，肿块，喘息v. 喷出，张开，吹捧，（使）充气，喘气，（使）骄傲，（使）膨胀
misunderstand	.misʌndә'stænd	vt. 误解，误会
cucumber	'kju:kәmbә	n. 黄瓜[医] 黄瓜，胡瓜
spear	spiә	n. 矛，枪，持矛者，嫩枝vt. 用矛刺vi. 刺，戳a. 父系的
weekday	'wi:kdei	n. 周日，平日[计] 工作日
dorm	dɒ:m	n. 宿舍
overtime	'әuvәtaim	n. 超时，加班，延长时间a. 超时的，加班的adv. 加班地vt. 使超过时间
relay	'ri:lei	n. 驿马，替班，中继，接力vt. 分程传递，转播，使接替vi. 接力传送，转播
jog	dʒɒg	n. 轻推，轻撞，慢跑v. 轻推，（使）蹒跚行进，（使）慢跑
lantern	'læntәn	n. 灯笼，提灯，航标灯vt. 装上提灯
plateau	plæ'tәu	n. 高地，高原，（上升后的）稳定水平[医] 高原，平顶，坪
slaughter	'slɒ:tә	n. 残杀，屠杀，杀戮vt. 残杀，屠杀，亏本出售
heroine	'herәuin	n. 巾帼英雄，烈妇，女主角[化] 海洛因; 二醋吗啡; 二乙酰吗啡
retrospect	'retrәspekt	n. 回顾，追忆，回溯v. 回顾，追忆
mingle	'miŋgl	v. （使）混合
imperative	im'perәtiv	n. 命令，必要的事，规则，祈使语气a. 命令式的，急需的，势在必行的，强制的
humidity	hju:'miditi	n. 湿气，潮湿，湿度[计] 湿度
howl	haul	n. 嗥叫，吠声，号叫vi. 狂吠，咆哮，呼啸vt. 对……吼叫，狂喊着说
modernization	.mɒdәnai'zeiʃәn	n. 现代化
crane	krein	n. 鹤，起重机vt. 伸颈，起重机起吊vi. 伸颈看，迟疑
crow	krәu	n. 啼叫，乌鸦，鸡鸣，撬棍vi. 啼叫，报晓
faulty	'fɒ:lti	a. 有过失的，有缺点的，不完美的，应受责备的[经] 缺点多的
butcher	'butʃә	n. 屠夫，肉商，小贩vt. 屠宰，屠杀
tedious	'ti:diәs	a. 沉闷的，冗长乏味的
hamper	'hæpә	n. 食篮，阻碍物，食盒vt. 阻碍，使困累，妨碍，牵制
multitude	'mʌltitju:d	n. 多数，群众
prolong	prәu'lɒŋ	vt. 延长，拖延，拖长[化] 冷凝管
lag	læg	n. 落后，囚犯，迟延，桶板，防护套a. 最后的vi. 落后，蹒跚，缓缓而行，滞后vt. 落后于，押往监狱，加上外套[计] 延迟; 落后
perpetual	pә'petʃuәl	a. 永久的，不断的，无期限的，没完没了的，四季开花的[经] 永远的，终身的，持续的
lash	læʃ	n. 鞭子，鞭打，睫毛，责骂，讽刺vt. 鞭打，摆动，扎捆，冲击，讽刺，煽动vi. 冲洗，鞭打，责骂
commonplace	'kɒmәnpleis	n. 寻常事，老生常谈，普通的东西a. 平凡的，普通的
abide	ә'baid	vi. 停留，遵守，居留，继续下去vt. 忍受，经受，屈从于
refrain	ri'frein	n. 重复的话，叠句，副歌vi. 节制，避免，克制
mislead	mis'li:d	vt. 误导
envy	'envi	n. 羡慕，嫉妒vt. 羡慕，嫉妒
evade	i'veid	v. （巧妙地）逃脱，规避，逃避
misfortune	mis'fɒ:tʃәn	n. 不幸，灾祸，坏运气[法] 不幸事故，不幸，灾祸
harness	'hɑ:nis	n. 马具，挽具状带子，甲胄vt. 给……上挽具，驾驭，披上甲胄，利用……以产生动力
economical	.i:kә'nɒmikәl	a. 节俭的，经济的，合算的[经] 经济的，节约的
despatch	di'spætʃ	v. 派遣n. 派遣
shopkeeper	'ʃɒp.ki:pә	n. 零售商，店主，老板
radiate	'reidieit	vt. 放射，散发，辐射，传播，广播vi. 发光，辐射，流露a. 有射线的，辐射状的
extravagant	ik'strævgәnt	a. 奢侈的，挥霍无度的，浪费的
boycott	'bɒikɒt	n. 联合抵制vt. 联合抵制
skim	skim	vt. 撇取浮沫，略读，掠过vi. 擦过，浏览n. 脱脂乳，擦过，表层物a. 撇去浮沫的
disgrace	dis'greis	n. 耻辱，不名誉vt. 使受耻辱，使失体面
overhear	.әuvә'hiә	vt. 无意中听到，偷听
gracious	'greiʃәs	a. 亲切的，慈善的
indispensable	.indis'pensәbl	n. 不可缺少之物a. 不可缺少的，责无旁贷的，绝对必要的
rejoice	ri'dʒɒis	vt. 使欢喜vi. 欣喜，高兴，庆祝
prudent	'pru:dnt	a. 审慎的，三思而后行的，精明的，节俭的
overthrow	.әuvә'θrәu	n. 推翻，瓦解，倾覆vt. 打倒，推翻，倾覆
doctorate	'dɒktәrit	n. 博士头衔
flatter	'flætә	vt. 奉承，阿谀，使高兴[机] 平面锤
abrupt	ә'brʌpt	a. 突然的，唐突的，陡峭的，不连贯的
reckless	'reklis	a. 不介意的，大意的，鲁莽的，不顾后果的[法] 不注意的，粗心大意的，鲁莽的
slum	slʌm	n. 贫民窟vi. 访问贫民区
greedy	'gri:di	a. 贪婪的，贪得的，贪吃的
augment	ɒ:g'ment	v. 增加，增长[计] 增加; 增量; 添加
outward	'autwәd	a. 向外的，表面的，外服的adv. 向外，在外，表面
solemn	'sɒlәm	a. 严肃的，郑重的，庄严的
amaze	ә'meiz	vt. 使吃惊
zoom	zu:m	n. 急速上升，变焦摄影，嗡嗡声vi. 猛增，急速上升，摄象机移动vt. 使摄象机移动[计] 缩放
rectify	'rektifai	vt. 订正，矫正，改正，调正，校正，精馏，整流[化] 精馏
negligible	'neglidʒәbl	a. 可以忽略的，不足取的，无用的[医] 可不计的，可忽视的
renovate	'renәuveit	vt. 更新，革新，刷新，修复，使恢复活力
brisk	brisk	a. 强烈的，寒冷而干燥的，活泼的vt. 使活泼vi. 活跃起来
advisable	әd'vaizәbl	a. 适当的，明智的
pneumonia	nju:'mәunjә	n. 肺炎[医] 肺炎
eminent	'eminәnt	a. 显赫的，杰出的，有名的
cradle	'kreidl	n. 摇篮，发祥地，孩提时代vt. 放在摇篮内，抚育vi. 刈割
shrewd	ʃru:d	a. 精明的，锐利的，剧烈的，机灵的，厉害的
clumsy	'klʌmzi	a. 笨拙的，不雅观的，粗陋的
cherish	'tʃeriʃ	vt. 珍爱，怀有，爱护
jargon	'dʒɑ:gәn	n. 专门术语，行话，梦话，土语[计] 行话
smuggle	'smʌgl	vt. 偷运，走私，私运vi. 走私
ounce	auns	n. 盎司，少量，雪豹[医] 英两，Г
endow	in'dau	vt. 捐赠，捐助，赋予[法] 赠送财产给，分给寡妇一份遗产，授与
jolly	'dʒɒli	a. 愉快的，高兴的，宜人的vt. 恭维，使高兴，取笑vi. 开玩笑adv. 非常，极为
spade	speid	n. 铲子，锄，铲刀，黑桃vt. 以锄掘，把……弄实抹平vi. 铲
scissors	'sizәz	pl. 剪刀[医] 剪
moss	mɒs	n. 苔藓，泥沼vt. 使长满苔藓
exterior	ik'stiәriә	n. 外部，表面，外貌a. 外部的，外在的，表面的
turbulent	'tә:bjulәnt	a. 狂暴的，骚乱的，紊乱的
statesman	'steitsmәn	n. 政治家
unanimous	ju:'nænimәs	a. 意见一致的，无异议的
dread	dred	n. 恐惧，可怕的人（或事）a. 可怕的，可怖的v. 恐惧，害怕
versatile	'vә:sәtail	a. 多才多艺的，万用的，万向的
amuse	ә'mju:z	vt. 消遣，娱乐，使发笑
semiconductor	.semikәn'dʌktә	n. 半导体[化] 半导体
brittle	'britl	a. 易碎的，脆弱的，易坏的[机] 脆的，脆性的，易碎的
dizzy	'dizi	a. 晕眩的，眼花缭乱的vt. 使晕眩
pilgrim	'pilgrim	n. 旅行者，朝圣者，香客vi. 朝圣
pollute	pә'lu:t	vt. 污染，弄脏，玷污[化] 污染
skeptic	'skeptik	n. 怀疑者，怀疑论者，不可知论者
slipper	'slipә	n. 拖鞋，制轮器vt. 用拖鞋打
quiz	kwiz	n. 考查，课堂测验，恶作剧，智力测验vt. 戏弄，考查，恶作剧
fell	fel	vt. 击倒n. 一季所伐的木材，折缝a. 凶猛的，可怕的fall的过去式
arithmetic	ә'riθmәtik	n. 算术，算术知识[机] 算术; 算术的
retrospective	.retrә'spektiv	a. 回顾的，怀旧的，在后面的n. 回顾展
falter	'fɒ:ltә	vt. 支吾地说vi. 支吾，蹒跚地走n. 颤抖，支吾，踌躇
barren	'bærәn	a. 不育的，贫瘠的n. 荒地
hinge	hindʒ	n. 铰链，关键，枢纽vt. 装铰链vi. 靠铰链移动，依……而转移
lest	lest	conj. 以免，唯恐，免得
shutter	'ʃʌtә	n. 百叶窗，关闭物，照相机快门，关闭者vt. 为……装百叶窗，以百叶窗遮闭
reciprocal	ri'siprәkl	a. 互惠的，相互的，相等的，倒数的，彼此相反的n. 倒数，互相起作用的事物
assassinate	ә'sæsineit	vt. 暗杀，行刺[法] 暗杀，行刺，中伤
trumpet	'trʌmpit	n. 喇叭，小号，喇叭声vi. 吹喇叭vt. 用喇叭吹出，吹嘘
racket	'rækit	n. 球拍，喧闹，杂乱无章vi. 喧闹vt. 用球拍打
assimilate	ә'simileit	vt. 使同化，吸收，使相拟，把……比作vi. 被吸收，被同化
tan	tæn	n. 黄褐色，鞣料，马戏团a. 黄褐色的，鞣皮的vi. 晒成棕褐色vt. 把……晒黑，鞣（革）, 狠狠鞭打
rake	reik	n. 耙子，钱耙，斜度，浪子v. 搜索，掠过，（用耙子）耙，（使）倾斜
exempt	ig'zempt	n. 免税者，被免除义务者a. 免除的vt. 使免除，豁免
obsolete	'ɒbsәli:t	a. 荒废的，成废物的，陈旧的，老式的n. 废词，废物
sparkle	'spɑ:kl	n. 闪耀，火花，活力，发泡vi. 闪耀，冒火花vt. 使闪耀
centimetre	'senti,mi:tә(r)	n. 厘米，公分
zip	zip	n. 尖啸声，拉链，活力vt. 给……以速度，使增加活力，拉（拉链）vi. 有力而迅速地行动，嘘嘘地响，拉拉链
tramp	træmp	n. 坚实（或沉重）的脚步声，流浪者vi. 践踏，重步行走，步行，流浪vt. 走过，踩
quantify	'kwɒntifai	vt. 定量，用数量表示，测量
yearly	'jiәli	a. 每年的，一年一度的adv. 一年一次，每年
anecdote	'ænikdәut	n. 轶事，奇闻
rash	ræʃ	a. 轻率的，匆忙的，鲁莽的n. 皮疹
indicative	in'dikәtiv	a. 指示的，象征的，表示……的[经] 指标的
salute	sә'lu:t	vi. 行礼，致意，问候，放礼炮vt. 向……致意，迎接，赞扬n. 招呼，敬礼，礼炮
swarm	swɒ:m	n. 群，大群，蜂群，分蜂群vi. 分群，群集，聚集一块，云集，攀vt. 挤满，爬，攀
conformity	kәn'fɒ:miti	n. 遵照，适合，一致，相似[计] 符合度
stoop	stu:p	n. 佝偻，屈从，弯腰vi. 弯下，屈从，弯腰，堕落vt. 使屈从，使弯曲
tow	tәu	n. 拖，拖绳，拖轮vt. 拖，拉，牵引
notwithstanding	.nɒtwiθ'stændiŋ	adv. 虽然，尽管prep. 尽管conj. 虽然
vegetarian	.vedʒi'tєәriәn	n. 素食者，食草动物a. 素食的
sportsman	'spɒ:tsmәn	n. 运动员，冒险家
fragrant	'freigrәnt	a. 芬香的，馥郁的，愉快的
banquet	'bæŋkwit	n. 宴会
glamor	'glæmә	n. 魅力，迷人的美，魔法vt. 迷惑
anyhow	'enihau	adv. 无论如何，至少
furnace	'fә:nis	n. 火炉，熔炉，考验vt. 在炉中烧
preface	'prefis	n. 序，绪言，前言vi. 作序，写前言vt. 给……作序，以……开始
saucer	'sɒ:sә	n. 茶碟，茶托[医] 碟
barber	'bɑ:bә	n. 理发师
gamble	'gæmbl	n. 赌博，冒险v. 赌博，孤注一掷
console	kәn'sәul	vt. 安慰，藉慰n. 控制台[计] 控制台
tolerant	'tɒlәrәnt	a. 宽容的，容忍的，（对冷、热）能耐的[医] 能耐受的
sly	slai	a. 狡猾的，诡密的，俏皮的，偷偷摸摸的
paddle	'pædl	n. 桨，划桨，明轮翼vi. 划桨，戏水，涉水vt. 用桨划，划船运送，搅，拌
alphabet	'ælfәbit	n. 字母[计] 字母表
homogeneous	.hәumә'dʒi:niәs	a. 同种的，同质的，齐性的[医] 同种的，纯一的，同质的，均匀的
amplifier	'æmplifaiә	n. 扩大的人（物）, 放大器，扩音器[计] 放大器
singular	'siŋgjulә	n. 单数a. 异常的，单一的
hypocrisy	hi'pɒkrәsi	n. 伪善[法] 伪善，虚伪
captive	'kæptiv	n. 俘虏，迷恋者a. 被俘的，被迷住的
duplicate	'dju:plikeit	n. 副本，复本，复制品a. 复制的，二重的vt. 复制，使加倍[计] 复制
germ	dʒә:m	n. 细菌，种子，生殖细胞，根源[医] 芽胞，胚，胚芽，病菌
hysterical	his'terikәl	a. 歇斯底里的，异常兴奋的[医] 癔病的，歇斯底里的
watt	wɒt	n. 瓦（特）[化] 瓦; 瓦特
overflow	.әuvә'flәu	n. 溢值，超值，泛滥v. （使）泛滥，（使）溢出，（使）充溢[计] 上溢; 溢出
bibliography	.bibli'ɒgrәfi	n. 参考书目[计] 书目; 文献目录
opaque	әu'peik	n. 不透明物a. 不透明的，不传热的，不传导的，阴暗的[计] 白底
numb	nʌm	a. 麻木的，失去知觉的vt. 使麻木，使昏迷，使失去知觉
humiliate	hju:'milieit	vt. 使丢脸，使蒙羞，屈辱
pronoun	'prәunaun	n. 代词
extinct	ik'stiŋkt	a. 熄灭的，灭绝的，耗尽的[法] 消灭了的，过时的，无效的
muted		a. 变弱了的，变柔和了的
futile	'fju:tail	a. 无用的，琐细的，不重要的
cripple	'kripl	n. 跛者，残废vt. 使跛，使成残废，削弱a. 跛的，残废的
shady	'ʃeidi	a. 荫凉的，成荫的，阴暗的，隐蔽的[法] 成问题的，令人怀疑的
broom	bru:m	n. 扫帚，金雀花vt. 扫除
bandage	'bændidʒ	n. 绷带[化] 帘布筒; 实心轮胎; 紧带; 绷带
hoist	hɒist	n. 升高，起重机，推动v. 升起，升高，举起
tangle	'tæŋgl	n. 缠结，纠结的一团，困惑，纠纷，混乱vt. 使缠结，缠住vi. 缠结，乱作一团
lapse	læps	n. 过失，流逝，失效vi. 犯错，堕落，减退，消失，流逝vt. 使失效
aggravate	'ægrәveit	vt. 使恶化，使更严重，加重
noteworthy	'nәutwә:ði	a. 值得注目的，显著的
utmost	'ʌtmәust	n. 极限，最大限度，极度a. 极度的，最远的
obstruct	әb'strʌkt	vt. 阻隔，妨碍，阻塞，遮没vi. 设障碍
depress	di'pres	vt. 使沮丧，压低，降低，使萧条[化] 推下
attentive	ә'tentiv	a. 注意的，留心的
perish	'periʃ	vi. 毁灭，丧生，凋谢，颓丧，死亡，腐烂vt. 毁坏，使麻木，使丧生，耗尽
humorous	'hju:mәrәs	a. 富幽默感的，滑稽的，诙谐的
emigrate	'emigreit	v. （使）移居，（使）移民
haste	heist	n. 匆忙，急忙
surname	'sә:neim	n. 姓，别号，绰号vt. 呼以姓氏，起绰号
vanity	'væniti	n. 虚荣心，虚无，自负，空虚，时髦的小摆饰
limp	limp	n. 跛行a. 柔软的，无力的，软弱的vi. 跛行
compress	kәm'pres	vt. 压缩，压紧vi. 受压缩小[计] 压缩程序
impart	im'pɑ:t	vt. 给予，传授，告知
mortal	'mɒ:tәl	n. 生物，人类a. 不免一死的，人类的，临终的
ascend	ә'send	vi. 上升，追溯，登高vt. 攀登
exceedingly	ik'si:diŋli	adv. 极端地，极度地，非常
ultraviolet	.ʌltrә'vaiәlit	a. 紫外线的[化] 紫外线的; 紫外线
ingenious	in'dʒi:njәs	a. 灵敏的，精巧的，聪明的
sulfur	'sʌlfә	n. 硫，硫磺vt. 用硫磺处理
poisonous	'pɒizәnәs	a. 有毒的，恶毒的，讨厌的[医] 有毒的
sane	sein	a. 神智健全的，稳健的，没病的，合理的[医] 精神健全的
fore	fɒ:	a. 在前的，以前的adv. 在前面，在船头prep. 在……前
magnify	'mægnifai	vt. 放大，扩大，赞美，夸大vi. 有放大能力
acquaint	ә'kweint	vt. 使认识，介绍
rot	rɒt	n. 腐烂，腐蚀，败坏vi. 腐烂，烂，堕落，憔悴vt. 使腐烂，使腐朽，使堕落
auditorium	.ɒ:di'tɒ:riәm	n. 听众席，礼堂[医] 大讲堂，大会堂
pessimistic	.pesi'mistik	a. 悲观的，厌世的，悲观主义的
juggle	dʒʌgl	vi. 玩戏法，行骗，篡改vt. 耍弄，歪曲，篡改n. 玩戏法，魔术，欺骗
plentiful	'plentiful	a. 许多的，丰富的，丰饶的
agreeable	ә'griәbl	a. 令人愉快的，同意的[医] 佳适的
stern	stә:n	n. 尾部，船尾，臀a. 严厉的，严格的，坚定的，坚决的
mischief	'mistʃif	n. 损害，伤害，灾祸，恶作剧，淘气[法] 损害，伤害，危害
shear	ʃiә	n. 修剪，剪下的东西，大剪刀，切变，剪切机，切vt. 修剪，割，剥夺，横越，削剪vi. 剪，修剪，剪羊毛，切断
amplify	'æmplifai	vt. 增强，放大，扩大，详述vi. 引伸
lofty	'lɒfti	a. 高的，傲慢的，崇高的，高级的，玄虚的
staggering	'stægәriŋ	a. 蹒跚的，巨大的，惊人的[电] 参差
troublesome	'trʌblsәm	a. 麻烦的，令人讨厌的
permeate	'pә:mieit	vt. 弥漫，渗透，充满，影响，感染vi. 透入，散布
feeble	fi:bl	a. 微弱的，衰弱的，无效的[医] 无力的，衰弱的
esteem	i'sti:m	n. 尊敬，尊重vt. 尊敬，尊重，认为
conspire	kәn'spaiә	vi. 阴谋，协力，共谋vt. 图谋
elapse	i'læps	vi. 逝去，过去n. 逝去，过去
browse	brauz	v. 浏览，吃草n. 浏览，吃草[计] 浏览
soaring	'sɔ:riŋ 'sɔәr-	a. 高飞的，翱翔的，高耸入云的，崇高的，高涨的[经] 飞涨的，高涨的
intrude	in'tru:d	vi. 闯入，侵入vt. 强加于
thermometer	θә'mɒmitә	n. 温度计，体温计[化] 温度计
disdain	dis'dein	n. 蔑视vt. 蔑视，鄙弃
vigor	'vigә	n. 精力，活力
fluent	'flu:әnt	a. 流利的，流畅的
vibrate	'vaibreit	vi. 振动，颤动，激动，摇摆，踌躇vt. 使颤动，使振动，使摆动
stationary	'steiʃ(ә)nәri	a. 不动的，静止的，不变的，固定的，停留的[计] 定常，定态，固定的
conclusive	kәn'klu:siv	a. 决定性的，确定性的，最后的[法] 决定性的，不容置疑的，确实的
recur	ri'kә:	vi. 复发，回到，重现，再来，诉诸，采用，循环
fruitful	'fru:tful	a. 结果实的，多实的，产量多的
credentials		n. 信任状，国书，文件，身份证明，证书[法] 信用证，国书，证书
abdomen	'æbdәmen	n. 腹部[医] 腹[部]
cunning	'kʌniŋ	a. 狡猾的，巧妙的，可爱的[法] 狡猾的的，狡诈的，熟练的
contrive	kәn'traiv	v. 发明，设计，图谋
vain	vein	a. 无价值的，徒然的，空虚的，自负的，愚蠢的
radiant	'reidiәnt	a. 发光的，明亮的，辐射的，容光焕发的[医] 放射的，辐射的，辐射物[质]
grieve	gri:v	vt. 使悲伤vi. 悲痛，伤心
postage	'pәustidʒ	n. 邮资[经] 邮费，邮资
fuse	fju:z	n. 保险丝，导火线v. 熔化，融合
dissipate	'disipeit	vt. 散失，驱散，浪费vi. 消散，放荡
publicize	'pʌblisaiz	vt. 宣传
rigour	'rigә	n. 严格，严厉，苛刻，严酷，严密，精确
quarterly	'kwɔ:tәli	a. 季度的，按季度的，每季的adv. 按季，每三个月，每季一次n. 季刊
indignation	.indig'neiʃәn	n. 愤怒，愤慨，义愤
foreseeable	'fɒ:'si:әbl	a. 可预知的，能预测的[法] 可预见的，可预料的
connotation	.kɒnәu'teiʃәn	n. 含蓄，内涵
wreath	ri:θ	n. 花圈，花环，圈状物[医] 花冠，花冠体（细胞核分裂的一时期）
infancy	'infәnsi	n. 幼年，初期，幼儿期[医] 婴儿期（一足岁以内）
clothe	klәuð	vt. 给……穿衣，盖上，赋予
thorn	θɒ:n	n. 刺，棘，荆棘
melon	'melәn	n. 瓜，甜瓜，红利，赃物[化] 三聚二氰亚胺
approximate	ә'prɒksimәt	a. 大约的，接近的，近似的vt. 接近，使接近，粗略估计vi. 接近于
vulgar	'vʌlgә	a. 粗俗的，庸俗的，普通的，通俗的，方言的[法] 庸俗的，卑下的，粗俗的
vocation	vәu'keiʃәn	n. 职业，天命，天职，才能，行业[法] 行业，职业，职业上的才能
resultant	ri'zʌltәnt	a. 结果的，合成的n. 结果，合力，生成物
stale	steil	n. 尿a. 不新鲜的，陈腐的，疲惫的，陈旧的vt. 使变旧，走味vi. 变陈旧，走味，失时效，撒尿
waterproof	'wɒtәpru:f	n. 防水材料a. 不透水的，防水的vt. 使防水
hostess	'hәustis	n. 女主人，女房东，女老板
psychiatry	sai'kaiәtri	n. 精神病学，精神病治疗[医] 精神病学
elastic	i'læstik	n. 松紧带，橡皮筋a. 有弹性的，能伸缩的，可通融的
traitor	'treitә	n. 叛逆者，叛国者[法] 叛徒，叛逆，背信者
telegram	'teli^ræm	n. 电报，一封电报[计] 电报
lame	leim	a. 跛足的，僵痛的，不完全的，金属薄板，不知内情的人vi. 变跛vt. 使成残废，使无用
provocation	.prɒvә'keiʃәn	n. 激怒，刺激，挑拨[医] 激发[作用]
tempo	'tempәu	n. 速度，节奏，进行速度，（棋的）一着
fright	frait	n. 惊骇，吃惊[医] 惊吓
farther	'fɑ:ðә	a. 更远的，进一步的adv. 更远的，此外，far的比较级
rectangle	'rektæŋgl	n. 长方形，矩形[化] 矩形
stationery	'steiʃәnәri	n. 文具，信纸[法] 文具
shampoo	ʃæm'pu:	n. 洗头，洗发剂vt. 洗头，洗发
rouse	rauz	n. 觉醒，奋起，干杯vt. 唤醒，鼓舞，激动，使振奋，惊起vi. 醒来，奋起
gallop	'gælәp	n. 疾驰，飞奔vi. 飞驰，急速进行，急急忙忙地说vt. 使飞跑，迅速运输
cent	sent	n. 分[经] 美分
grope	grәup	v. 摸索n. 摸索
metric	'metrik	a. 公尺的，公制的，计量的[医] 测量的，米制的，公制的
predominant	pri'dɒminәnt	a. 占主导地位的，卓越的[法] 占优势的，支配其他的，主要的
periodical	.piәri'ɒdikl	n. 期刊a. 定期出版的，（有关）期刊的，间歇（性的）, 周期的，定期的
zeal	zi:l	n. 热心，热衷，热诚
proficiency	prә'fiʃәns	n. 精通，熟练，精练
landlady	'lændleidi	n. 女房东，女地主
shabby	'ʃæbi	a. 衣衫褴褛的，低劣的，破旧的，吝啬的，卑鄙的
thrift	θrift	n. 节约，茂盛，海石竹
installment	in'stɒ:lmәnt	n. 就职，装设，分期付款[经] 分期付款
subtract	sәb'trækt	vt. 减去，扣掉，减少vi. 做减法[计] 减
nourish	'nә:riʃ	vt. 滋养，使健壮，怀有
scold	skәuld	n. 好骂街的人，责骂v. 责骂
brook	bruk	n. 小溪vt. 容忍
rust	rʌst	n. 锈，生锈，衰退vi. 生锈，衰退vt. 使生锈，腐蚀
insulate	'insjuleit	vt. 使绝缘，隔离[医] 绝缘
projector	prә'dʒektә	n. 计划人，发起人，规划人，放映机，映画器，幻灯机，幻灯，探照灯，发射器[计] 投影仪
eloquent	'elәkwәnt	a. 雄辩的，有口才的，有说服力的
treason	'tri:zn	n. 叛逆，不忠，叛国罪[法] 叛逆，通敌，叛国罪
negligent	'neglidʒәnt	a. 疏忽的，粗心的，不在意的
transient	'trænziәnt	n. 瞬，短期居留者，过境鸟，瞬变现象a. 短暂的，易变的，瞬变的，路过的[计] 瞬变过程; 过渡过程; 过渡的; 瞬变的; 瞬时峰值电压
idiom	'idiәm	n. 习语，成语，惯用语法，方言
fabricate	'fæbrikeit	vt. 制造，建造，装配，伪造
wrench	'rentʃ	n. 扳钳，扳手，扭伤，歪曲，痛苦vt. 猛扭，扭伤，曲解，折磨vi. 猛扭，猛绞
slit	slit	n. 裂缝，投币口，狭长裂口vt. 切开，扯裂，使有狭缝vi. 纵切，纵裂
taboo	tә'bu:	n. 禁忌，禁止接近，禁止使用a. 禁忌的，忌讳的vt. 禁忌，忌讳，禁止
narrate	nә'reit	v. 说故事，说明，叙述
zinc	ziŋk	n. 锌vt. 镀锌于
encyclopedia	in.saiklәu'pi:diә	n. 百科全书
malignant	mә'lignәnt	a. 有恶意的，恶性的，有害的[化] 恶性的
satire	'sætaiә	n. 讽刺文学，讽刺
alloy	'ælɒi. ә'lɒi	n. 合金vt. 将……铸成合金，减低成色vi. 合铸
yawn	jɒ:n	n. 哈欠vi. 打哈欠，裂开vt. 打着哈欠说
reptile	'reptail	n. 爬行动物，爬虫，卑鄙的人a. 爬行的，爬虫类的，卑鄙的
overcoat	'әuvәkәut	n. 外套大衣
edible	'edibl	n. 食品，食物a. 可食用的
caress	kә'res	n. 爱抚，拥抱vt. 爱抚，抱，宠爱
skyscraper	'skaiskreipә	n. 摩天楼，三角形天帆
expend	ik'spend	vt. 花费，消耗，用光
bribe	braib	n. 贿赂vt. 贿赂，收买vi. 行贿
humid	'hju:mid	a. 潮湿的，湿润的，多湿气的
automation	.ɒ:tә'meiʃәn	n. 自动化，自动操作[计] 自动学; 自动化
generalize	'dʒenәrәlaiz	vt. 一般化，概括，推广vi. 形成概念，笼统讲
transistor	træn'zistә	n. 晶体管[化] 晶体管
quiver	'kwivә	n. 震动，颤抖，箭袋vi. 颤抖，振动vt. 使颤动a. 敏捷的
glitter	'glitә	n. 灿烂，闪烁，辉耀vi. 灿烂，闪烁，辉耀
thirst	θә:st	n. 口渴，渴望vi. 口渴，渴望
tame	teim	a. 驯服的，柔顺的，被开垦的，顺从的，乏味的，平淡的vt. 驯养，驯服，制服，失去锋芒vi. 变得驯服
strife	straif	n. 争吵，竞争，冲突
refund	'ri:fʌnd	n. 偿还vt. 付还，偿还借款vi. 归还，偿还
eject	i'dʒekt	vt. 逐放，放逐，喷射[化] 排出
mute	mju:t	n. 哑子，哑音字母，弱音器a. 哑的，无声的，沉默的vt. 减弱……的声音vi. 排泄
intersect	.intә'sekt	vt. 贯穿，横穿vi. 交错，相交
intrusive	in'tru:siv	a. 打扰的，插入的[法] 闯入的，侵入的，干涉的
overhaul	.әuvә'hɒ:l	vt. 分解检查，翻修，精细检查，彻底革新n. 分解检查，精细检查，大检修
disable	dis'eibl	vt. 使失去能力，使残废，（律）使无资格[计] 使无效，禁止，关闭
conscientious	.kɒnʃi'enʃәs	a. 有责任心的，负责的，本着良心的[法] 凭良心做的，有道德感的
innumerable	i'nju:mәrәbl	a. 无数的，数不清的
inaccessible	.inæk'sesәbl	a. 难得到的，难接近的，难达成的
refute	ri'fju:t. ri:-	vt. 反驳，驳斥；驳倒
sympathize	'simpәθaiz	vi. 同情，怜悯，同意，体谅
extinguish	ik'stiŋgwiʃ	vt. 熄灭，使消亡，压制，使减色[医] 消灭
pastime	'pæstaim	n. 消遣，娱乐，游戏
submerge	sәb'mә:dʒ	vt. 使浸水，使陷入，淹没vi. 潜入水中
strenuous	'strenjuәs	a. 奋发的，费劲的，艰苦的
impartial	im'pɑ:ʃәl	a. 公平的，不偏不倚的[法] 公正无私的，不偏袒的，公平的
saturate	'sætʃәreit	vt. 使渗透，浸透，使充满，使饱和a. 浸透的，饱和度高的，深颜色的n. 饱和化合物，饱和脂肪酸
repel	ri'pel	vt. 逐退，抵制，使厌恶，抗御vi. 使厌恶，相互排斥
apprehensive	.æpri'hensiv	a. 惴惴不安的，敏悟的，知晓的
dormant	'dɒ:mәnt	a. 睡眠状态的，静止的[医] 休眠的，不活动的，休止的
shorthand	'ʃɒ:thænd	n. 速记[法] 速记法，速记，记录文字
intermittent	.intә'mitәnt	a. 间歇的，断断续续的[化] 间歇的; 间断的
refresh	ri'freʃ	vt. 使清新，使恢复，使生气蓬勃vi. 提起精神，恢复精神，吃点心，喝饮料vt. 刷新，重新整理vi. 刷新，重新整理[计] 刷新，重新整理
timid	'timid	a. 胆小的，羞怯的
rut	rʌt	n. 辙迹，凹槽，常规，惯例，发情期vi. 交尾，发情vt. 挖槽于
degenerate	di'dʒenәreit	a. 堕落的vi. 退化，堕落vt. 使变质，使退化
concise	kәn'sais	a. 简洁的，简明的
symposium	sim'pәuziәm	n. 讨论会，座谈会，专题报告会，专题论文集
doze	dәuz	vi. 打瞌睡，假寐vt. 打瞌睡度过n. 瞌睡
adjoin	ә'dʒɒin	v. 邻接，毗连
inertia	i'nә:ʃә	n. 惯性，惰性，迟钝[化] 惯性
torrent	'tɒ:rәnt	n. 奔流，倾盆大雨，倾注，迸发
forfeit	'fɒ:fit	n. 没收物，罚金，丧失vt. 没收，丧失a. 丧失了的
electrician	.ilek'triʃәn	n. 电学家，电气技师，电工[化] 电工; 电气工人
repressive	ri'presiv	a. 压抑的，抑制的，镇压的
coward	'kauәd	n. 懦弱的人，胆小的人
clockwise	'klɒkwaiz	a. 顺时针方向的adv. 顺时针方向地
hasty	'heisti	a. 匆匆的，轻率的，性怠的
relativity	.relә'tiviti	n. 有关系，相关性，相对性[化] 相对性
maiden	'meidn	n. 年轻未婚女子，少女，处女a. 未婚的，处女的，初次的，无经验的
kilo	'kilәu	n. 千[计] 千
appal	ә'pɒ:l	vt. 使惊骇，使吓坏
saliva	sә'laivә	n. 唾液，唾沫，涎[医] 涎，唾液
enlighten	in'laitn	vt. 教育，启发，启蒙，开导，教导
troupe	tru:p	n. 团，班，一伙vi. 巡回演出
appraise	ә'preiz	vt. 评价，估价[经] 评价，鉴定
superstition	.sju:pә'stiʃәn	n. 迷信[法] 迷信
postman	'pәustmәn	n. 邮递员[法] 邮递员，理财法庭的高级律师
layman	'leimәn	n. 俗人，门外汉，凡人[医] 外行，业外人
spaceship	'speisʃip	n. 宇宙飞船
optimize	'ɒptimaiz	vt. 使完美，使完善，充分利用，乐观地对待，优化vi. 持乐观态度[计] 优化
apprehend	.æpri'hend	vt. 理解，忧虑，逮捕vi. 担心，理解
fluctuate	'flʌktʃueit	vi. 变动，起伏，动摇vt. 使波动，使动摇
transcendent	træn'sendәnt	a. 卓越的，出类拔萃的，超常的n. 卓越的人，超绝物
plumber	'plʌmә	n. 水管工人[法] 堵漏防漏人员
streamline	'stri:mlain	n. 流线，流线型vt. 使成流线型，使合理化
weld	weld	n. 焊接处，焊接vt. 焊接，使密接，使结合，使成整体vi. 焊牢
scorn	skɒ:n	n. 轻蔑，藐视，嘲笑，被嘲弄的人vt. 轻蔑，不屑做
queer	kwiә	n. 怪人，同性恋者a. 奇怪的，不舒服的，可疑的vt. 搞糟
riddle	'ridl	n. 谜，谜语，粗筛vt. 解谜，给……出谜，筛，寻根究底地检验，充满于vi. 出谜
diffuse	di'fju:z	v. 散播，传播a. 散开的，弥漫的
perceptual	pә'septʃuәl	a. 知觉的，有知觉的
desolate	'desәlәt	a. 荒凉的
amiable	'eimjәbl	a. 亲切的，和蔼可亲的[法] 亲和的，和蔼可亲的
indignant	in'dignәnt	a. 愤怒的，愤慨的
cyberspace		[计] 空间，网控空间
trifle	'traifl	n. 琐事，少量vt. 浪费vi. 开玩笑，翻弄，虚度光阴
ox	ɒks	n. 牛
acclaim	ә'kleim	n. 喝彩，欢呼，赞同v. 欢呼，喝彩，称赞
grocer	'grәusә	n. 食品商
prick	prik	vt. 刺，戳，刺痛，使竖起vi. 刺，竖起n. 扎，一刺，刺痛a. 竖起的
purify	'pjuәrifai	vi. 变纯净vt. 使纯净，净化，提纯，精炼
tar	tɑ:	n. 焦油，柏油，水手vt. 涂以焦油，玷污，怂恿a. 焦油的
henceforth	hens'fɒ:θ	adv. 自此以后，今后
momentary	'mәumәntәri	a. 瞬间的，刹那间的
blackmail	'blækmeil	n. 勒索vt. 勒索
deviate	'di:vieit	vi. 脱离，偏离vt. 使偏离a. 脱离常规的n. 脱离常规的人
steamer	'sti:mә	n. 汽船，蒸汽机[化] 蒸汽发生器; 蒸汽机
torment	'tɒ:ment	n. 使人痛苦的东西，折磨者，苦痛vt. 使苦恼，纠缠，歪曲，拷问
peep	pi:p	n. 一瞥，偷看，不完全的景象，初现，吱吱声，嘀咕抱怨声，汽车喇叭声vi. 窥视，出现，吱吱叫vt. 使隐约显现
analytic	.ænә'litik	a. 分析的，善于分析的，解析的[医] 分析的
literate	'litәrit	n. 学者a. 有读写能力的，精通文学的，受过教育的
blunder	'blʌndә	n. 大错，大失策vi. 失策，跌跌撞撞地走，犯错vt. 做错
incline	in'klain	n. 倾斜，斜坡，斜面vt. 使倾向于，使倾斜vi. 倾向，倾斜，爱好，易于
rotary	'rәutәri	a. 旋转的，轮流的n. 旋转式机器
agitate	'ædʒiteit	vt. 使摇动，搅动，使激动，使不安vi. 鼓动，煽动
polarize	'pәulәraiz	v. （使）偏振，（使）极化，（使）两极分化
quirk	kwә:k	n. 古怪举动，俏皮话，急转
fable	'feibl	n. 寓言，神话，谎言vi. 虚构，作寓言
civility	si'viliti	n. 礼貌，礼仪
illiterate	i'litәrәt	n. 文盲a. 目不识丁的，没受教育的
gaol	dʒeil	n. 监禁，监狱vt. 监禁
owing	'әuiŋ	a. 未付的，亏欠的，受惠的，归因于……的[经] 应付的，欠着的，未付的
skillful	'skilful	a. 熟练的，巧妙的[机] 熟练的
brim	brim	n. 边，边缘，（河）边vt. 注满，使满溢vi. 满溢
paradoxical	.pærә'dɒksikl	a. 似非而是的，矛盾的，诡论的[医] 奇异的，矛盾的，逆理的，反常的
inlet	'inlet	n. 进口，插入物[化] 入口; 进口; 投料口; 供料口
hijack	'haidʒæk	vt. 抢劫，劫持，敲诈[法] 挡路抢劫，抢劫，绑架
segregate	'segrigeit	a. 分离的，被隔离的vi. 分离，隔离，分凝vt. 使分离，使隔离
horsepower	'hɒ:spauә	n. 马力[电] 马力
meditate	'mediteit	vt. 想，考虑，计划vi. 沉思，反省
sham	ʃæm	n. 假，赝品，骗子，哄骗a. 假的，伪造的vt. 假装，冒充vi. 装假
mania	'meiniә	n. 狂躁，热衷，狂热[医] 躁狂，狂
dazzle	'dæzl	v. （使）眼花，炫耀n. 耀眼
cohesive	kәu'hi:siv	a. 黏合在一起的[医] 内聚的
volt	vәult	n. 伏特[化] 伏特
astonish	ә'stɒniʃ	vt. 使惊讶
pendulum	'pendʒәlәm	n. 钟摆，摇锤，摇摆不定的事态（或局面）[化] 摆
erroneous	i'rәuniәs	a. 错误的，不正确的[法] 错误的，不正确的
bosom	'buzәm	n. 胸部，胸，胸怀，内部，中间vt. 怀抱
sarcasm	'sɑ:kæzm	n. 挖苦，讽刺，讽刺话，讽刺性
millimeter	'milimi:tә	n. 毫米[医] 毫米
appall	ә'pɒ:l	vt. 使丧胆，使惊骇
insightful	'in.saitful	a. 有深刻见解的，富有洞察力的
paternal	pә'tә:nl	a. 父亲的，父系的，似父亲的，得自父亲的，家长式统治的[法] 父系的，父亲的
sneeze	sni:z	n. 喷嚏vi. 打喷嚏
equator	i'kweitә	n. 赤道[医] 赤道，中纬线
twinkle	'twiŋkl	n. 闪烁，闪耀，瞬息vi. 闪烁vt. 使闪耀
dramatize	'dræmәtaiz	vt. 改编成戏剧，编写剧本vi. 戏剧化
soluble	'sɒljubl	a. 溶解的，可溶解的，可以解决的[医] 溶解的，可溶的
epoch	'i:pɒk	n. 新纪元，时代，时期
ruby	'ru:bi	n. 红宝石，深红色a. 红宝石色的，深红色的vt. 使带红宝石色
loudspeaker	'laud'spi:kә	n. 扩音器，喇叭[电] 扬声器
wholesome	'hәulsәm	a. 有益健康的，合乎卫生的，健全的，有益的，有生气的，审慎的
persecute	'pә:sikju:t	vt. 迫害，虐待，困扰，同……捣乱[法] 迫害，虐待，烦扰
smog	smәug	n. 烟雾[化] 烟雾
oppress	ә'pres	vt. 压迫，压抑，使烦恼
repress	ri'pres	vt. 镇压，抑制，压制vi. 压制
violet	'vaiәlit	n. 堇菜，紫罗兰a. 堇菜科的，紫罗兰色的
sarcastic	sɑ:'kæstik	a. 讽刺的，讥讽的
panorama	.pænә'rɑ:mә	n. 全景，全貌，概论，范围
analogue	'ænәlɒg	n. 类似物，相似情况[医] 类似物，同型物，相似器官，同功异质体
gymnasium	dʒim'neiziәm	n. 健身房，体育馆[医] 体育馆，健身室，运动场
quartz	kwɒ:ts	n. 石英[化] 石英
uproar	'ʌprɒ:	n. 骚动，喧嚣
decimal	'desimәl	a. 十进位的，小数的n. 十进制，小数[计] 十进制，小数点
calorie	'kælәri	n. 卡路里（热量单位）
piston	'pistәn	n. 活塞，活塞阀键[医] 活塞（如注射器的）
philharmonic	.filɑ:'mɒnik	a. 爱好音乐的，交响乐团的，爱乐团体的n. 音乐爱好者，音乐协会，音乐会，交响乐团
pretext	'pri:tekst	n. 借口，托词v. 以……为借口
snowstorm	'snәustɒ:m	n. 暴风雪[化] 雪暴
futility	fju:'tiliti	n. 无用，无益，无价值
perseverance	pә:si'viәrәns	n. 毅力，忍耐，锲而不舍，不屈不挠
condense	kәn'dens	vt. 使浓缩，使压缩，缩短vi. 浓缩，凝结
ebb	eb	n. 退潮，衰退vi. 潮退，衰退
superfluous	sju'pә:fluәs	a. 多余的，过剩的
avail	ә'veil	vi. 有用，有利vt. 有利于n. 效用，利益
monotonous	mә'nɒtәnәs	a. 单调的，无变化的
eyesight	'aisait	n. 视力，目力
persevere	.pә:si'viә	vi. 坚持，孜孜不倦，不屈不挠，（辩论中）固执己见
worst	wә:st	n. 最坏，最坏的时候a. 最坏的，最恶劣的，最不利的adv. 最坏，最糟
tiresome	'taiәsәm	a. 累人的，烦人的
zebra	'zi:brә	n. 斑马
considerate	kәn'sidәrit	a. 体贴的，体谅的，考虑周到的
auxiliary	ɒ:g'ziljәri	n. 辅助者，辅助物，附属机构，助动词a. 辅助的，备用的
diligent	'dilidʒәnt	a. 勤勉的，用功的
obedient	ә'bi:djәnt	a. 服从的，顺从的，孝顺的[法] 服从的，顺从的，忠顺的
pail	peil	n. 桶，提桶
recollect	.rekә'lekt	vt. 回忆，回想，忆起vi. 回忆
instantaneous	.instәn'teinjәs	a. 即时的，瞬间的，猝发的[机] 瞬时的
resolute	'rezәlu:t	n. 果断的人a. 坚决的，刚毅的，毅然的
anemia	ә'ni:miә	n. 贫血，贫血症，无活力[医] 贫血
prudence	'pru:dns	n. 审慎，慎重，精明，节俭
superstitious	.sju:pә'stiʃәs	a. 迷信的[法] 迷信的，由迷信引起的
dew	dju:	n. 露珠，露水vt. （用露水）沾湿vi. 结露水
deride	di'raid	vt. 嘲弄，嘲笑
sociable	'sәuʃәbl	a. 好交际的，社交的，过社会生活的n. 联谊会
cordial	'kɒ:djәl	n. 兴奋剂，补品a. 热忱的，诚恳的，有兴奋作用的
oar	ɒ:	n. 桨，桨手，搅棒vi. 划桨vt. 划动
deceit	di'si:t	n. 欺骗，谎言[经] 诈骗，欺骗
irrespective	.iri'spektiv	a. 不顾的，无关的，没关系的
stereotyped	'steriәjtaipt	a. 用铅版印的，老一套的，套用老调的，千篇一律的，已成陈规的
reproach	ri'prәutʃ	n. 责备，耻辱vt. 责备，申斥，使丢脸
panda	'pændә	n. 大熊猫，小熊猫
malfunction	.mæl'fʌŋʃәn	n. 故障，失灵，疾病vi. 发生故障，不起作用[计] 故障
intelligible	in'telidʒәbl	a. 可理解的，易理解的，纯概念性的
regenerate	ri'dʒenәreit	vt. 使再生，重建，革新vi. 新生，再生a. 新生的，再生的[计] 再生; 重写
typist	'taipist	n. 打字员
repent	ri'pent	vi. 后悔，懊悔，忏悔vt. 后悔a. 匍匐生根的
circumference	sә'kʌmfәrәns	n. 圆周，周缘，胸围[医] 周缘，环状面
obsess	әb'ses	vt. 迷住，使困扰
mutton	'mʌtn	n. 羊肉
perplex	pә'pleks	vt. 使困惑，使复杂化，使为难[法] 困惑，使复杂化，使纠缠不清
synchronize	'siŋkrәnaiz	vt. 使同步，使合拍vi. 同时发生[计] 同步
sightseeing	'saitsi:iŋ	n. 观光，游览a. 观光的，游览的
plural	'pluәrәl	n. 复数a. 复数的，两个以上的
decompose	.di:kәm'pәuz	v. 分解，（使）腐烂
badminton	'bædmintәn	n. 羽毛球运动
negro	'ni:grәu	n. 黑人a. 黑人的
inverse	in'vә:s	a. 倒转的，相反的n. 反向，反面[计] 反白，反色
aural	'ɒ:rәl	a. 耳的，听觉的，气氛的，气味的，光环的[医] 耳的; 先兆的
invert	in'vә:t	a. 转化的vt. 使反转，使颠倒，使转化n. 颠倒的事物[计] 倒置; 反转
normalization	.nɒ:mәlai'zeiʃәn	n. 常态化，正常化，正规化[化] 归一化; 正态化; 正火; 正火处理
dialog	'daiәlɒg	n. 会话，对话[计] 对话
irrigate	'irigeit	vt. 灌溉，冲洗伤口，使清新vi. 灌溉
waken	'weikn	vt. 唤醒，使觉醒，激发vi. 觉醒，醒来
transcendental	.trænsen'dentl	a. 卓越的，超凡的，先验的
longitude	'lɒndʒitju:d	n. 经度，经线[电] 经度
xerox	'ziәrɒks	v. 静电复印
snob	snɒb	n. 势利的人，假内行
supersonic	.sju:pә'sɒnik	a. 超声波的[医] 超声[波]的
adverb	'ædvә:b	n. 副词
zigzag	'zigzæg	n. 曲折线条，Z字形道路a. 之字形的，曲折的，锯齿形的adv. 之字形地，曲折地，成锯齿形地vt. 使成之字形，使曲折进行vi. 成之字形，弯曲地走路
temperamental	.temprә'mentl	a. 气质的，性格的，易兴奋的
obstinate	'ɒbstinit	a. 倔强的，顽固的，不让步的
innovate	'inәuveit	vi. 改革，创新
quench	kwentʃ	vt. 熄灭，结束，使冷却，将……淬火vi. 熄灭，平息
ventilate	'ventileit	vt. 使空气流通，使通风，公开讨论，公开[医] 通风，换气
acrobat	'ækrәbæt	n. 表演特技者，杂技演员
sufficiency	sә'fiʃәnsi	n. 充足，充分的数量，自负
corrode	kә'rәud	vt. 使腐蚀，侵蚀，破坏vi. 被侵蚀，起腐蚀作用
whitewash	'hwaitwɒʃ	n. 白色涂料，粉饰，得零分的惨败
malign	mә'lain	a. 有害的，恶性的，有恶意的vt. 诽谤，说坏话
lubricate	'lu:brikeit	vt. 使润滑，涂油vi. 润滑
invariable	in'vєәriәbl	n. 不变的东西，常数a. 不变的，常数的
virtuosity	.vә:tju'ɒsiti	n. 精湛技巧，对古董等的爱好
punctual	'pәŋktʃuәl	a. 准时的，守时的，点状的，中肯的[经] 准时的，不误期的，准时
dictation	dik'teiʃәn	n. 听写，口述，命令
overpass	'әuvәpɑ:s	n. 天桥，旱桥，立交桥vt. 超越，胜过，通过，忽略，侵犯
neurology	nju'rɒlәdʒi	n. 神经病学[医] 神经病学
thrifty	'θrifti	a. 节俭的，兴旺的，繁茂的
instrumentalist	.instru'mentәlist. instrә-	n. 工具主义者；乐器演奏家
typhoon	tai'fu:n	n. 台风
deform	di'fɒ:m	vt. 使残缺，使变形vi. 变形
quart	kwɒ:t	n. 夸脱[医] 夸脱（四分之一加仑）
congratulation	kәn.grætʃә'leiʃәn	n. 祝贺，恭喜
industrialize	in'dʌstriәlaiz	vt. 使工业化vi. 实现工业化
distill	dis'til	vt. 蒸馏vi. 滴下
gramme	græm	n. 克[医] 克
tropic	'trɒpik	n. 回归线
preposition	.prepә'ziʃәn	n. 前置词，介词
centigrade	'sentigreid	a. 百分度的，摄氏的[医] 百分度
civilize	'sivilaiz	vt. 使开化，使文明vi. 变文明
datum	'deitәm	n. 论据，材料，资料，已知数[医] 材料，资料，论据
bipedal	'bai,pedəl,bai'pe-	[医] 两足的
bewilder	bi'wildә	vt. 使迷惑，使不知所措
genealogist	.dʒi:ni'ælәdʒist	n. 系谱学者，系谱专家
situated	'sitjueitid	a. 位于……的，坐落在……的，处于某种境地的[法] 坐落……的，位于……的，处于某种境地的
cigaret	,si^ә'ret,'si-	n. 纸烟，卷烟，香烟
maltreat	mæl'tri:t	vt. 虐待，滥用[法] 粗暴对待，虐待，乱用
administrate	әd'ministreit	vt. 管理，支配
goodby	.ɡud'bai	int. 再见（等于goodbye）
retrospection	.retrә'spekʃәn	n. 回顾，追忆，反省[医] 追想，回忆
passerby	'pæsә'bai	n. 过路人，行人
thriftless	'θriftlis	a. 不节俭的，浪费的，无用的
