# ECDICT bc015ed2e24a7abef49fc6dbbb7fe32c1dadaf8b | sha256 1a6947e04785db63613a92e14903cdae7954f7e84860b10e68e5c7cbb3f9c3cf | pack cet4 | entries 1131
depart	di'pɑ:t	vi. 离开，出发，背离，违反，去世
crude	kru:d	a. 天然的，未成熟的，粗糙的，粗鲁的n. 天然的物质
manufacture	.mænju'fæktʃә	n. 产品，制造vt. 制造，假造vi. 制造
jungle	'dʒʌŋgl	n. 丛林，杂乱的一堆，弱肉强食的地方
outlet	'autlet	n. 出口，发泄方法，市场[医] 出口
invade	in'veid	vt. 侵入，拥入，侵略，侵袭[法] 强入，侵犯，侵略
passive	'pæsiv	a. 消极的，被动的，冷漠的，顺从的，无源的[医] 被动的
interference	.intә'fiәrәns	n. 冲突，干涉[计] 干扰
curiosity	.kjuәri'ɒsiti	n. 好奇心，新奇的事物，珍品
robot	'rәubәt	n. 机械人，自动机械，机械般工作的人[计] 机器人; 自动机
widen	'waidn	vt. 弄宽，加宽，扩大vi. 变宽，扩大
likewise	'laikwaiz	adv. 同样地，也
feather	'feðә	n. 羽毛vi. 长羽毛vt. 用羽毛装饰
transmit	træns'mit	vt. 传输，传染，传达，遗传，发射，传播vi. 发射信号，留传下来[计] 传送
dip	dip	v. 浸，降下，把（手、勺等）伸入，舀取n. 浸，涉猎[计] 双列直插式组件，分布式输入输出系统，双排直插封装
plunge	plʌndʒ	n. 钻进，跳进，跳水，跳水池，猛跌，落下，投入，开始从事，盲目投资vi. 投入，投身于，跳进，陷入，下降vt. 使投入，使插入，使陷入，使遭受
boast	bәust	n. 吹牛vi. 吹牛，自夸vt. 夸口说，自恃有
timetable	'taimteibl	n. 时间表
lid	lid	n. 盖子，限制，眼睑vt. 给……盖盖子
excess	ik'ses	n. 过度，剩于，超过，超额a. 过量的，额外的
immense	i'mens	a. 极广大的，无边的，非常好的
weed	wi:d	n. 杂草，野草vi. 除草vt. 除……的草，剔除
arouse	ә'rauz	vt. 唤醒，鼓励，引起vi. 醒来
substitute	'sʌbstitju:t	n. 代理，代理人，代用品，代替者，代替物vt. 代替vi. 替代，取代，代用a. 代替的，代用的，代用品的[计] 置换; 替代
clarify	'klærifai	vi. 澄清，阐明vt. 使明晰
charming	'tʃɑ:miŋ	a. 迷人的，有吸引力的
glimpse	glimps	n. 一瞥，一闪vi. 投以一瞥，闪烁不定vt. 瞥见
monkey	'mʌŋki	n. 猴子，猿，打桩锤vi. 淘气，胡闹vt. 嘲弄
listener	'lisnә	n. 收听者，听众
lightning	'laitniŋ	n. 闪电vi. 闪电a. 闪电的
occurrence	ә'kʌrәns	n. 发生，事件，出现[医] 发生
layout	'leiaut	n. 布局，陈列，规划图，页面布局，版面编排[计] 页面布局，版面
injection	in'dʒekʃәn	n. 注射，注射剂[化] 注入; 注射
compile	kәm'pail	vt. 编译，编辑，编纂，收集[计] 编译
rib	rib	n. 肋骨，肋状物，笑话vt. 装肋状物于，戏弄
bang	bæŋ	n. 重击，突然巨响，刘海v. 发巨响，重击adv. 砰然地，突然巨响地，直接地[计] 撞击符
slavery	'sleivәri	n. 奴隶的身分，奴隶状态，奴隶制度[法] 奴隶制度，奴役，苦役
worship	'wә:ʃip	n. 崇拜，礼拜，尊敬vi. 参加礼拜vt. 崇拜，尊敬
ash	æʃ	n. 灰，灰烬[化] 灰分
beneficial	.beni'fiʃәl	a. 有益的，受益的[经] 有使用权的，可享利益的
cure	kjuә	n. 治疗，治愈，治疗法vt. 治疗，治愈，改正，腌制，加工处理，使硫化vi. 受治疗，被加工处理，被硫化
dying	'daiiŋ	a. 垂死的[法] 快要死的，垂死的，临终的
thrust	θrʌst	n. 插，戳，刺，猛推，口头攻击，推力vt. 插入，猛推，刺，戳，强加，延伸vi. 插，刺，戳，延伸，（用力）推
saint	seint	n. 圣徒，圣人a. 神圣的[计] 自动积分程序符号
hunger	'hʌŋgә	n. 饥饿，渴望，饥荒vt. 使挨饿vi. 挨饿，渴望
comparative	kәm'pærәtiv	a. 比较的，相对的n. 对手
fame	feim	n. 名望，名声，传说
likelihood	'laiklihud	n. 可能，可能性
graph	græf	n. 曲线图，图表，图形[计] 图形
carrot	'kærәt	n. 胡萝卜[医] 胡萝卜
dwelling	'dweliŋ	n. 住处[医] 住房
heir	єә	n. 继承人，嗣子，后嗣[法] 继承人，后嗣
diameter	dai'æmitә	n. 直径[医] 直经，径
refuge	'refju:dʒ	n. 避难所，安全地带，避难，庇护vi. 躲避vt. 给予……庇护
fox	fɒks	n. 狐狸，狡猾的人vi. 奸狡地行动，（书页）生斑，变酸vt. 欺骗，使变酸，为（鞋等）换面，使生黄斑
chill	tʃil	n. 寒冷，寒意，失意a. 寒冷的，冷漠的vt. 使寒心，冷冻vi. 变冷
cheer	tʃiә	n. 愉快，振奋，欢呼vi. 欢呼，喝彩，快活起来vt. 使振奋，欢呼
steer	stiә	vt. 引导，驾驶，航行，控制vi. 驾驶，掌舵，行驶n. 驾驶指示，劝告
thrive	θraiv	vi. 繁荣，兴旺，茁壮成长[经] 兴旺，繁荣，旺盛
applicable	'æplikәbl	a. 合适的，可应用的[法] 适用的，适应的
elaborate	i'læbәreit	a. 精细的，详尽的，精心计划（或制作）的vt. 详细地说明，用心地制作，发挥vi. 变复杂，作详细说明
corresponding	.kɒri'spɒndiŋ	a. 相当的，一致的，通信的[计] 对应
chew	tʃu:	vt. 咀嚼，嚼碎vi. 咀嚼，细想n. 咀嚼，咀嚼物
verb	vә:b	n. 动词[计] 动词
scratch	skrætʃ	n. 抓痕，搔，抓，擦伤，刮擦声，乱写，零分，起跑线vt. 搔，抓，挖出，擦，刮，乱涂，勾抹掉vi. 搔，抓，发刮擦声，勉强糊口a. 碰巧的，凑合的，打草稿用的[计] 擦除
awake	ә'weik	a. 醒着的vt. 唤醒，唤起，使意识到vi. 醒来，被唤起，意识到
librarian	lai'brєәriәn	n. 图书馆员，图书管理员[计] 程序库管理程序; 程序库生成程序
rug	rʌg	n. 小块地毯，揭露某人
dumb	dʌm	a. 哑的，不说话的，无声音的[医] 哑的
worthy	'wә:ði	n. 杰出人物a. 有价值的，可敬的，值得的
sprinkle	'spriŋkl	vt. 洒，散置，撒，点缀vi. 洒，撒，下小雨n. 洒，撒，散置，小雨，少量
doubtful	'dautful	a. 可疑的，疑心的，不明确的[法] 怀疑的，有疑问的，未确的
dictate	'dikteit	vi. 听写，口述，口授vt. 口述，使听写，命令n. 命令，指挥，指令
useless	'ju:slis	a. 无用的，无效的，无益的[机] 无用，无价值，无效
harmony	'hɑ:mәni	n. 协调，和睦，调和[电] 和声学
forbid	fә'bid	vt. 禁止，不准，妨碍[法] 不许，禁止，阻止
tolerance	'tɒlәrәns	n. 宽容，忍受，容忍，容许量，公差[计] 允许误差
goat	gәut	n. 山羊，替罪羊，色鬼
fortunate	'fɒ:tʃәnit	a. 幸运的，幸福的
temptation	temp'teiʃәn	n. 诱惑，诱惑物[法] 诱惑，诱惑物
underline	'ʌndәlain	vt. 在……下面划线，作……的衬里，强调n. 下划线，图下说明文字[计] 加下划线; 下划线
calendar	'kælindә	n. 日历，日程表vt. 列入表中[计] 日历
beard	biәd	n. 胡须vt. 抓住胡须，公开反对
throne	'θrәun	n. 王座，君主
brake	breik	n. 刹车，阻碍，丛林v. 刹车
width	widθ	n. 宽度，宽广，广博[医] 宽度
fur	fә:	n. 毛皮vt. 以毛皮制作，使生苔，使生水垢vi. 生苔，积水垢
deliberate	di'libәrәt	a. 深思熟虑的，故意的，从容的v. 仔细考虑
poke	pәuk	n. 刺，戳，袋子vt. 戳，捅，拨弄，刺vi. 戳，刺，捅，搜索，伸出，行动散慢[计] 存数
circular	'sә:kjulә	a. 圆形的，循环的，间接的[医] 环状的，循环的
thread	θred	n. 线，丝，纤维，线索vt. 穿线于，穿过，通过，用线穿成vi. 穿过[计] 线索，线程
unpleasant	.ʌn'pleznt	a. 使人不愉快的，使人厌恶的，煞风景的
sunshine	'sʌnʃain	n. 阳光，光明，晴天
exhaust	ig'zɒ:st	n. 排气，排气装置，废气vt. 抽完，用尽，耗尽，使精疲力尽vi. 排气
furious	'fjuәriәs	a. 狂怒的，激烈的，吵闹的
globe	glәub	n. 球，球状物，地球仪，天体v. （使）成球状
prescribe	pris'kraib	v. 规定，指定，嘱咐，开处方
blast	blæst	n. 一阵风，爆炸，枯萎病vt. 炸，使枯萎vi. 炸，猛攻，猛烈抨击，枯萎
prevail	pri'veil	vi. 获胜，流行，盛行[医] 流行，盛行
overnight	'әuvәnait	n. 前一天晚上，一夜的逗留a. 通宵的，晚上的，前夜的adv. 在前一夜，整夜，昨晚一晚上
deed	di:d	n. 行为，实行，契约vt. 立契转让
headache	'hedeik	n. 头痛，令人头痛之事[医] 头痛
despair	di'spєә	n. 绝望，失望vi. 绝望
screw	skru:	n. 螺旋，螺杆，螺钉，螺旋桨，吝啬鬼vt. 调节，扭紧，旋，拧，加强，压榨，勒索vi. 转动，旋，拧
steward	'stju:wәd	n. 管理人，招待员，管家，乘务员[经] 轮船，飞机的服务员，（财务）管理员
undergraduate	.ʌndә'grædjuit	n. 大学本科生，大学肄业生a. 大学生的
invention	in'venʃәn	n. 发明，创作能力，虚构的故事[经] 发明
contempt	kәn'tempt	n. 轻视，轻蔑[法] 藐视，侮辱，轻视
gardener	'gɑ:dәnә	n. 园丁，花匠，园艺家
drill	dril	n. 钻孔机，钻子，播种机，粗斜纹布v. 训练，钻孔
contrary	'kɒntrәri	a. 相反的，矛盾的，对立的n. 相反，对立面adv. 相反地
grape	greip	n. 葡萄，葡萄树[医] 葡萄
usage	'ju:sidʒ	n. 用法，使用，习惯，惯用法，习惯法[经] 使用情况，使用用途，惯例
temper	'tempә	n. （钢等的）硬度，脾气，心情，中和剂，倾向，回火vt. 使回火，锻炼，调和，使缓和vi. 回火
tiger	'taigә	n. 老虎，虎，凶暴的人
balloon	bә'lu:n	n. 气球vt. 使成气球状vi. 膨胀如气球，激增
radar	'reidә	n. 雷达，无线电探测器[计] 雷达图
tablet	'tæblit	n. 平板，门牌，笔记簿，碑，匾，药片[化] 片剂
mist	mist	n. 雾，迷蒙，朦胧不清vt. 使模糊，使蒙上雾vi. 变模糊，下雾
retreat	ri'tri:t	n. 休息寓所，撤退，隐居，退避vi. 撤退，隐退，向后倾vt. 退（棋）
headmaster	'hed'mɑ:stә	n. （中小学）校长，监工
sweater	'swetә	n. 毛衣，毛线衫，运动衫，出汗者[化] 发汗器
minus	'mainәs	n. 负号，不足a. 减的，负的，阴性的prep. 减，缺[计] 负差
favorable	'feivәrәbl	a. 有利的，赞许的，良好的
rubber	'rʌbә	n. 橡皮，橡胶，做摩擦动作的人，按摩师，决胜盘vt. 用橡胶制造，涂橡胶于
insufficient	.insә'fiʃәnt	a. 不够的，不能胜任的，不充足的[法] 不足的，不充分的，不能胜任的
philosopher	fi'lɒsәfә	n. 哲学家，哲人，思想开创人，达观的人[法] 哲学家，哲学研究者
mistress	'mistris	n. 主妇，女主人，情妇
vocabulary	vә'kæbjulәri	n. 词汇（量）, 词汇表[计] 词表
spark	spɑ:k	n. 火花，火星，闪光，无线电报务员，瞬间放电，活力，朝气，花花公子，情郎vi. 闪光，发火花，求婚vt. 发动，鼓舞，使有朝气，求婚
fatigue	fә'ti:g	n. 疲乏，疲劳vt. 使疲劳，使心智衰弱vi. 疲劳a. 疲劳的
noble	'nәubl	n. 贵族a. 高贵的，高尚的，贵族的，辉煌的
mathematical	.mæθә'mætikl	a. 数学的，精确的[机] 数学上的
surplus	'sә:plәs	n. 剩余，过剩，盈余a. 过剩的，剩余的
textile	'tekstail	n. 纺织品，纺织业a. 织的，纺织的
technician	tek'niʃәn	n. 技师[化] 技师
soak	sәuk	n. 浸，湿透，大雨vt. 使上下湿透，浸，吸入，吸收，浸洗掉vi. 浸泡，渗透
ribbon	'ribәn	n. 缎带，色带，带状物vt. 用丝带装饰，把……撕成条状vi. 形成带状[计] 带状条，格式栏
harvest	'hɑ:vist	n. 收获，成果，收获物，收获期v. 收割，收获
dragon	'drægәn	n. 龙，凶暴的人[法] 凶恶的人，凶恶严厉的监护人
spy	spai	n. 间谍，侦探，侦察vt. 侦察，找出，发现vi. 做密探，侦查
lace	leis	n. 饰带，花边，缎带，鞋带vt. 结带子，饰以花边vi. 系带子[计] 全穿孔
coordinate	kәu'ɒ:dineit	n. 同等的人（或物）, 坐标a. 同等的，并列的v. （使）协调
frustrate	'frʌstreit	vt. 挫败，击败，破坏a. 无益的，挫败的，挫折的
dense	dens	a. 密集的，浓厚的
intermediate	.intә'mi:diәt	n. 中间物，调停者，中级a. 中间的，中级的vi. 起媒介作用[计] 中级
swell	swel	n. 增大，隆起的部分，巨浪，肿胀a. 优秀的，一流的vi. 增大，膨胀，肿胀，增强，骄傲vt. 使膨胀，使增大，使上涨，使骄傲
cue	kju:	n. 提示，线索vt. 给……暗示（或提示）[计] 尾接指令
foreigner	'fɒ:rinә	n. 外国人，外地人[法] 外国人，进口货，外国货
convenience	kә'vi:njәns	n. 方便，便利的事物，方便的时候
weave	wi:v	n. 编法，织法，编织式样vt. 编织，组合，编排，使迂回前进vi. 纺织，迂回行进
bolt	bәult	n. 门闩，螺钉，筛子，闪电，意外事件vt. 闩住，发射，脱口而出，筛，囫囵吞下vi. 囫囵吞枣，射箭，脱缰，退出党派adv. 突然
bulb	bʌlb	n. 球茎，电灯泡[医] 球，鳞茎，球茎
cargo	'kɑ:gәu	n. 货物[经] 货柜
fog	fɒg	n. 雾，迷惑，（割后的）最生草，苔藓vi. 被雾笼罩，变模糊vt. 使困惑，以雾笼罩
sometime	'sʌmtaim	a. 以前的，某一时间的adv. 改天，来日
trim	trim	n. 整齐，情形，修剪a. 整齐的vt. 使整齐，整理，修剪vi. 调整，见风使舵[计] 库存管理检查规则程序
permanently	'p\\\\:mәntli	adv. 永久，不变，持久[计] 永久性的
butterfly	'bʌtәflai	n. 蝴蝶[医] 蝶式棉块，翼形皮癣，纸蝶
accelerate	әk'selәreit	v. 加速，促进
bargain	'bɑ:gin	n. 交易，买卖协定，特价商品v. 讲价，交易
vacuum	''vækjuәm	n. 真空，空间，真空吸尘器a. 真空的，产生真空的，利用真空的vt. 用吸尘器打扫
spit	spit	n. 唾液，唾吐，小雨，炙叉，一铲的深度vt. 唾吐，吐出，降小雨，用炙叉穿过vi. 吐唾沫，吐痰，唾弃，飘霏霏细雨
renew	ri'nju:	vt. 使更新，使恢复，复兴，修补，补充，继续，重订，重申，续借vi. 更新，重新开始
parcel	'pɑ:sl	n. 包裹，部分，片vt. 分配，打包a. 部分的adv. 局部地
kneel	ni:l	vi. 跪下
laundry	'lɒ:ndri	n. 洗衣店，洗好的衣服，洗涤[机] 洗衣作，洗衣店，洗衣房
revise	ri'vaiz	n. 校订，修正，改样vt. 校订，修正，校正
pistol	'pistl	n. 手枪，信号枪vt. 以手枪杀死（或伤害）
apology	ә'pɒlәdʒi	n. 道歉，辩护[法] 道歉，谢罪，辩解者
sketch	sketʃ	n. 素描，草图，小品v. 描绘略图，画素描或速写
bore	bɒ:	n. 令人讨厌的人，激浪，枪膛，孔vt. 使烦扰，钻孔vi. 钻孔bear的过去式[计] 内径; 孔径
beloved	bi'lʌvd	a. 心爱的n. 心爱的人
pronounce	prә'nauns	v. 发音，宣告，断言
dislike	dis'laik	n. 嫌恶vt. 讨厌，不喜欢
sickness	'siknis	n. 疾病，不健康，呕吐[医] 病
retrieve	ri'tri:v	vt. 取回，挽回，弥补，恢复，补偿，回忆，检索vi. 找回猎物n. 取回，恢复，救险球[计] 检索
obey	ә'bei	vt. 服从，遵从，顺从vi. 服从
fond	fɒnd	a. 喜欢的，宠爱的，温柔的
hammer	'hæmә	n. 锤，铁锤，钉锤vt. 锤打，敲打，钉vi. 连续锤打[计] 锤头
queue	kju:	n. 辫子，一队人，队列vt. 使排队，将……梳成辫子vi. 排队[计] 队列
anchor	'æŋkә	n. 锚vt. 抛锚停泊，使固定[计] 锚
alert	ә'lә:t	a. 警觉的，灵敏的，留心的n. 警报vt. 使警觉，通知，使意识到
betray	bi'trei	vt. 出卖，背叛，辜负，暴露[法] 出卖，背叛，泄漏
telegraph	'teligrɑ:f	n. 电报，电报机vi. 打电报vt. 打电报给，电汇，流露，显示出要……的样子
recorder	ri'kɒ:dә	n. 记录员，录音机n. 记录器[计] 宏录制器，记录器
foolish	'fu:liʃ	a. 愚蠢的，傻的
static	'stætik	n. 静电，静电干扰a. 静态的，静止的，固有的，静电的
aboard	ә'bɒ:d	adv. 在船上，在火车上，在飞机上prep. 在……之上
delicious	di'liʃәs	a. 美味的
fashionable	'fæʃәnәbl	a. 时髦的，上流社会的，流行的
mercy	'mә:si	n. 仁慈，宽恕，慈悲，怜悯，幸运[法] 权宜处置权，决定权，宽恕
worm	wә:m	n. 虫，蠕虫，小人物，螺纹，蜗杆vi. 蠕行，慢慢前进vt. 使蠕行，慢慢地走，除虫[计] 蠕虫病毒
competent	'kɒmpitәnt	a. 能干的，胜任的，有效的，足够的[经] 有权的，授权的，胜任的
accumulate	ә'kju:mjuleit	v. 积聚，堆积
editorial	.edi'tɒ:riәl	n. 社论，评论a. 编辑的，主笔的，社论的
surroundings	sә'rajndiŋz	n. 环境，周围的事物[化] 环境
faithful	'feiθful	a. 忠实的，详确的，可靠的n. 信徒
wit	wit	n. 机智，智力，头脑，理智，妙语，机智的人
spectacle	'spektәkl	n. 引人羡慕的东西，景象，眼镜，场面，公开展示
respective	ri'spektiv	a. 分别的，各自的
probable	'prɒbәbl	a. 很可能的，大概的，可信的n. 很有希望的候选人，很可能的事情
miserable	'mizәrәbl	a. 悲惨的；痛苦的；卑鄙的
comparatively	kәm'pærәtivli	adv. 比较地，相对地
surrender	sә'rendә	vt. 交出，放弃，使投降，让与vi. 投降，自首n. 交出，放弃，投降
unconscious	.ʌn'kɒnʃәs	a. 未意识到的，无意识的，无知觉的[医] 人事不省的，神志丧失的; 无意识的
scar	skɑ:	n. 疤痕，伤痕，悬崖vi. 结疤，愈合，痊愈vt. 使有伤痕
multiply	'mʌltiplai	v. 繁殖，乘，增加[计] 乘
sailor	'seilә	n. 水手，船员，海员[法] 水手，船员，海员
chemist	'kemist	n. 化学家，药剂师[化] 化学家; 化学师; 化学工作者; 药剂师; 药房
penetrate	'penitreit	vt. 穿透，刺穿，渗透，看穿，洞察，了解，使充溢vi. 刺入，看穿，渗透，打进
outlook	'autluk	n. 观点，景色，前途，了望[经] 展望
cheerful	'tʃiәful	a. 快活的，高兴的，兴高采烈的
attain	ә'tein	vt. 达到，获得vi. 达到
frighten	'fraitn	vt. 使惊吓vi. 惊恐
precision	pri'siʒәn	n. 精密，精确，精确度，精度a. 精密的，精确的[计] 精度
exert	ig'zә:t	vt. 发挥，运用，施以影响[法] 施加，产生，行使
knot	nɒt	n. 结，群，难题v. 打结，（使）纠缠
spur	spә:	n. 马刺，刺激物，鼓舞vt. 刺激，激励，用马刺策（马）前进vi. 用马刺驱马，疾驰
rob	rɒb	v. 抢夺，抢掠，剥夺
prosperity	prɒs'periti	n. 繁荣，茂盛，成功[经] 繁荣
weep	wi:p	n. 哭，哭泣vi. 哭泣，流泪，哀悼，滴落vt. 哭着使……, 悲叹，滴下
glow	glәu	n. 赤热，光辉，热情，热烈，红光vi. 发红光，红光焕发，发热，洋溢，激动
horizontal	.hɒri'zɒntәl	n. 水平线，水平面，水平位置a. 水平线的，平坦的，横的n. 水平[计] 水平
viewpoint	'vju:pɒint	n. 观点
hydrogen	'haidrәdʒәn	n. 氢[化] 氢H-2
vinegar	'vinigә	n. 醋，尖酸刻薄vt. 加醋于
murderer	'mә:dәrә	n. 凶手，杀人者，谋害者[法] 谋杀犯，凶手
hopeful	'hәupful	n. 有希望之人，有前途之人a. 有希望的，怀抱希望的，保持乐观的
dive	daiv	n. 潜水，跳水vi. 跳水，俯冲，猛冲vt. 把……突然伸入
soda	'sәudә	n. 苏打，碳酸水[化] 纯碱; 苏打; 碳酸钠
curl	kә:l	n. 拳曲，鬈发vt. 弄卷vi. 拳曲，弯曲
torch	tɒ:tʃ	n. 火把，启发之物[化] 火炬
leak	li:k	n. 漏洞，漏处，漏出，泄漏vi. 漏，泄漏vt. 使渗漏
greenhouse	'gri:nhaus	n. 温室
maid	meid	n. 少女，未婚女子，女仆
herd	hә:d	n. 兽群，人群，牧人vt. 群集，使成群，放牧vi. 聚在一起
brow	brau	n. 眉毛，额[医] 额，眉，睫毛
pipeline	'paiplain	n. 管道，传递途径[化] 管路; 管线
ending	'endiŋ	n. 终止，终了，收场[医] 末梢
ink	iŋk	n. 墨水，墨汁vt. 涂墨水于，签署，加墨水
gasp	gæsp	n. 喘气vi. 喘气，喘息，渴望vt. 气喘吁吁地说
infect	in'fekt	vt. 传染，感染[医] 传染，感染
marxist	'mɑ:ksist	a. 马克思主义的n. 马克思主义者
locomotive	.lәukә'mәutiv	n. 火车头，机车a. 运转的，火车头的，移动的
backward	'bækwәd	adv. 向后地，相反地a. 向后的，相反的[计] 倒推
appetite	'æpitait	n. 食欲，欲望，爱好[医] 食欲
shiver	'ʃivә	vi. 颤抖，哆嗦，被打碎vt. 使迎风飘动，粉碎n. 战栗，碎块
offend	ә'fend	v. 犯罪，冒犯，违反，进攻
bleed	bli:d	vi. 流血，悲痛，渗出vt. 使出血，榨取
choke	tʃәuk	vt. 窒息，阻塞，噎，抑制vi. 窒息，阻塞，噎n. 窒息，噎，阻气门
pea	pi:	n. 豌豆，似豌豆的东西
rotation	rәu'teiʃәn	n. 旋转，循环，轮流[计] 旋转
cautious	'kɒ:ʃәs	a. 谨慎的，小心的
luxury	'lʌkʃәri	n. 奢侈，豪华a. 奢侈的，豪华的
robe	rәub	n. 宽松长袍，礼服，披肩，覆盖物v. （给）穿长袍
noisy	'nɒizi	a. 嘈杂的，喧闹的[机] 噪声的，嘈杂的
classmate	'klɑ:smeit	n. 同班同学
cassette	kæ'set	n. 盒式磁带，珠宝箱，暗盒[计] 字盒
motel	mәu'tel	n. 汽车旅馆
hatred	'heitrid	n. 憎恨，仇恨，憎恶[法] 敌意，憎恨，憎恶
furnish	'fә:niʃ	vt. 供给，提供，装设[化] 供应; 供给; 配料
thorough	'θʌrә	a. 十分的，彻底的
gown	gaun	n. 睡衣，法衣，大学全体师生vt. 使穿睡衣
lodge	lɒdʒ	n. 小屋，门房，支部，旅舍，分会vi. 临时住宿，倒伏，寄宿，投宿vt. 安顿，容纳，提出，把……射入，存放
daylight	'deilait	n. 白昼，日光vt. 使沐浴于日光vi. 享有日光
torture	'tɒ:tʃә	n. 拷问，苦闷vt. 拷问，曲解，折磨，使弯曲
roar	rɒ:	n. 吼，咆哮，轰鸣vi. 吼，大声说出，叫喊，喧闹vt. 呼喊，使轰鸣
glorious	'glɒ:riәs	a. 光荣的
fountain	'fauntin	n. 水源，源，喷泉，泉水，本源[医] 泉
revenge	ri'vendʒ	n. 报仇，复仇，报复vt. 报仇，报复
sour	'sauә	a. 酸的，酸臭的，发酵的，愠怒的，讨厌的，拙劣的，不健全的vi. 变酸，发酵，厌烦，变坏vt. 使变酸，使失望n. 酸味，酸饮料
ashamed	ә'ʃeimd	a. 惭愧的，羞耻的
repetition	.repi'tiʃәn	n. 重复，背诵，循环，复制品，副本[机] 重复，反复
triangle	'traiæŋgl	n. 三角形，三个一组，三角关系[医] 三角，三角形
nuisance	'nju:sns	n. 讨厌的东西，讨厌的人，损害[医] 损害，讨厌
englishman	'iŋgliʃmәn	n. 英国人
apparatus	.æpә'reitәs	n. 装置，器具，器官[化] 仪器; 器械
wicked	'wikid	a. 坏的，邪恶的，缺德的，刻毒的，恶劣的，淘气的
postpone	pәust'pәun	vt. 延迟，使延期，缓办，搁延vi. 延缓，延缓发作
gradual	'grædʒuәl	a. 逐渐的，渐增的n. 弥撒升阶圣歌
excite	ik'sait	vt. 刺激，使兴奋，激励
quotation	kwәu'teiʃәn	n. 引用语，语录，牌价，报价[化] 报价
banner	'bænә	n. 旗帜a. 显著的，特别好的
bitterly	'bitәli	adv. 怨恨地，悲痛地，残酷地
flock	flɒk	n. 兽群，鸟群，一群人，大量，棉束vi. 成群而行，聚集vt. 用棉束填满
drought	draut	n. 干旱，缺乏
arbitrary	'ɑ:bitrәri	a. 任意的，武断的，专治的，霸道的
wireless	'waiәlis	n. 无线电a. 无线的，无线电的
rebellion	ri'beljәn	n. 谋反，叛乱，反抗[法] 造反，反叛，叛乱
frog	frɒg	n. 青蛙[医] 蛙，马蹄叉
grind	graind	n. 磨，碾，苦差，摩擦声，用功的学生vt. 磨擦，磨碎，磨光，折磨，压榨vi. 磨，磨碎，苦干
keyboard	'ki:bɒ:d	n. 键盘[计] 键盘
insure	in'ʃuә	vt. 保险，确保vi. 投保
mainland	'meinlәnd	n. 大陆，本土[法] 大陆
subway	'sʌbwei	n. 地铁，地道vi. 乘地铁
transplant	træns'plɑ:nt	vt. 使移居，移植，使迁移vi. 移居，耐移植n. 移居者，移植
explosive	ik'splәusiv	n. 炸药，爆破音a. 易爆发的，爆炸的，暴躁的
pudding	'pudiŋ	n. 布丁
balcony	'bælkәni	n. 阳台，戏院楼厅
stab	stæb	n. 刺，戳，剧痛，尝试，努力vt. 刺，戳，刺入，刺痛，直入，使伤心vi. 刺，刺伤
rehearsal	ri'hә:sl	n. 预演，排演，练习，叙述，复述[法] 详述，列举事实，复述
flush	flʌʃ	n. 流溢，面红，旺盛，发烧，惊飞的鸟，同花牌a. 丰足的，齐平的，满盈的，泛滥的adv. 齐平地，直接地vi. 脸发红，奔涌，旺盛，惊飞vt. 淹没，冲洗，使脸红，使激动，使齐平，使惊飞
discard	dis'kɑ:d	vt. 丢弃，抛弃vi. 垫牌n. 垫牌，抛弃
tub	tʌb	n. 桶，浴盆vt. 装入桶，洗澡vi. 洗盆浴，被放在桶里洗
lime	laim	n. 石灰，粘鸟胶，酸橙vt. 以石灰处理，粘鸟胶于，撒石灰
strawberry	'strɒ:bәri	n. 草莓
atomic	ә'tɒmik	a. 原子的，原子能的[医] 原子的
portable	'pɒ:tәbl	a. 可携带的，可搬运的，可移动的[计] 可移植的
staircase	'stєәkeis	n. 楼梯，梯子，楼梯部分[医] 阶梯现象
moisture	'mɒistʃә	n. 湿气，水分，降雨[化] 含水量; 含湿量
fridge	fridʒ	n. 电冰箱
startle	'stɑ:tl	n. 惊愕，惊恐vt. 吃惊，使惊愕vi. 惊起
stool	stu:l	n. 凳子，大便，粪便，厕所vi. 长新枝vt. 引诱，诱捕
waiter	'weitә	n. 侍者
semester	si'mestә	n. 学期
jam	dʒæm	n. 果酱，拥塞之物，堵塞，困境vt. 挤进，使塞满，混杂，压碎，使堵塞vi. 堵塞，轧住，拥挤
tumble	tʌmbl	n. 跌倒，摔跤，翻斤斗vi. 翻倒，摔倒，倒塌，滚动，翻斤斗，仓促地行动vt. 使摔倒，使滚翻，弄乱
rotate	'rәuteit	a. 辐状的vt. 使旋转，使转动，使轮流vi. 旋转，循环[计] 旋转
scrape	skreip	n. 刮，擦，挖，擦痕，刮擦声，困境vi. 刮掉，擦掉，刮出刺耳声vt. 刮，擦，擦伤，挖成，积蓄
exclaim	iks'kleim	v. 大叫，呼喊，大声叫
optical	'ɒptikl	a. 眼睛的，视觉的，光学的[机] 光学上的，光学的
sadness	'sædnis	n. 悲哀，悲伤
glare	glєә	n. 闪耀光，刺眼vi. 发眩光，瞪视vt. 瞪眼表示
whatsoever	.hwɒtsәu'evә	pron. 无论什么
overhead	'әuvәhed	n. 经常开支，普通用费，天花板a. 在头上的，高架的adv. 在头顶上，在空中，在高处，从头到脚全部没入地[计] 总开销; 额外开销
goose	gu:s	n. 鹅，雌鹅，鹅肉，弯把熨斗vt. 与……性交，突然加大油门，使生色，喝倒彩
eve	i:v	n. 前夕，前夜
peach	pi:tʃ	n. 桃子，桃树，桃色，美人儿，极好的事物vt. 告发vi. 告密，检举
summarize	'sʌmәraiz	v. 概述，总结
vivid	'vivid	a. 生动的，鲜明的，鲜艳的，活泼的，逼真的，清晰的
poison	'pɒizn	n. 毒药，毒，毒物，有毒害的事物vt. 毒害，毒杀，使中毒vi. 放毒，下毒
disguise	dis'gaiz	n. 假面目，假装vt. 假装，隐瞒
flourish	'flʌriʃ	vi. 繁荣，茂盛，活跃，手舞足蹈vt. 挥舞，夸耀n. 挥舞，炫耀，茂盛，兴旺，华丽词藻
smoothly	'smu:ðli	adv. 平滑地，流畅地，流利地
underneath	.ʌndә'ni:θ	adv. 在下面prep. 在……的下面
spider	'spaidә	n. 蜘蛛，设圈套者[化] 星形轮
vigorous	'vigәrәs	a. 精力充沛的，元气旺盛的，茁壮的，有力的
pillar	'pilә	n. 柱子，栋梁，台柱，重要的支持者[医] 柱，脚
obscure	әb'skjuә	a. 模糊的，昏暗的，难解的，晦涩的，偏僻的，微贱的，无名的vt. 使变暗，隐藏，使变模糊，使难解
restrain	ri'strein	vt. 抑制，阻止，束缚[法] 抑制，遏制，制止
paradise	'pærәdais	n. 天堂，乐园，伊甸园
physicist	'fizisist	n. 物理学家，机械唯物论者，自然科学家[医] 菲西克氏手术（虹膜圆片切除）
salesman	'seilzmәn	n. 售货员，推销员[经] 售货员，店员，推销员
cultivate	'kʌltiveit	vt. 培养，耕作
agony	'ægәni	n. 极大的痛苦，挣扎[医] 濒死苦闷; 剧痛
microphone	'maikrәfәun	n. 扩音器，麦克风[医] 扩音器，传声器
aluminium	.ælju'miniәm	n. 铝a. 铝的
meadow	'medәu	n. 草地，牧场
cherry	'tʃeri	n. 樱桃，樱桃树，樱桃色[医] 樱桃
unwilling	.ʌn'wiliŋ	a. 不愿意的，勉强的[法] 不愿意的，勉强的，不服从的
plug	plʌg	n. 塞子，栓，插头vt. 插入，塞住，接插头vi. 被塞住
wallet	'wɒlit	n. 皮夹[法] 皮包，皮夹，钱袋
uneasy	.ʌn'i:zi	a. 心神不安的，不自在的，不稳定的，不舒服的
accord	ә'kɒ:d	n. 一致，调和，协定vt. 给与，使一致vi. 相符合
heap	hi:p	n. 堆，许多，累积vt. 堆积，装满[计] 堆
axis	'æksis	n. 轴[计] 坐标轴
bundle	'bʌndl	n. 捆，束vt. 包扎，胡乱塞进vi. 匆忙离开
spontaneous	spɒn'teiniәs	a. 自然的，自发的，未经琢磨的[医] 自发的，特发的，自生的
applause	ә'plɒ:z	n. 鼓掌，喝彩，赞许
unusually	ʌn'ju:ʒәli	adv. 不寻常地，异乎寻常地，（非正式）非常
presently	'prezntli	adv. 目前，不久
simplicity	sim'plisiti	n. 单纯，简朴，朴素，坦率，天真[计] 简明性
picnic	'piknik	n. 野餐，远足，愉快的经历vi. 去野餐，远足
feast	fi:st	n. 宴会，酒席，享受，节日vt. 款待，享乐，请客vi. 参加宴会，尽情地吃，享受
mould	mәuld	n. 模子，模制品，松软沃土，霉vt. 形成，浇铸，用泥土覆盖vi. 发霉
dairy	'dєәri	n. 牛奶公司，乳品店，乳牛场
interpreter	in'tә:pritә	n. 直译程序，解释者，口译者，注释器[计] 注释器
collision	kә'liʒәn	n. 碰撞，冲突，抵触[计] 冲突
dash	dæʃ	n. 冲撞，破折号，短跑vi. 猛冲，冲撞vt. 泼溅，使猛撞，搀和，使破灭，使沮丧
verify	'verifai	vt. 证明，查证，证实，检验，校验[计] 校验，检验; DOS内部命令:设定写入磁盘时是否验证写入的正确性
rude	ru:d	a. 粗鲁无礼的，粗陋的，粗暴的，原始的，未开化的，大略的，崎岖不平的，狂暴的
mat	mæt	n. 垫，丛，衬边a. 粗糙的，无光泽的vi. 纠缠在一起vt. 铺席于……上，使无光泽，使缠结
astronaut	'æstrәnɒ:t	n. 太空旅行者，宇航员[法] 美国太空人
outset	'autset	n. 着手，开头，最初
crust	krʌst	n. 外壳，坚硬外皮，面包皮vt. 盖以硬皮vi. 结硬皮
flu	flu:	n. 流感，流行性感冒
sausage	'sɒsidʒ	n. 香肠，腊肠
notify	'nәutifai	vt. 通知，通告，报告[计] 通知
lieutenant	lef'tenәnt	n. 中尉，助理人员，副官
mosquito	mә'ski:tәu	n. 蚊子[医] 蚊
nationality	.næʃә'nælәti	n. 国籍，国家，民族性[法] 国家，民族，国民
thoughtful	'θɒ:tful	a. 深思的，体贴的
vine	vain	n. 藤本植物，葡萄，藤，蔓vi. 形成藤蔓
linen	'linin	n. 亚麻布，亚麻线，亚麻制品a. 亚麻布制的，亚麻的
optional	'ɒpʃәnl	a. 可选择的，随意的[化] 选购的
shilling	'ʃiliŋ	n. 先令[经] 先令
aloud	ә'laud	adv. 出声地，大声地
jealous	'dʒelәs	a. 嫉妒的，羡慕的，留心的，戒备的
rainbow	'reinbәu	n. 彩虹a. 五彩缤纷的
recreation	.rekri'eiʃәn	n. 娱乐，消遣，休息，再创造[医] 娱乐，休养
liquor	'likә	n. 酒，液体，汁，溶液vt. 浸水vi. 喝酒
span	spæn	n. 指距，全长，跨距，一段时间，小范围vt. 以手指测量，跨越，架设，持续
chimney	'tʃimni	n. 烟囱，灯罩[电] 烟囱
cube	kju:b	n. 立方体，立方[机] 立方体，立方
swiss	swis	n. 瑞士人，瑞士腔调a. 瑞士的，瑞士风格的
fax	fæks	n. 传真vt. 发传真[计] 传真系统; 传真
footstep	'futstep	n. 脚步，脚步声，足迹
dim	dim	a. 暗淡的，模糊的vt. 使暗淡[计] 数据解释模块
plantation	plæn'teiʃәn	n. 种植园，大农场，植树造林，新开垦地[医] 栽植（如牙或其他组织的植入、再植和移植）
sunset	'sʌnset	n. 日落，晚年
housewife	'hauswaif	n. 主妇，家庭妇女
toast	tәust	n. 吐司，烤面包，干杯vt. 敬酒，烤，使暖和vi. 烤，烘
skate	skeit	n. 溜冰，冰鞋vi. 滑冰，滑过
cough	kɒf	n. 咳嗽vi. 咳嗽vt. 咳出
communism	'kɒmjunizm	n. 共产主义
curse	kә:s	n. 咒骂，诅咒vt. 诅咒，咒骂
freight	'freit	n. 船货，运费，货运vt. 装货，使充满，以货运运送，租（或出租）（船等）
mug	mʌg	n. 有柄大杯，脸，苦读者vt. 给……拍照，攻击，苦读vi. 拼命用功
maths	mæθs	n. 数学
stain	stein	n. 污染，污点，着色剂vt. 沾染，染污，着色vi. 变脏
shave	ʃeiv	n. 修面，刮胡子，幸免，剃刀vt. 修面，剃，修剪，掠过vi. 刮脸，勉强通过
spelling	'speliŋ	n. 拼，拼字，拼法[计] 拼写检查
kettle	'ketl	n. 茶壶，罐[化] 釜体釜; 锅
playground	'pleigraund	n. 运动场，操场，度假胜地，活动场所
delete	di'li:t	vt. 删除[计] 删除
brandy	'brændi	n. 白兰地酒[化] 白兰地
harmful	'hɑ:mful	a. 有害的，伤害的
ant	ænt	n. 蚂蚁
tuition	tju:'iʃәn	n. 学费，讲授
destructive	di'strʌktiv	a. 毁灭性的，破坏的，有害的[医] 破坏的，毁坏的
inexpensive	.inik'spensiv	a. 便宜的，不贵重的
bark	bɑ:k	n. 树皮，吠声vi. 吠，叫骂vt. 喊出，剥树皮
generator	'dʒenәreitә	n. 产生器，发电机，生产者[计] 发生器
cafe	kɑ:'fei	n. 咖啡馆，酒店
adjective	'ædʒiktiv	n. 形容词a. 形容词的，从属的
nucleus	'nju:kliәs	n. 核心，核子，原子核，起点[计] 核心程序
thrill	θril	n. 震颤，激动，刺激性，一阵激动vi. 震颤，颤抖，激动vt. 使激动，使颤动
kite	kait	n. 风筝，筝帆，空头支票，骗子vi. 象风筝一样飞，轻快地移动，使用空头支票vt. 使上升，骗钱
nitrogen	'naitrәdʒәn	n. 氮[化] 氮N-2
transparent	træns'pærәnt	a. 透明的，显然的，清晰的[计] 透明
velocity	vi'lɒsәti	n. 速度，迅速[化] 速度
aviation	.eivi'eiʃәn	n. 航空，航空学，飞行术[法] 航空，飞行，飞行术
voltage	'vәultidʒ	n. 电压，伏特数[化] 电压
grammatical	grә'mætikl	a. 语法的，合乎语法的[法] 语法上的，符合语法规则的，文法上的
strap	stræp	n. 带，皮带vt. （用皮带）捆扎
conductor	kәn'dʌktә	n. 领导者，指挥者，售票员，向导[化] 导体
sway	swei	n. 摇摆，影响力，支配vt. 摇动，支配，弄歪，使倾斜，使动摇，影响vi. 摇动，摇摆，倾斜，动摇，统治，转向
whichever	hwitʃ'evә	pron. 无论那一个，任何一个
exaggerate	ig'zædʒәreit	v. 夸大，夸张
overtake	.әuvә'teik	vt. 赶上，突然降临于，压倒，代替
lick	lik	n. 舔，少许，打vt. 舔，卷过，鞭打vi. 轻轻拍打
precaution	pri'kɒ:ʃәn	n. 预防，留心，警戒vt. 预先警告
tense	tens	a. 紧张的，拉紧的v. （使）紧张，（使）拉紧n. 时态
correction	kә'rekʃәn	n. 订正，改正，改正的地方[化] 校正
inferior	in'fiәriә	a. 次等的，较差的，下方的，下级的n. 部下，次品，下标（符号）
acquaintance	ә'kweintәns	n. 认识，相识者
humble	'hʌmbl	a. 低下的，谦逊的，粗陋的vt. 使……卑下，降低……地位，贬抑
gum	gʌm	n. 树胶，橡皮，橡皮糖，牙床，老天vt. 涂以树胶，用胶粘，使有粘性vi. 分泌树胶，发粘
audio	'ɒ:diou	a. 音频的，声音的[电] 声频
tick	tik	n. 滴答声，一瞬间，壁虱，褥套，信用，赊欠vi. 滴答响，活动vt. 滴答地记录，标记号于
swift	swift	n. 褐雨燕，快速爬行的小蜥蜴，蝙蝠蛾，大滚筒a. 迅速的，快的，敏捷的，立刻的adv. 迅速地，敏捷地
handy	'hændi	a. 便利的，敏捷的，容易取得的[化] 便于使用的; 易操作的
complicate	'kɒmplikeit	vt. 弄复杂，使错综，使恶化vi. 变复杂
rag	ræg	n. 碎布，抹布，碎片，碎屑，少量，破旧衣服vt. 责骂，揶揄，戏弄vi. 喧闹
chalk	tʃɒ:k	n. 粉笔，白垩vt. 用粉笔写，记录
expel	ik'spel	vt. 驱逐，逐出，排出，开除[医] 排除，迫出
decay	di'kei	n. 衰退，腐败v. （使）衰退，（使）腐败
robbery	'rɒbәri	n. 抢掠，抢夺[法] 强盗，抢劫，劫掠
gallon	'gælәn	n. 加仑[医] 加仑
congratulate	kәn'grætʃәleit	vt. 祝贺，庆贺
drip	drip	n. 水滴v. （使）滴下
doubtless	'dautlis	a. 无疑的，确定的adv. 无疑地，确定地
loosen	lu:sn	vt. 放松，松开，解除vi. 变松，松弛
cellar	'selә	n. 地窖，地下室，藏酒
procession	prә'seʃәn	n. 队伍，连续，列队行进，涌出
honourable	'ɒnәrәbl	a. 值得尊敬的，荣耀的，高贵的[法] 荣誉的，正直的，体面的
sticky	'stiki	a. 粘的，有粘性的，顽固的
appliance	ә'plaiәns	n. 器械，用具，应用[医] 矫正器; 器
infinite	'infinit	n. 无限，神a. 无穷的，无限的，极大的
gauge	geidʒ	n. 标准度量，计量器vt. 精确计量，估计[计] 线规
plaster	'plæstә	n. 石膏，灰泥，安慰（缓解）用品，膏药vt. 涂以灰泥，敷以膏药，掩饰，使平服，彻底击败，减轻，粘贴
inhabit	in'hæbit	vt. 居住于，占据，栖息
pigeon	'pidʒin	n. 鸽子，易上当受骗的人，年轻女子
ripe	raip	a. 成熟的，熟练的，成年的[医] 成熟的
photographic	.fәutә'græfik	a. 照相的，摄影用的，详细记录的，逼真的，酷似的
jewel	'dʒu:әl	n. 珠宝，贵重物，镶珠宝的饰物vt. 饰以珠宝，镶以宝石
slogan	'slәugәn	n. 呐喊声，标语，口号
hen	hen	n. 母鸡，雌禽
cushion	'kuʃәn	n. 垫子，橡皮软垫vt. 加垫褥，缓冲，掩盖
dial	'daiәl	n. 刻度盘，钟面，转盘v. 拨
berry	'beri	n. 浆果vi. 采集浆果
indoor	'indɒ:	a. 户内的，室内的
quilt	kwilt	n. 棉被vt. 加软衬料后缝制，东拼西凑地编vi. 缝被子
utter	'ʌtә	a. 全然的，绝对的，完全的vt. 发出声音，做声，发表，发射，流通
tomb	tu:m	n. 坟墓，死亡vt. 埋葬
bachelor	'bætʃәlә	n. 单身汉，学士[法] 学士，单身汉
detection	di'tekʃәn	n. 发现，察觉，探测[计] 检波; 检测
scarf	skɑ:f	n. 围巾，头巾，领带，领巾，嵌接vt. 用围巾围，嵌接
upward	'ʌpwәd	a. 向上的adv. 以上
livestock	'laivstɒk	n. 家畜[经] 牲畜，家畜
imitate	'imiteit	vt. 模仿，效法，冒充，仿造
velvet	'velvit	n. 天鹅绒a. 天鹅绒的
roller	'rәulә	n. 滚筒，滚轴，压路机[化] 滚柱; 托辊
reliance	ri'laiәns	n. 信任，信赖，受信赖的人（或事）[法] 信任，信赖，信心
heroic	hi'rәuik	a. 英勇的，英雄式的，壮丽雄伟的n. 英雄诗，史诗，英勇行为
honesty	'ɒnisti	n. 诚实，公正，正直
fearful	'fiәful	a. 可怕的，恐怕的，担心的
standpoint	'stændpɒint	n. 立场，观点
groan	grәun	n. 呻吟，叹息vi. 呻吟，抱怨，受压迫vt. 呻吟地说
turning	'tә:niŋ	n. 旋转，转弯处，车削工作[化] 车削
saddle	'sædl	n. 鞍，马鞍，车座，鞍状物vt. 装以马鞍，使负担vi. 跨上马鞍
preceding	.pri:'si:diŋ	a. 在前的，前面的[法] 在前的，在先的，前面的
abundant	ә'bʌndәnt	a. 丰富的，充分的，大量的
lazy	'leizi	a. 懒惰的，怠惰的，缓慢的vi. 懒散
proportional	prә'pɒ:ʃәnl	a. 比例的，相称的n. 比例项
odour	'әudә	n. 气味，臭气，香气，味道，迹象，名誉，声誉[医] 气味
sandy	'sændi	a. 沙的，沙地的，多沙的
magnet	'mægnit	n. 磁铁，有吸引力之人，有吸引力之物[化] 磁体
emit	i'mit	vt. 发出，放射，发表（意见等）, 散发，发行[化] 放射
noun	naun	n. 名词
stripe	straip	n. 斑纹，条纹[医] 纹，条纹
foremost	'fәumәust	a. 最初的，最重要的adv. 在最前
sorrow	'sɒrәu	n. 悲伤，哀惜，不幸vi. 悲伤，懊悔，遗憾
volcano	vɒl'keinәu	n. 火山
greeting	'gri:tiŋ	n. 祝贺，问候
swamp	swɒmp	n. 沼泽，进退两难的困境vt. 淹没，击溃，清除，使陷于沼泽vi. 陷于沼泽，淹没
oblige	ә'blaidʒ	vt. 强制，施恩惠于，使感激vi. 施恩惠，帮忙
noticeable	'nәutisәbl	a. 显而易见的，显著的，值得注意的
enlarge	in'lɑ:dʒ	vt. 扩大，增大vi. 扩大，详述
sore	sɒ:	a. 悲伤的，痛的，引起痛苦的n. 痛处，溃疡，疮
nephew	'nefju:	n. 侄子，外甥
vacant	'veikәnt	a. 空的，空白的，空虚的，空闲的，茫然的，空缺的[法] 空的，空虚的，闲暇的
fertilizer	'fә:tilaizә	n. 肥料，促进发展者，受精媒介物[化] 肥料
gratitude	'grætitju:d	n. 感激之情
altitude	'æltitju:d	n. 高度，海拔，高处[电] 高度
tidy	'taidi	n. 椅子的背罩，装杂物的容器a. 整齐的，有条理的vt. 弄整齐，收拾，整理vi. 整理，收拾
hardship	'hɑ:dʃip	n. 艰难，辛苦，苦难[法] 受苦，吃苦，苦难
adhere	әd'hiә	vi. 依附，粘着，坚持，追随，拥护vt. 使粘附
shepherd	'ʃepәd	n. 牧羊人，牧羊犬，牧师，保护者vt. 看守，领导，指导，牧羊
collaborate	kә'læbәreit	vi. 合作，勾结[法] 合作，合著，通敌
hopeless	'hәuplis	a. 无希望的，绝望的，不可救药的
aeroplane	'єәrәplein	n. 飞机[机] 飞机
cement	si'ment	n. 水泥，胶结剂vt. 胶合，用水泥涂vi. 黏牢
recite	ri'sait	v. 背诵，朗读，叙述
unsatisfactory	'ʌn.sætis'fæktәri	a. 不令人满意的
undo	.ʌn'du:	vt. 解开，取消，破坏，毁灭，扰乱vi. 松开[计] 撤消
feasible	'fi:zәbl	a. 能实行的，可行的，适宜的[法] 可行的，可执行的，可完成的
parlor	'pɑ:lә	n. 客厅，会客室，小店a. 客厅的
accessory	әk'sesәri	n. 附件，零件，附加物，从犯，同谋a. 附属的，补充的，同谋的，帮凶的，非主要的，副的[计] 附件
accustomed	ә'kʌstәmd	a. 惯常的，习惯了的
rotten	'rɒtn	a. 腐烂的，恶臭的，堕落的，风化的，虚弱的[经] 腐烂的，堕落的
blossom	'blɒsәm	n. 花，花开的状态，兴旺期vi. 开花，兴旺，发展
spacecraft	'speiskræft	n. 航天飞船
imprison	im'prizn	vt. 使下狱，关闭，拘禁，限制[法] 关押，监禁，限制
sew	sәu	vt. 缝纫，缝合，缝vi. 缝纫
ditch	ditʃ	n. 沟渠vt. 在……开沟vi. 开沟
whistle	'hwisl	n. 口哨，汽笛，啸啸声，口哨声vi. 吹口哨，鸣汽笛，发嘘嘘声vt. 用口哨或吹哨传意，用口哨演奏
porter	'pɒ:tә	n. 大楼管理员，门房，搬运工人，侍者，服务员[化] 搬运车; 搬运工人
bud	bʌd	n. 芽，花蕾vi. 发芽，萌芽vt. 使发芽
superficial	.sju:pә'fiʃәl	n. 表面，外表a. 表面的，肤浅的，面积的
scenery	'si:nәri	n. 风景，景色，舞台布景
mankind	mæn'kaind	n. 人类，男性
muddy	'mʌdi	a. 泥泞的，浑浊的，模糊的vt. 使污浊，使沾上泥污
thickness	'θiknis	n. 厚度，密度，愚钝，含混不清[医] 厚度
leverage	'levәridʒ	n. 杠杆作用，杠杆装置，杠杆效率[医] 杠杆率
hillside	'hilsaid	n. 山坡，山腹
voyage	'vɒiidʒ	n. 航行，航海，航程，旅行，航空vi. 航海，航行vt. 航行越过，飞过
stocking	'stɒkiŋ	n. 长袜[医] 马足水肿; 长袜
helpless	'helplis	a. 无助的，无能为力的，无依无靠的
conquest	'kɒŋkwest	n. 战胜，征服，战利品[法] 征服，赢得，获得
slender	'slendә	a. 苗条的，纤弱的，微少的，微薄的[机] 细的，纤细的
imaginary	i'mædʒinәri	a. 想像的，虚构的，假想的
orient	'ɒ:riәnt	n. 东方，东方诸国a. 东方的vi. 向东vt. 使朝东，使适应，确定方向
interruption	.intә'rʌpʃәn	n. 打扰，中断，障碍物[医] 间断，阻断，中止
hay	hei	n. 干草vt. 制干草，供给干草vi. 晒干草
messenger	'mesindʒә	n. 报信者，使者[经] 使者，送信者，通信员
moan	mәun	n. 呻吟，悲叹vi. 呻吟，抱怨，悲叹vt. 呻吟着说
thunder	'θʌndә	n. 雷，雷声vi. 打雷，轰隆地响，怒喝vt. 大声喊出，轰隆地发出
moist	mɒist	a. 潮湿的，多雨的，感伤的，含泪的[医] 湿的
comrade	'kɒmreid	n. 同志，伙伴
tractor	'træktә	n. 牵引器，拖拉机，拉纸器[计] 进纸器
abnormal	æb'nɒ:mәl	a. 反常的，不规则的，变态的，畸形的n. 畸形的人
vase	veis	n. 花瓶，瓶
revolt	ri'vәult	n. 叛乱，反抗，反感vi. 叛乱，反抗，起义，厌恶，反感vt. 使反感，使恶心
excursion	ik'skә:ʒәn	n. 远足，游览圆，短程旅行[医] 移动，离轨，逸出
cloak	klәuk	n. 斗蓬，大氅，掩护vt. 遮掩，隐匿，使披斗蓬
insult	'insʌlt	n. 侮辱，无礼，损害vt. 损害，侮辱，攻击
thirdly	'θә:dli	adv. 第三
upright	'ʌprait	a. 正直的，诚实的，公正的，垂直的，竖式的[化] 立杆
pearl	pә:l	n. 珍珠，珠灰色，杰出者，珍贵之物vt. 用珍珠镶，使成珠状vi. 成珠子状，采珍珠，用珍珠做
submarine	'sʌbmәri:n	n. 潜水艇，海底生物a. 海中的，生长在海中的vt. 用潜水艇攻击vi. 在下疾行，在下滑动
sideways	'saidweiz	adv. 向旁边，向侧面地a. 旁边的，向侧面的
bloom	blu:m	n. 花，开花，青春，钢块vi. 开花，焕发青春，茂盛vt. 使茂盛，把……轧成钢坯
necklace	'neklis	n. 项链
perfume	'pә:fju:m	n. 香水，香气，（悦人的）气氛，美名vt. 洒香水于，薰香，使充满香气
refine	ri'fain	vt. 精炼，净化，使优雅，使精炼vi. 被精炼，被净化
oval	'әuvәl	n. 椭圆形a. 卵形的，椭圆形的
synthetic	sin'θetik	n. 合成物质a. 综合（性）的，人造的，合成的
canoe	kә'nu:	n. 独木舟，轻舟vi. 乘独木舟vt. 用独木舟运
splash	splæʃ	n. 飞溅，污点，一点儿，溅泼声，色斑vi. 溅湿，溅开，飞溅vt. 溅，泼，使溅起水，洒，使成斑驳状
intimidate	in'timideit	vt. 威胁，恐吓[法] 恐吓，威胁，使恐惧
grandson	'grændsʌn	n. 孙子，外孙
fireman	'faiәmәn	n. 救火队员，消防队员[机] 司炉
resistant	ri'zistәnt	n. 抵抗者，反抗者a. 抵抗的，反抗的，耐……的
violin	.vaiә'lin	n. 小提琴
swan	swɒn	n. 天鹅，天鹅星座，有才华的诗人vi. 闲荡，蜿蜒而行
learned	'lә:nid	a. 有学问的，学术上的learn的过去式和过去分词
conversely	'kɔnv\\\\:sli	adv. 相反，逆，颠倒，反题，反
liar	'laiә	n. 说谎者
madam	'mædәm	n. 女士，夫人
vest	vest	n. 背心，汗背心vt. 使穿衣服，授予vi. 穿衣服，归属
inquire	in'kwaiә	v. 询问，问明，查究
vibration	vai'breiʃәn	n. 振动，颤动[化] 振动
sulphur	'sʌlfә	n. 硫，硫磺[化] 硫
tram	træm	n. 电车轨道，煤车，纬纱，纬丝vt. 用煤车运载vi. 乘电车
handkerchief	'hæŋkәtʃif	n. 手帕，头巾，围巾
clap	klæp	n. 拍手，拍手声，霹雳声，花柳病v. 鼓掌，（使）啪地关上
deepen	'dipәn	vi. 深化vt. 使加深，使强烈
radioactive	.reidiәu'æktiv	a. 放射性的，有放射能的[医] 放射性的，放射的
conquer	'kɒŋkә	vt. 克服，征服，战胜vi. 得胜
weary	'wiәri	a. 疲倦的，萎靡的，厌倦的，厌烦的vt. 使疲倦，使厌烦vi. 疲乏，生厌，不耐烦
mourn	mɒ:n	v. 哀悼，忧伤，服丧
scarce	skɑ:s	a. 难得的，稀罕的，缺乏的
pierce	piәs	vt. 刺穿，穿透，打眼于，洞悉，（声音）响彻，（亮光）照进，深深地打动vi. 刺入，穿入，透入，进入
worse	wә:s	n. 更坏的事，更恶劣的事，败局a. 更坏的，更恶劣的adv. 更坏地，更恶劣地
beforehand	bi'fɒ:hænd	adv. 预先
atmospheric	ætmәs'ferik	a. 大气的[医] 大气的; 大气压的
pear	pєә	n. 梨子，梨树，梨木[机] 梨木
unsuitable	.ʌn'sju:tәbl	a. 不适合的[法] 不适合的，不适当的
pluck	plʌk	n. 勇气，猛拉，动物内脏vt. 摘，猛拉，拔，拉，扯，采vi. 拉，拽
lunar	'lu:nә	a. 阴历的，月的，微亮的（指光）[医] 月的，银的
sincere	sin'siә	a. 诚实的，正直的，真挚的，纯净的
scout	skaut	n. 守候，侦察，搜索，侦察员，侦察机vi. 守候，侦察，巡视，嘲笑vt. 侦察，跟踪，发现，监视，嘲弄
loaf	lәuf	n. 一条面包，块，游荡v. 游手好闲，虚度光阴
sow	sau. sәu	n. 母猪，懒胖女人vt. 播种，散布，使密布vi. 播种
speciality	.speʃi'æliti	n. 专长，擅长，特种技能，详细说明，特性，特产，专业[化] 特制品
prosperous	'prɒspәrәs	a. 成功的，繁盛的，幸运的[经] 繁荣的，昌盛的
squirrel	'skwә:rәl	n. 松鼠，松鼠毛皮vt. 贮藏
preferable	'prefәrәbl	a. 更可取的，更好的，更合意的
plough	plau	n. 犁，犁过的地vi. 用犁耕田，开路vt. 耕，犁，开路
deceive	di'si:v	v. 欺骗，行骗
accidental	.æksi'dentl	a. 意外的，偶然的，非主要的，附属的n. 临时记号，次要方面
evacuate	i'vækjueit	v. 疏散，撤出，排泄
wreck	rek	n. 失事，残骸，破坏vt. 使失事，拆毁，破坏vi. （船）失事，营救失事船只
lever	'levә	n. 杠杆，似杠杆之工具vt. 撬开vi. 使用杠杆
famine	'fæmin	n. 饥荒，缺乏，饥饿
ignorant	'ignәrәnt	a. 无知识的，不知道的，由无知产生的[法] 无知的，愚昧的，不知情的
claw	klɒ:	n. 爪，螯，抓伤v. 用爪抓，挖，搜刮
frost	frɒst	n. 霜，冰冻，冷漠vt. 覆着霜，冻结，结霜vi. 受冻，起霜
marvelous	'mɑ:vәlәs	a. 令人惊异的，了不起的，不平常的
mercury	'mә:kjuri	n. 水银，汞，使者[化] 汞Hg
saw	sɒ:	n. 锯子，谚语vt. 锯，锯开，来回移动vi. 拉锯，移动see的过去式
chess	tʃes	n. 国际象棋[建] 雀麦
camel	'kæml	n. 骆驼，打捞浮筒
farewell	'fєә'wel	n. 辞别，再见，再会interj. 再会
withstand	wið'stænd	vt. 抵住，顶住，经得起
unstable	.ʌn'steibl	a. 不稳定的
rein	rein	n. 缰绳，统治，支配vt. 驾驭，以缰绳控制，控制vi. 勒住马
cabbage	'kæbidʒ	n. 卷心菜[医] 卷心菜，甘兰
lumber	'lʌmbә	n. 木材，破旧家俱，废物，隆隆声vt. 砍伐木材，乱堆vi. 笨拙地移动，喧闹地向前走，隆隆地移动
gloomy	'glu:mi	a. 抑沉的，忧闷的，黑暗的，悲观的
selfish	'selfiʃ	a. 自私的，利己主义的，自我中心的
harden	hɑ:dn	vt. 使变硬，使坚强，使冷酷vi. 变硬，变冷酷
kindness	'kaindnis	n. 仁慈，亲切，和蔼
earnest	'ә:nist	n. 定金，诚挚，认真a. 认真的，热心的，重要的
autobiography	.ɒ:tәubai'ɒgrәfi	n. 自传
irregular	i'regjulә	n. 不规则物，不合规格之物a. 不规则的，不整齐的，不合法的
hollow	'hɒlәu	n. 洞，窟窿，山谷a. 空的，虚伪的，空腹的，凹的vi. 形成空洞vt. 挖空
lavatory	'lævәtәri	n. 洗脸盆，厕所
coarse	kɒ:s	a. 粗糙的，下等的，粗俗的[计] 粗略的
hare	hєә	n. 野兔vi. 飞跑
donkey	'dɒŋki	n. 驴子，笨蛋，顽固者，辅助发动机，辅助泵
impatient	im'peiʃәnt	a. 不耐烦的，着急的，急切的
oriental	.ɒ:ri'entl	n. 东方人，亚洲人a. 东方诸国的，亚洲的，东方的
workman	'wә:kmәn	n. 工人，工匠，男工
incorrect	.inkә'rekt	a. 不正确的[法] 不正确，错误的，不适当的
compass	'kʌmpәs	n. 指南针，范围，音域vt. 包围，达到，图谋，理解
beginner	bi'ginә	n. 初学者
canteen	kæn'ti:n	n. 水壶，军中俱乐部，临时流动餐馆，小卖部
acceleration	әk.selә'reiʃәn	n. 加速，促进，加速度[化] 加速度
simplify	'simplifai	vt. 单一化，简单化
cafeteria	.kæfi'tiәriә	n. 自助餐厅[经] 自助餐厅
restless	'restlis	a. 不安静的，慌张的，休息不充分的[医] 不安静的，不宁的
pave	peiv	vt. 铺设，安排，铺满，为……铺路[化] 铺设
fry	frai	n. 油炸食物，鱼苗v. 油炸，煎
glide	glaid	n. 滑动，滑过，流水vi. 滑动，滑翔，溜走，流逝vt. 使滑动
radius	'reidiәs	n. 半径，范围，辐射光线[电] 半径
blaze	bleiz	n. 火焰，烈火，光辉vi. 燃烧，发光vt. 使燃烧，宣布，在树皮上刻痕
nylon	'nailɒn	n. 尼龙[化] 尼龙; 聚酰胺纤维
cannon	'kænәn	n. 大炮，加农炮v. 炮轰
purity	'pjuәrәti	n. 纯净，纯正，纯粹[化] 纯度
embarrass	im'bærәs	vt. 使困窘，使局促不安，阻碍
oneself	wʌn'self	pron. 自己，亲自
fasten	'fɑ:sәn	vt. 拴紧，使固定，系，集中于，强加于vi. 扣紧
navigation	.nævi'geiʃәn	n. 航行，航海，导航[经] 航空，航海，航船
luggage	'lʌgidʒ	n. 行李，皮箱
unload	.ʌn'lәud	vi. 卸货vt. 从……卸下，摆脱……之负担，倾销，卸（货）[计] 卸载
affluent	'æfluәnt	a. 丰富的，富裕的n. 支流，富人
naughty	'nɒ:ti	a. 顽皮的，没规矩的，不适当的，下流的
dialect	'daiәlekt	n. 方言，同源语
infer	in'fә:	vt. 推论出，推断vi. 作推论
vice	vais	n. 恶习，恶行，罪恶，堕落，缺陷，恶癖，老虎钳vt. 钳住prep. 代替
dusk	dʌsk	n. 薄暮，傍晚，黄昏a. 微暗的v. （使）微暗
reed	ri:d	n. 芦苇，芦笛，簧舌，纤弱的人vt. 用芦苇盖，用小凸嵌线装饰
wax	wæks	n. 蜡，蜡状物，一阵发怒，增加，（月亮）渐盈vi. 变大，增大，月亮渐满vt. 上蜡于
sob	sɒb	vi. 啜泣，呜咽vt. 哭诉，哭得使n. 啜泣，呜咽
graceful	'greisful	a. 优美的
puppet	'pʌpit	n. 傀儡，木偶[法] 木偶，傀儡，受他人操纵的人
seaman	'si:mәn	n. 船员，海员，水兵[法] 海员，水手，精通海事者
glue	glu:	n. 胶，粘性物vt. 粘合，胶合
microscope	'maikrәuskәup	n. 显微镜[化] 显微镜
turbine	'tә:bain	n. 涡轮机[化] 涡轮机
baggage	'bægidʒ	n. 行李[经] 行李
veil	veil	n. 面纱，面罩，借口，幕，帐，遮蔽物vt. 戴面纱，隐藏，遮蔽，掩饰vi. 蒙上面纱
sunrise	'sʌnraiz	n. 日出，黎明，拂晓
comb	kәum	n. 头梳，鸡冠vt. 梳头发，梳毛vi. （浪）涌起
elimination	i.limi'neiʃәn	n. 除去，消除，消灭[化] 消去; 脱去
friction	'frikʃәn	n. 摩擦，摩擦治疗，不和[医] 摩擦
hatch	hætʃ	n. 孵化，舱口vt. 孵，孵出，策划vi. 孵化
geology	dʒi'ɒlәdʒi	n. 地质学，地质情况
merry	'meri	a. 快乐的，愉快的，嬉戏作乐的
sober	'sәubә	a. 未醉的，稳重的，节制的，严肃的，不夸大的，合理的，朴素的vt. 使醒酒，使严肃vi. 从醉里醒来，变严肃
sleepy	'sli:pi	a. 困乏的，欲睡的
clasp	klɑ:sp	n. 扣子，钩，紧握v. 扣紧，紧握
youthful	'ju:θful	a. 年轻的，青年的[法] 青年的，年轻的
nap	næp	n. 小睡，稍睡，细毛，孤注一掷vi. 小睡，疏忽vt. 使拉毛，打盹度过，预测……为获胜马
razor	'reizә	n. 剃刀vt. 剃
starve	stɑ:v	v. （使）饿死，（使）挨饿
fertile	'fә:tail	a. 可繁殖的，肥沃的，生产多的[医] 能生育的
disgust	dis'gʌst	n. 厌恶，嫌恶vi. 令人厌恶vt. 使作呕
niece	ni:s	n. 侄女，甥女
rainy	'reini	a. 下雨的，多雨的
microcomputer	.maikrәu'kɒmpjutә	n. 微电脑，微机[计] 微型计算机; 微计算机
hamburger	'hæmbә:gә	n. 汉堡（德国港口）, 肉饼，汉堡包，纯精牛肉，汉堡牛排
liberate	'libәreit	vt. 解放，释放，使自由[机] 释出，放出
liner	'lainә	n. 班机，划线者，定期船，衬里[化] 衬垫; 垫带; 套管
announcer	ә'naunsә	n. 节目报告员，宣告者
orphan	'ɒ:fәn	n. 孤儿a. 无双亲的，孤儿的vt. 使成孤儿[计] 弧体
needless	'ni:dlis	a. 不需要的，不必要的
idle	'aidl	a. 懒惰的，闲散的，停顿的，空闲的，无用的vi. 无所事事，闲散，浪费，空转vt. 虚度，使闲散，使空转n. 空转，空闲时间[计] 空闲时间
reel	ri:l	n. 卷轴，一卷，纺车，旋转，蹒跚vt. 卷……于轴上，绕，使旋转vi. 蹒跚地走，旋转，眩晕，摇晃，退缩[计] 卷; 盘
sharpen	'ʃɑ:pn	vt. 使尖锐，使敏捷，加重，削尖vi. 尖锐化，变锋利
indifferent	in'difәrәnt	a. 漠不关心的，无重要性的，中立的[医] 中性的，无作用的，无亲和力的，淡漠的
bathe	beið	vt. 沐浴，用水洗vi. 洗澡
conjunction	kәn'dʒʌŋkʃәn	n. 连接词，联合，结合[计] 合取
outdoors	'aut'dɒ:z	n. 户外，野外活动adv. 在户外，在野外
continual	kәn'tinjuәl	a. 持续不断的，继续的[建] 连续的
digest	di'dʒest	n. 文摘vi. 消化vt. 消化，理解[计] 摘要
breadth	bredθ	n. 宽度[法] 违背，违犯，未遵守
accustom	ә'kʌstәm	vt. 使习惯于
reap	ri:p	vt. 收割，收获，获得vi. 收割，得到报应
paste	peist	n. 面团，面食，浆糊，糊状物，粘贴，用拳重击vt. 用浆糊粘，张贴，狠狠地打[计] 粘贴
midday	'middei	n. 正午，中午a. 正午的
bruise	bru:z	n. 青肿，挫伤，擦伤vi. 受伤，擦伤vt. 使受伤，研碎
mediterranean	.meditә'reiniәn	n. 地中海，地中海民族a. 地中海的，地中海民族的
conserve	kәn'sә:v	n. 蜜饯，果酱vt. 保存，使（能量等）守恒
ornament	'ɒ:nәmәnt	n. 装饰，点缀品，教堂用品vt. 装饰，修饰
lessen	'lesn	vt. 减少，缩小，减轻vi. 变小
typewriter	'taip.raitә	n. 打字机
infamous	'infәmәs	a. 无耻的，不名誉的，声名狼藉的
roast	rәust	n. 烤肉，烘烤，嘲笑a. 烘烤的，烤过的vt. 烤，炙，烘焙，嘲笑vi. 烤，炙，烘焙
careless	'kєәlis	a. 粗心的，不关心的，无忧无虑的
masterpiece	'mɑ:stәpi:s	n. 杰作，名著
slippery	'slipәri	a. 滑的，光滑的，靠不住的，圆滑的，不稳固的[法] 狡猾的，不可靠的，不安定的
ache	eik	n. 疼痛vi. 痛，哀怜，渴望
storey	'stɔ:ri	n. 楼，楼层，层楼
pinch	pintʃ	n. 捏，拧，撮，少量，收缩，挤压，夹痛，苦恼，逮捕，指控，匮乏，紧急关头vt. 捏，拧，掐，挤压，修剪，使困苦，使萎缩，节制，少量加入，逮捕，勒索vi. 收缩，节省，挤压，引起苦恼
deduce	di'dju:s	vt. 推论，演绎出[法] 推断，推出，演绎
indoors	'in'dɒ:z	adv. 在户内
orderly	'ɒ:dәli	a. 有秩序的，整齐的，值班的n. 护理员，清道夫，传令兵，勤务兵adv. 依次地，顺序地
quarrel	'kwɒrәl	n. 吵架，反目，怨言，方头凿vi. 吵架，争论，挑剔
pants	pænts	n. 裤子，长裤，短衬裤，女式运动短裤
peninsula	pi'ninsjulә	n. 半岛，突出的地方，伊比利亚半岛
portuguese	.pɒ:tju'gi:z	n. 葡萄牙人，葡萄牙语a. 葡萄牙的，葡萄牙人的，葡萄牙语的
cubic	'kju:bik	a. 立方体的，立方的[机] 立方的，立方体的
inefficient	.ini'fiʃәnt	a. 无效率的，无能的[医] 无效的，无效力的
tailor	'teilә	n. 裁缝，成衣匠vt. 缝制，制作，使适应vi. 做裁缝
refreshment	ri'freʃmәnt	n. 点心，起提神作用的事物，精神爽快
brighten	'braitn	vi. 变亮，活跃vt. 使生辉，使快活
compute	kәm'pju:t	v. 计算，估算n. 计算，估算
handwriting	'hændraitiŋ	n. 笔迹
comprehension	.kɒmpri'henʃәn	n. 理解，包含
flare	'flєә	n. 闪光，闪耀vi. 闪光，闪耀vt. 用发光信号发出，使闪耀，使张开
dye	dai	n. 颜料，染料vt. 染，染色vi. 被着色
geometry	dʒi'ɒmәtri	n. 几何学[机] 几何学
knob	nɒb	n. 把手，瘤，旋钮，球形突出物vt. 使有球形突出物vi. 鼓起
evaporate	i'væpәreit	vi. 蒸发，失去水分，消失vt. 使蒸发，使脱水，使消失
volleyball	'vɒlibɒ:l	n. 排球
honeymoon	'hʌnimu:n	n. 蜜月，蜜月假期vi. 渡蜜月
hawk	hɒ:k	n. 鹰，掠夺者，鹰派成员vi. 放鹰行猎，像鹰一般地袭击，清嗓，咳嗽vt. 捕捉，咳出，兜售，叫卖，散播
inward	'inwәd	a. 内心的，向内的，本来的[医] 向内的
durable	'djurәbl	a. 持久的，耐用的
vapour	'veipә	n. 汽，蒸气vi. 蒸发，吹牛vt. 使蒸发，使汽化
despise	di'spaiz	vt. 轻视
cock	kɒk	n. 公鸡，雄禽，龙头，头目，锥形小干草堆vt. 使耸立，使竖起，堆成锥形小干草堆vi. 大摇大摆地走，翘起
ascribe	ә'skraib	vt. 归因于，归咎于[法] 归咎于
sponge	spʌndʒ	n. 海绵，海绵状的东西vt. 用海绵擦拭，吸收掉，抹掉vi. 采集海绵，海绵般吸收
coil	kɒil	n. 线圈，盘绕，骚动，卷vt. 盘绕，卷
pebble	'pebl	n. 小圆石，小鹅卵石，水晶透镜，碎石花纹[医] 小石
practicable	'præktikәbl	a. 可实行的，可做的，可用的
wavelength	'weivleŋθ	n. 波长[化] 波长
paw	pɒ:	n. 爪v. 以蹄扒地，用爪子抓，拼命抓，向……乱抓，笨拙地使用，费力地前进
waterfall	'wɒtәfɒ:l	n. 瀑布
whirl	hwә:l	n. 回旋，旋转，急走，眩晕vt. 使旋转，使回旋，卷走vi. 回旋，旋转，急走，发晕
carpenter	'kɑ:pintә	n. 木匠
intern	in'tә:n	n. 实习生，被拘留者vi. 作实习医师（教师、实习生）vt. 拘留，扣留
accordance	ә'kɒ:dәns	n. 一致，和谐
petroleum	pә'trәuliәm	n. 石油[化] 石油
sting	stiŋ	n. 叮，刺痛，刺激，讽刺vt. 叮，刺痛，刺激，使苦恼vi. 叮，刺痛
shortcoming	'ʃɒ:t'kʌmiŋ	n. 缺点，短处
exhaustion	ig'zɒ:stʃәn	n. 抽空，耗尽，疲惫，筋疲力尽[化] 抽空
pronunciation	prәu.nʌnsi'eiʃәn	n. 发音，读法
inventor	in'ventә	n. 发明家[法] 发明人，发明家，创造者
ore	ɒ:	n. 矿石[经] 矿
disappoint	.disә'pɒint	vt. 使失望
downward	'daunwәd	a. 向下的
puff	pʌf	n. 一阵喷烟，肿块，喘息v. 喷出，张开，吹捧，（使）充气，喘气，（使）骄傲，（使）膨胀
misunderstand	.misʌndә'stænd	vt. 误解，误会
cucumber	'kju:kәmbә	n. 黄瓜[医] 黄瓜，胡瓜
mister	'mistә	n. 先生
spear	spiә	n. 矛，枪，持矛者，嫩枝vt. 用矛刺vi. 刺，戳a. 父系的
weekday	'wi:kdei	n. 周日，平日[计] 工作日
dorm	dɒ:m	n. 宿舍
overtime	'әuvәtaim	n. 超时，加班，延长时间a. 超时的，加班的adv. 加班地vt. 使超过时间
awfully	'ɒ:fuli	adv. 恶劣地，非常地，极端地
lantern	'læntәn	n. 灯笼，提灯，航标灯vt. 装上提灯
heroine	'herәuin	n. 巾帼英雄，烈妇，女主角[化] 海洛因; 二醋吗啡; 二乙酰吗啡
respectful	ri'spektful	a. 表示尊敬的，有礼貌的，谦恭的
crane	krein	n. 鹤，起重机vt. 伸颈，起重机起吊vi. 伸颈看，迟疑
crow	krәu	n. 啼叫，乌鸦，鸡鸣，撬棍vi. 啼叫，报晓
faulty	'fɒ:lti	a. 有过失的，有缺点的，不完美的，应受责备的[经] 缺点多的
butcher	'butʃә	n. 屠夫，肉商，小贩vt. 屠宰，屠杀
tedious	'ti:diәs	a. 沉闷的，冗长乏味的
lag	læg	n. 落后，囚犯，迟延，桶板，防护套a. 最后的vi. 落后，蹒跚，缓缓而行，滞后vt. 落后于，押往监狱，加上外套[计] 延迟; 落后
disapprove	.disә'pru:v	v. 不赞成
mislead	mis'li:d	vt. 误导
envy	'envi	n. 羡慕，嫉妒vt. 羡慕，嫉妒
insignificant	.insig'nifikәnt	a. 无关紧要的，无意义的，琐碎的
haircut	'hєәkʌt	n. 理发，（男子的）发式
harness	'hɑ:nis	n. 马具，挽具状带子，甲胄vt. 给……上挽具，驾驭，披上甲胄，利用……以产生动力
economical	.i:kә'nɒmikәl	a. 节俭的，经济的，合算的[经] 经济的，节约的
shopkeeper	'ʃɒp.ki:pә	n. 零售商，店主，老板
radiate	'reidieit	vt. 放射，散发，辐射，传播，广播vi. 发光，辐射，流露a. 有射线的，辐射状的
hasten	'heisn	vt. 催促，加紧vi. 赶快，急忙
skim	skim	vt. 撇取浮沫，略读，掠过vi. 擦过，浏览n. 脱脂乳，擦过，表层物a. 撇去浮沫的
granddaughter	'^rændɔ:tә(r)	n. 孙女，外孙女
unlucky	.ʌn'lʌki	a. 不吉利的，不祥的，不幸的
gracious	'greiʃәs	a. 亲切的，慈善的
indispensable	.indis'pensәbl	n. 不可缺少之物a. 不可缺少的，责无旁贷的，绝对必要的
rejoice	ri'dʒɒis	vt. 使欢喜vi. 欣喜，高兴，庆祝
outwards	'autwәdz	adv. 向外地
slum	slʌm	n. 贫民窟vi. 访问贫民区
lighten	'laitn	vt. 照亮，点亮，减轻，使轻松，闪出vi. 发亮，打闪，变轻
greedy	'gri:di	a. 贪婪的，贪得的，贪吃的
starvation	stɑ:'veiʃәn	n. 饥饿，饿死[医] 绝食，饥锇（指长时期的）
outward	'autwәd	a. 向外的，表面的，外服的adv. 向外，在外，表面
solemn	'sɒlәm	a. 严肃的，郑重的，庄严的
amaze	ә'meiz	vt. 使吃惊
brisk	brisk	a. 强烈的，寒冷而干燥的，活泼的vt. 使活泼vi. 活跃起来
advisable	әd'vaizәbl	a. 适当的，明智的
clumsy	'klʌmzi	a. 笨拙的，不雅观的，粗陋的
woollen	'wulin	n. 毛织品a. 羊毛制的
ounce	auns	n. 盎司，少量，雪豹[医] 英两，Г
jolly	'dʒɒli	a. 愉快的，高兴的，宜人的vt. 恭维，使高兴，取笑vi. 开玩笑adv. 非常，极为
spade	speid	n. 铲子，锄，铲刀，黑桃vt. 以锄掘，把……弄实抹平vi. 铲
scissors	'sizәz	pl. 剪刀[医] 剪
exterior	ik'stiәriә	n. 外部，表面，外貌a. 外部的，外在的，表面的
turbulent	'tә:bjulәnt	a. 狂暴的，骚乱的，紊乱的
statesman	'steitsmәn	n. 政治家
dread	dred	n. 恐惧，可怕的人（或事）a. 可怕的，可怖的v. 恐惧，害怕
childish	'tʃaildiʃ	a. 天真的，孩子气的
amuse	ә'mju:z	vt. 消遣，娱乐，使发笑
semiconductor	.semikәn'dʌktә	n. 半导体[化] 半导体
brittle	'britl	a. 易碎的，脆弱的，易坏的[机] 脆的，脆性的，易碎的
intentional	in'tenʃәnәl	a. 故意的，与目的有关的[法] 故意的，有意的
pollute	pә'lu:t	vt. 污染，弄脏，玷污[化] 污染
slipper	'slipә	n. 拖鞋，制轮器vt. 用拖鞋打
quiz	kwiz	n. 考查，课堂测验，恶作剧，智力测验vt. 戏弄，考查，恶作剧
arithmetic	ә'riθmәtik	n. 算术，算术知识[机] 算术; 算术的
wreckage	'rekidʒ	n. 残骸，失事，破坏[经] （船双等的）失事遭难
lest	lest	conj. 以免，唯恐，免得
worthless	'wә:θlis	a. 无价值的，无益的，无足轻重的[法] 无价值的，无用的
calculator	'kælkjuleitә	n. 计算者，计算器[计] 计算器
trumpet	'trʌmpit	n. 喇叭，小号，喇叭声vi. 吹喇叭vt. 用喇叭吹出，吹嘘
racket	'rækit	n. 球拍，喧闹，杂乱无章vi. 喧闹vt. 用球拍打
tan	tæn	n. 黄褐色，鞣料，马戏团a. 黄褐色的，鞣皮的vi. 晒成棕褐色vt. 把……晒黑，鞣（革）, 狠狠鞭打
rake	reik	n. 耙子，钱耙，斜度，浪子v. 搜索，掠过，（用耙子）耙，（使）倾斜
sparkle	'spɑ:kl	n. 闪耀，火花，活力，发泡vi. 闪耀，冒火花vt. 使闪耀
centimetre	'senti,mi:tә(r)	n. 厘米，公分
tramp	træmp	n. 坚实（或沉重）的脚步声，流浪者vi. 践踏，重步行走，步行，流浪vt. 走过，踩
yearly	'jiәli	a. 每年的，一年一度的adv. 一年一次，每年
salute	sә'lu:t	vi. 行礼，致意，问候，放礼炮vt. 向……致意，迎接，赞扬n. 招呼，敬礼，礼炮
swarm	swɒ:m	n. 群，大群，蜂群，分蜂群vi. 分群，群集，聚集一块，云集，攀vt. 挤满，爬，攀
stoop	stu:p	n. 佝偻，屈从，弯腰vi. 弯下，屈从，弯腰，堕落vt. 使屈从，使弯曲
sportsman	'spɒ:tsmәn	n. 运动员，冒险家
mouthful	'mauθful	n. 一口，满口
anyhow	'enihau	adv. 无论如何，至少
furnace	'fә:nis	n. 火炉，熔炉，考验vt. 在炉中烧
preface	'prefis	n. 序，绪言，前言vi. 作序，写前言vt. 给……作序，以……开始
stiffen	'stifn	vt. 使变硬，使僵硬，使顽强，使严厉vi. 变粘，变硬，变强烈
saucer	'sɒ:sә	n. 茶碟，茶托[医] 碟
barber	'bɑ:bә	n. 理发师
sly	slai	a. 狡猾的，诡密的，俏皮的，偷偷摸摸的
alphabet	'ælfәbit	n. 字母[计] 字母表
singular	'siŋgjulә	n. 单数a. 异常的，单一的
captive	'kæptiv	n. 俘虏，迷恋者a. 被俘的，被迷住的
germ	dʒә:m	n. 细菌，种子，生殖细胞，根源[医] 芽胞，胚，胚芽，病菌
daring	'dєәriŋ	a. 大胆的
shriek	ʃri:k	n. 尖锐的响声vi. 尖叫，发尖声vt. 尖声发出
optics	'ɒptiks	n. 光学[化] 光学
pronoun	'prәunaun	n. 代词
extinct	ik'stiŋkt	a. 熄灭的，灭绝的，耗尽的[法] 消灭了的，过时的，无效的
cripple	'kripl	n. 跛者，残废vt. 使跛，使成残废，削弱a. 跛的，残废的
shady	'ʃeidi	a. 荫凉的，成荫的，阴暗的，隐蔽的[法] 成问题的，令人怀疑的
broom	bru:m	n. 扫帚，金雀花vt. 扫除
utmost	'ʌtmәust	n. 极限，最大限度，极度a. 极度的，最远的
depress	di'pres	vt. 使沮丧，压低，降低，使萧条[化] 推下
attentive	ә'tentiv	a. 注意的，留心的
humorous	'hju:mәrәs	a. 富幽默感的，滑稽的，诙谐的
haste	heist	n. 匆忙，急忙
surname	'sә:neim	n. 姓，别号，绰号vt. 呼以姓氏，起绰号
stormy	'stɒ:mi	a. 暴风雨的，粗暴的，激烈的
vanity	'væniti	n. 虚荣心，虚无，自负，空虚，时髦的小摆饰
compress	kәm'pres	vt. 压缩，压紧vi. 受压缩小[计] 压缩程序
mortal	'mɒ:tәl	n. 生物，人类a. 不免一死的，人类的，临终的
exceedingly	ik'si:diŋli	adv. 极端地，极度地，非常
poisonous	'pɒizәnәs	a. 有毒的，恶毒的，讨厌的[医] 有毒的
robber	'rɒbә	n. 强盗，盗贼
rot	rɒt	n. 腐烂，腐蚀，败坏vi. 腐烂，烂，堕落，憔悴vt. 使腐烂，使腐朽，使堕落
pessimistic	.pesi'mistik	a. 悲观的，厌世的，悲观主义的
plentiful	'plentiful	a. 许多的，丰富的，丰饶的
stern	stә:n	n. 尾部，船尾，臀a. 严厉的，严格的，坚定的，坚决的
shear	ʃiә	n. 修剪，剪下的东西，大剪刀，切变，剪切机，切vt. 修剪，割，剥夺，横越，削剪vi. 剪，修剪，剪羊毛，切断
amplify	'æmplifai	vt. 增强，放大，扩大，详述vi. 引伸
snowy	'snәui	a. 多雪的，雪的，被雪所覆盖着的，下雪的
troublesome	'trʌblsәm	a. 麻烦的，令人讨厌的
rusty	'rʌsti	a. 生锈的，腐蚀的，生疏的，顽固的，腐烂的[医] 锈色的
feeble	fi:bl	a. 微弱的，衰弱的，无效的[医] 无力的，衰弱的
thermometer	θә'mɒmitә	n. 温度计，体温计[化] 温度计
fluent	'flu:әnt	a. 流利的，流畅的
vibrate	'vaibreit	vi. 振动，颤动，激动，摇摆，踌躇vt. 使颤动，使振动，使摆动
fruitful	'fru:tful	a. 结果实的，多实的，产量多的
unjust	.ʌn'dʒʌst	a. 不公平的[法] 不公正的人; 不公正的，不公平的，不合理的
cunning	'kʌniŋ	a. 狡猾的，巧妙的，可爱的[法] 狡猾的的，狡诈的，熟练的
vain	vein	a. 无价值的，徒然的，空虚的，自负的，愚蠢的
grieve	gri:v	vt. 使悲伤vi. 悲痛，伤心
postage	'pәustidʒ	n. 邮资[经] 邮费，邮资
quarterly	'kwɔ:tәli	a. 季度的，按季度的，每季的adv. 按季，每三个月，每季一次n. 季刊
unbearable	.ʌn'bєәrәbl	a. 无法忍受的，承受不住的
wreath	ri:θ	n. 花圈，花环，圈状物[医] 花冠，花冠体（细胞核分裂的一时期）
beggar	'begә	n. 乞丐vt. 使贫穷，使成乞丐
millimetre	'milimi:tә	n. 毫米[机] 公厘
clothe	klәuð	vt. 给……穿衣，盖上，赋予
thorn	θɒ:n	n. 刺，棘，荆棘
melon	'melәn	n. 瓜，甜瓜，红利，赃物[化] 三聚二氰亚胺
videotape		n. 录相磁带vt. 把电视节目录在录像磁带上
approximate	ә'prɒksimәt	a. 大约的，接近的，近似的vt. 接近，使接近，粗略估计vi. 接近于
stale	steil	n. 尿a. 不新鲜的，陈腐的，疲惫的，陈旧的vt. 使变旧，走味vi. 变陈旧，走味，失时效，撒尿
waterproof	'wɒtәpru:f	n. 防水材料a. 不透水的，防水的vt. 使防水
hostess	'hәustis	n. 女主人，女房东，女老板
elastic	i'læstik	n. 松紧带，橡皮筋a. 有弹性的，能伸缩的，可通融的
traitor	'treitә	n. 叛逆者，叛国者[法] 叛徒，叛逆，背信者
telegram	'teli^ræm	n. 电报，一封电报[计] 电报
lame	leim	a. 跛足的，僵痛的，不完全的，金属薄板，不知内情的人vi. 变跛vt. 使成残废，使无用
farther	'fɑ:ðә	a. 更远的，进一步的adv. 更远的，此外，far的比较级
shampoo	ʃæm'pu:	n. 洗头，洗发剂vt. 洗头，洗发
rouse	rauz	n. 觉醒，奋起，干杯vt. 唤醒，鼓舞，激动，使振奋，惊起vi. 醒来，奋起
cent	sent	n. 分[经] 美分
metric	'metrik	a. 公尺的，公制的，计量的[医] 测量的，米制的，公制的
zeal	zi:l	n. 热心，热衷，热诚
landlady	'lændleidi	n. 女房东，女地主
subtract	sәb'trækt	vt. 减去，扣掉，减少vi. 做减法[计] 减
scold	skәuld	n. 好骂街的人，责骂v. 责骂
brook	bruk	n. 小溪vt. 容忍
rust	rʌst	n. 锈，生锈，衰退vi. 生锈，衰退vt. 使生锈，腐蚀
treason	'tri:zn	n. 叛逆，不忠，叛国罪[法] 叛逆，通敌，叛国罪
idiom	'idiәm	n. 习语，成语，惯用语法，方言
slit	slit	n. 裂缝，投币口，狭长裂口vt. 切开，扯裂，使有狭缝vi. 纵切，纵裂
alloy	'ælɒi. ә'lɒi	n. 合金vt. 将……铸成合金，减低成色vi. 合铸
yawn	jɒ:n	n. 哈欠vi. 打哈欠，裂开vt. 打着哈欠说
overcoat	'әuvәkәut	n. 外套大衣
expend	ik'spend	vt. 花费，消耗，用光
humid	'hju:mid	a. 潮湿的，湿润的，多湿气的
automation	.ɒ:tә'meiʃәn	n. 自动化，自动操作[计] 自动学; 自动化
transistor	træn'zistә	n. 晶体管[化] 晶体管
glitter	'glitә	n. 灿烂，闪烁，辉耀vi. 灿烂，闪烁，辉耀
thirst	θә:st	n. 口渴，渴望vi. 口渴，渴望
tame	teim	a. 驯服的，柔顺的，被开垦的，顺从的，乏味的，平淡的vt. 驯养，驯服，制服，失去锋芒vi. 变得驯服
pane	pein	n. 窗玻璃，方框，方格，窗格vt. 嵌窗玻璃于[计] 窗格
mute	mju:t	n. 哑子，哑音字母，弱音器a. 哑的，无声的，沉默的vt. 减弱……的声音vi. 排泄
dormitory	'dɒ:mitәri	n. 宿舍
overdue	'әuvә'dju:	a. 过期的，未兑的，迟到的，早就成熟的[经] 过期未付的
disable	dis'eibl	vt. 使失去能力，使残废，（律）使无资格[计] 使无效，禁止，关闭
throng	θrɒ:ŋ	n. 群，人群，群集，众多a. 拥挤的vi. 群集，蜂拥vt. 在……群集，使拥塞
bristle	'brisl	n. 刚毛，猪鬃vi. 直立，发怒，充满vt. 使直立
refute	ri'fju:t. ri:-	vt. 反驳，驳斥；驳倒
sympathize	'simpәθaiz	vi. 同情，怜悯，同意，体谅
pastime	'pæstaim	n. 消遣，娱乐，游戏
submerge	sәb'mә:dʒ	vt. 使浸水，使陷入，淹没vi. 潜入水中
arabian	ә'reibiәn	a. 阿拉伯的，阿拉伯人的
habitual	hә'hitʃuәl	a. 习惯的，惯常的，平常的[法] 习惯的，以习惯为常业的，惯常的
refresh	ri'freʃ	vt. 使清新，使恢复，使生气蓬勃vi. 提起精神，恢复精神，吃点心，喝饮料vt. 刷新，重新整理vi. 刷新，重新整理[计] 刷新，重新整理
timid	'timid	a. 胆小的，羞怯的
ax	æks	n. 斧头vt. 用斧削或砍，削减
torrent	'tɒ:rәnt	n. 奔流，倾盆大雨，倾注，迸发
quicken	'kwikәn	vt. 加快，激发，使有生气，鼓舞，使复活vi. 加快，变活跃，进入胎动期
measurable	'meʒәrәbl	a. 可测量的，不久的，重要的
vitally	'vaitli	adv. 与生命有关地，致命地，紧要地
liter	'li:tә	n. 公升[化] 升
victorious	vik'tɔ:riәs	a. 胜利的，得胜的，战胜的
joyful	'dʒɒiful	a. 欢喜的，高兴的，令人高兴的
coward	'kauәd	n. 懦弱的人，胆小的人
hasty	'heisti	a. 匆匆的，轻率的，性怠的
relativity	.relә'tiviti	n. 有关系，相关性，相对性[化] 相对性
unkind	.ʌn'kaind	a. 不仁慈的，不亲切的
postman	'pәustmәn	n. 邮递员[法] 邮递员，理财法庭的高级律师
brute	bru:t	n. 畜生，残忍或好色之人a. 残忍的，无理性的，畜生的
spaceship	'speisʃip	n. 宇宙飞船
stony	'stәuni	a. 多石的，无情的
weld	weld	n. 焊接处，焊接vt. 焊接，使密接，使结合，使成整体vi. 焊牢
scorn	skɒ:n	n. 轻蔑，藐视，嘲笑，被嘲弄的人vt. 轻蔑，不屑做
queer	kwiә	n. 怪人，同性恋者a. 奇怪的，不舒服的，可疑的vt. 搞糟
riddle	'ridl	n. 谜，谜语，粗筛vt. 解谜，给……出谜，筛，寻根究底地检验，充满于vi. 出谜
indignant	in'dignәnt	a. 愤怒的，愤慨的
mechanically	mi'kænikәli	adv. 机械，用机械，机械学，物理，力学，呆板，无意识，手工操作，技工
trifle	'traifl	n. 琐事，少量vt. 浪费vi. 开玩笑，翻弄，虚度光阴
ox	ɒks	n. 牛
grocer	'grәusә	n. 食品商
purify	'pjuәrifai	vi. 变纯净vt. 使纯净，净化，提纯，精炼
porridge	'pɒ:ridʒ	n. 粥，糊
indefinite	in'definit	a. 模糊的，不确定的，无限的[法] 不确定的，无限制的
steamer	'sti:mә	n. 汽船，蒸汽机[化] 蒸汽发生器; 蒸汽机
peep	pi:p	n. 一瞥，偷看，不完全的景象，初现，吱吱声，嘀咕抱怨声，汽车喇叭声vi. 窥视，出现，吱吱叫vt. 使隐约显现
incline	in'klain	n. 倾斜，斜坡，斜面vt. 使倾向于，使倾斜vi. 倾向，倾斜，爱好，易于
rotary	'rәutәri	a. 旋转的，轮流的n. 旋转式机器
tortoise	'tɒ:tәs	n. 龟，行动迟缓的人
owing	'әuiŋ	a. 未付的，亏欠的，受惠的，归因于……的[经] 应付的，欠着的，未付的
skillful	'skilful	a. 熟练的，巧妙的[机] 熟练的
brim	brim	n. 边，边缘，（河）边vt. 注满，使满溢vi. 满溢
horsepower	'hɒ:spauә	n. 马力[电] 马力
volt	vәult	n. 伏特[化] 伏特
astonish	ә'stɒniʃ	vt. 使惊讶
westward	'westwәd	n. 朝西的方向a. 向西的adv. 向西的
bosom	'buzәm	n. 胸部，胸，胸怀，内部，中间vt. 怀抱
materialism	mә'tiәriәlizm	n. 唯物主义
twinkle	'twiŋkl	n. 闪烁，闪耀，瞬息vi. 闪烁vt. 使闪耀
soluble	'sɒljubl	a. 溶解的，可溶解的，可以解决的[医] 溶解的，可溶的
algebra	'ældʒibrә	n. 代数学
loudspeaker	'laud'spi:kә	n. 扩音器，喇叭[电] 扬声器
smog	smәug	n. 烟雾[化] 烟雾
oppress	ә'pres	vt. 压迫，压抑，使烦恼
violet	'vaiәlit	n. 堇菜，紫罗兰a. 堇菜科的，紫罗兰色的
gymnasium	dʒim'neiziәm	n. 健身房，体育馆[医] 体育馆，健身室，运动场
transformer	træns'fɒ:mә	n. 变压器，促使变化的人[化] 变压器
snowstorm	'snәustɒ:m	n. 暴风雪[化] 雪暴
condense	kәn'dens	vt. 使浓缩，使压缩，缩短vi. 浓缩，凝结
eyesight	'aisait	n. 视力，目力
worst	wә:st	n. 最坏，最坏的时候a. 最坏的，最恶劣的，最不利的adv. 最坏，最糟
immigrate	'imigreit	vt. 使移居入境vi. 移入
zebra	'zi:brә	n. 斑马
considerate	kәn'sidәrit	a. 体贴的，体谅的，考虑周到的
auxiliary	ɒ:g'ziljәri	n. 辅助者，辅助物，附属机构，助动词a. 辅助的，备用的
manly	'mænli	a. 象男人的，强壮的，适于男人的
sparrow	'spærәu	n. 麻雀
diligent	'dilidʒәnt	a. 勤勉的，用功的
pail	peil	n. 桶，提桶
recollect	.rekә'lekt	vt. 回忆，回想，忆起vi. 回忆
springtime	'spriŋtaim	n. 春天，春季，初期
dew	dju:	n. 露珠，露水vt. （用露水）沾湿vi. 结露水
cordial	'kɒ:djәl	n. 兴奋剂，补品a. 热忱的，诚恳的，有兴奋作用的
hateful	'heitful	a. 憎恨的，可恨的，可恶的
deceit	di'si:t	n. 欺骗，谎言[经] 诈骗，欺骗
brood	bru:d	n. 一窝，一伙vt. 孵，沉思
reproach	ri'prәutʃ	n. 责备，耻辱vt. 责备，申斥，使丢脸
panda	'pændә	n. 大熊猫，小熊猫
ripen	'raipәn	vt. 使成熟vi. 成熟
bough	bau	n. 大树枝
radish	'rædiʃ	n. 小萝卜
typist	'taipist	n. 打字员
repent	ri'pent	vi. 后悔，懊悔，忏悔vt. 后悔a. 匍匐生根的
circumference	sә'kʌmfәrәns	n. 圆周，周缘，胸围[医] 周缘，环状面
turnip	'tә:nip	n. 芜菁，芜菁甘蓝[医] 芜菁，萝卜
mutton	'mʌtn	n. 羊肉
sightseeing	'saitsi:iŋ	n. 观光，游览a. 观光的，游览的
plural	'pluәrәl	n. 复数a. 复数的，两个以上的
badminton	'bædmintәn	n. 羽毛球运动
negro	'ni:grәu	n. 黑人a. 黑人的
inverse	in'vә:s	a. 倒转的，相反的n. 反向，反面[计] 反白，反色
kilogram	'kilәgræm	n. 千克，公斤[医] 千克，公斤
aural	'ɒ:rәl	a. 耳的，听觉的，气氛的，气味的，光环的[医] 耳的; 先兆的
zealous	'zelәs	a. 热衷的，热诚的，热心的，热情的
dialog	'daiәlɒg	n. 会话，对话[计] 对话
gunpowder	'gʌnpaudә	n. 火药[化] 有烟火药; 火药
waken	'weikn	vt. 唤醒，使觉醒，激发vi. 觉醒，醒来
radioactivity	.reidiәuæk'tiviti	n. 放射性[化] 放射性
stewardess	'stju:wәdis	n. 空中小姐，女管理人，女管家
adverb	'ædvә:b	n. 副词
vex	veks	vt. 使烦恼，使苦恼vi. 烦恼
gaseous	'gæsiәs	a. 气体的，气态的，无实质的[医] 气[体]的
whitewash	'hwaitwɒʃ	n. 白色涂料，粉饰，得零分的惨败
retell	ri:'tel	vt. 再讲，重复，重说
lubricate	'lu:brikeit	vt. 使润滑，涂油vi. 润滑
displease	dis'pli:z	v. 使不愉快，使（人）生气
punctual	'pәŋktʃuәl	a. 准时的，守时的，点状的，中肯的[经] 准时的，不误期的，准时
dictation	dik'teiʃәn	n. 听写，口述，命令
seaport	'si:pɒ:t	n. 海港，港口城市
typhoon	tai'fu:n	n. 台风
dishonour	dis'ɔnә	n. 不名誉，使人丢脸的人/事，耻辱，不光彩vt. 使丧失名誉，使受耻辱，使丢脸，奸污，拒收，无法偿付，拒付
quart	kwɒ:t	n. 夸脱[医] 夸脱（四分之一加仑）
waggon		n. 运货车，四轮运货马车，（英）铁路货车，流动服务车，小型客车，囚车，童车
congratulation	kәn.grætʃә'leiʃәn	n. 祝贺，恭喜
industrialize	in'dʌstriәlaiz	vt. 使工业化vi. 实现工业化
gramme	græm	n. 克[医] 克
preposition	.prepә'ziʃәn	n. 前置词，介词
centigrade	'sentigreid	a. 百分度的，摄氏的[医] 百分度
civilize	'sivilaiz	vt. 使开化，使文明vi. 变文明
fahrenheit	'færәnhait	a. 华氏温度计的n. 华氏温度计
radium	'reidiәm	n. 镭[化] 镭Ra
ampere	'æmpєә	n. 安培[化] 安培
oceania	.әuʃi'æniә	n. 大洋洲
kilometer	'kilәmi:tә	n. 千米，公里[医] 千米，公里
b.c.		公元前
dissatisfy	dis'sætisfai	vt. 使感觉不满，不满足
father-in-law	'fɑ:ðәrinlɔ:	n. 公公，岳父
i.e.	'ai'i:	adv. 也就是
ice-cream	'aiskri:m	a. 冰淇淋的，乳白色的
living-room		n. 起居室
mechanics	mi'kæniks	n. 机械学，结构，力学[化] 力学
outskirt	'autskә:t	n. 边缘，郊外，外围
p.m.		下午，午后
reflexion	ri'flekʃәn	[医] 反射[作用], 反折
reservior		n. 贮水池，贮藏处，贮备
so-called		a. 所谓的，号称的[法] 所谓的，据称的
systematical	,sisti'mætikәl	a. 有系统的，成体系的，有秩序的，有组织的，分类学的，故意的，彻底的
up-to-date	'ʌptә'deit	a. 直到现在的，最近的，现代化的[化] 最新的
upside-down	'ʌpsaid'daun	a. 颠倒的，乱七八糟的
uptodate		a. 直到现代的，现时的，最新式的
well-known		a. 众所周知的，有名的
world-wide		a. 遍及全世界的
x-ray	'eks'rei	a. X射线的vt. 用X光检查，照X光vi. 使用X光
