# UniMorph eng 66e0e9e8e2dcd196da081a25a48e5c1fe3d8b49b | sha256 743fff8ddb3ff26ae413af1fa859806106ffff69628be4cb7ed4d34f677deed2 | pack gre | entries 2141
abduct	abduce	-t	V	V
aberrant	aberr	-ant	V	ADJ
aberration	aberrate	-ion	V	N
abhorrent	abhor	-ent	V	ADJ
abide	bide	a-	V	V
abolition	abolish	-tion	V	N
aboriginal	aborigine	-al	N	ADJ
abortive	abort	-ive	N	ADJ
abrasion	abrade	-ion	V	N
abrasive	abrase	-ive	ADJ	ADJ
abrasive	abrasion	-ive	N	ADJ
abreast	breast	a-	N	ADV
abreast	breast	a-	N	ADJ
absenteeism	absentee	-ism	N	N
abstentious	abstention	-ous	N	ADJ
abundance	abundant	-ce	ADJ	N
abusive	abuse	-ive	N	ADJ
abut	butt	a-	N	V
abysmal	abysm	-al	N	ADJ
academician	academic	-ian	ADJ	N
accessory	access	-ory	N	ADJ
acclimate	climate	ac-	N	V
accommodating	accommodate	-ing	V	ADJ
accomplished	accomplish	-ed	V	ADJ
accountability	accountable	-ity	ADJ	N
accountability	account	-ability	N	N
accretion	accrete	-ion	V	N
achromatic	chromatic	a-	ADJ	ADJ
achromatic	achromatism	-ic	N	ADJ
acquaintance	acquaint	-ance	V	N
acquisitive	acquisition	-ive	N	ADJ
acquit	quit	a-	V	V
acquittal	acquit	-al	N	N
acrimonious	acrimony	-ous	N	ADJ
actuarial	actuary	-al	N	ADJ
adaptable	adapt	-able	V	ADJ
addendum	addenda	-um	N	N
additive	addition	-ive	N	ADJ
adhesive	adhesion	-ive	N	ADJ
advisable	advise	-able	V	ADJ
advocacy	advocate	-acy	N	N
advocacy	advocate	-cy	N	N
affectation	affect	-ation	N	N
affected	affect	-ed	N	ADJ
affiliation	affiliate	-tion	N	N
affiliation	affiliate	-ion	N	N
affinity	affine	-ity	ADJ	N
affix	fix	ad-	V	N
affliction	afflict	-ion	V	N
affluence	affluent	-ence	ADJ	N
affordable	afford	-able	V	ADJ
aftermath	math	after-	N	N
agape	gape	a-	N	ADJ
aggression	aggress	-ion	N	N
aggressor	aggression	-or	N	N
aghast	ghast	a-	V	ADJ
agility	agile	-ity	ADJ	N
agitated	agitate	-ed	ADJ	V
agnostic	gnostic	a-	ADJ	ADJ
agreeable	agree	-able	V	ADJ
ailment	ail	-ment	N	N
airborne	air	-borne	N	ADJ
alienate	alien	-ate	ADJ	ADJ
alimentary	aliment	-ary	N	ADJ
allay	lay	a-	V	V
allergic	allergy	-ic	N	ADJ
alluring	allure	-ing	N	V
allusion	allude	-ion	V	N
aloft	loft	a-	N	ADV
alphabetical	alphabetic	-al	ADJ	ADJ
altruistic	altruist	-ic	N	ADJ
aluminium	alumina	-ium	N	N
amass	mass	a-	N	V
amateurish	amateur	-ish	ADJ	ADJ
ambience	ambient	-ence	ADJ	N
ambivalence	valence	ambi-	N	N
ambivalence	ambivalent	-ence	ADJ	N
ambrosial	ambrosia	-al	N	ADJ
ambulatory	ambulate	-ory	V	ADJ
amiss	miss	a-	V	ADJ
amoral	moral	a-	ADJ	ADJ
amplify	ample	-ify	ADJ	V
amplitude	ample	-itude	ADJ	N
anachronistic	anachronism	-ic	N	ADJ
anachronistic	anachronist	-ic	N	ADJ
anachronistic	anachronism	-istic	N	ADJ
analgesia	algesia	an-	N	N
analgesic	analgesia	-ic	N	N
analogous	analogy	-ous	N	ADJ
anarchist	anarchy	-ist	N	N
anatomical	anatomy	-ical	N	ADJ
anemic	anemia	-ic	N	ADJ
angular	angle	-ar	N	ADJ
animated	animate	-ed	ADJ	ADJ
animation	animate	-ion	ADJ	N
annals	annal	-s	N	N
annexation	annex	-ation	N	N
anomalous	anomaly	-ous	N	ADJ
anonymity	anonym	-ity	N	N
anonymity	anonymous	-ity	ADJ	N
antagonism	antagonise	-ism	V	N
antecedence	antecedent	-ence	N	N
antedate	date	ante-	N	V
antediluvian	diluvian	ante-	ADJ	ADJ
anthropologist	anthropology	-ist	N	N
antibiotic	biotic	anti-	ADJ	N
anticipatory	anticipation	-ory	N	ADJ
anticipatory	anticipate	-ory	V	ADJ
anticlimax	climax	anti-	N	N
antihistamine	histamine	anti-	N	N
antiquity	antique	-ity	ADJ	N
antiseptic	septic	anti-	ADJ	ADJ
antiseptic	antisepsis	-ic	N	ADJ
antithesis	thesis	anti-	N	N
apocryphal	apocrypha	-al	N	ADJ
appendage	append	-age	V	N
appetizer	appetize	-er	V	N
appetizing	appetite	-ing	N	ADJ
appreciable	appreciate	-able	V	ADJ
apprehensive	apprehend	-ive	V	ADJ
aptitude	apt	-itude	ADJ	N
aristocracy	aristocrat	-cy	N	N
aromatic	aroma	-ic	N	ADJ
arouse	rouse	a-	N	V
arresting	arrest	-ing	V	ADJ
arrogance	arrogant	-ce	ADJ	N
artistry	artist	-ry	N	N
artless	art	-less	N	ADJ
ascendancy	ascend	-ancy	V	N
ascendancy	ascendant	-cy	ADJ	N
ascribe	scribe	a-	N	V
aseptic	septic	a-	ADJ	ADJ
asinine	ass	-ine	N	ADJ
askew	skew	a-	V	ADJ
aspen	asp	-en	N	ADJ
asphyxiate	asphyxia	-ate	V	V
aspirant	aspire	-ant	V	ADJ
aspiration	aspire	-ation	V	N
aspiration	aspirate	-ion	N	N
assertive	assert	-ive	V	ADJ
assertiveness	assertive	-ness	ADJ	N
assorted	assort	-ed	V	ADJ
assured	assure	-ed	V	V
asteroid	aster	-oid	N	N
astigmatic	astigmatism	-ic	N	ADJ
astray	stray	a-	N	N
astronomical	astronomy	-ical	N	ADJ
asunder	sunder	a-	V	V
asymmetric	symmetric	a-	ADJ	ADJ
asymmetric	asymmetry	-ic	N	ADJ
athletics	athlete	-ics	N	N
athletics	athletic	-s	ADJ	N
atonal	tonal	a-	ADJ	ADJ
atrocity	atrocious	-ity	ADJ	N
attainment	attain	-ment	V	N
attune	tune	ad-	N	V
attune	tune	at-	N	V
auditorium	auditory	-ium	ADJ	N
auditorium	audit	-orium	N	N
augmentation	augment	-ation	N	N
augury	augur	-y	N	N
auspicious	auspice	-ious	N	ADJ
austerity	austere	-ity	ADJ	N
authenticity	authentic	-ity	ADJ	N
authoritarian	authority	-arian	N	ADJ
authorization	authorize	-ation	V	N
autobiography	biography	auto-	N	N
automation	automatic	-ion	ADJ	N
automation	automate	-ion	ADJ	N
autonomous	autonomy	-ous	N	ADJ
avaricious	avarice	-ious	N	ADJ
aversion	averse	-ion	ADJ	N
avow	vow	a-	N	V
avowal	avow	-al	V	N
awry	wry	a-	ADJ	ADV
awry	wry	a-	ADJ	ADJ
backwater	water	back-	N	N
badger	badge	-er	N	N
baleful	bale	-ful	N	ADJ
balky	balk	-y	N	ADJ
balmy	balm	-y	N	ADJ
bandage	band	-age	N	N
bather	bathe	-er	V	N
bathetic	bathos	-etic	N	ADJ
bawdy	bawd	-y	ADJ	ADJ
bearing	bear	-ing	N	V
bearing	bear	-ing	N	N
bedeck	deck	be-	V	V
bedizen	dizen	be-	V	V
bedraggled	bedraggle	-ed	V	ADJ
befuddle	fuddle	be-	V	V
befuddle	fundle	be-	V	V
befuddlement	befuddle	-ment	V	N
beget	get	be-	V	V
begrudge	grudge	be-	N	V
beguile	guile	be-	N	V
behold	hold	be-	N	V
beholden	behold	-en	V	ADJ
beholder	behold	-er	V	N
belabor	labor	be-	N	V
belated	belate	-ed	V	ADJ
beleaguer	lair	be-	N	V
beleaguer	leaguer	be-	N	V
belie	lie	be-	N	V
belittle	little	be-	ADJ	V
belligerence	belligerent	-ence	ADJ	N
belongings	belonging	-s	N	N
bemused	bemuse	-ed	V	V
bent	bend	-t	V	V
bequeath	quethe	be-	V	V
berate	rate	be-	N	V
bereave	reave	be-	V	V
beset	set	be-	ADJ	V
besiege	siege	be-	N	V
besmirch	smirch	be-	V	V
bespeak	speak	be-	V	V
bestow	stow	be-	U	V
bestow	stow	be-	V	V
betoken	token	be-	V	V
betray	tray	be-	N	V
betroth	troth	be-	N	V
bewilder	intensifier	be-	N	V
bewilder	wilder	be-	V	V
bewildering	bewilder	-ing	V	V
bewildering	bewilder	-ing	V	N
bibliophile	-phile	biblio-	N	N
biennial	biennium	-al	N	ADJ
bilingual	lingual	bi-	ADJ	ADJ
bilious	bile	-ious	N	ADJ
billowy	billow	-y	N	ADJ
blandishment	blandish	-ment	V	N
blasphemy	blaspheme	-y	N	N
blighted	blight	-ed	N	V
blinds	blind	-s	N	N
blissful	bliss	-ful	N	ADJ
blockade	block	-ade	N	N
blockade	block	-ade	N	V
blockage	block	-age	N	N
blooming	bloom	-ing	V	ADJ
blunder	blend	-er	N	N
blustering	bluster	-ing	N	N
boding	bode	-ing	V	ADJ
bohemian	bohemia	-ian	N	N
bohemian	bohemia	-an	N	ADJ
bombardment	bombard	-ment	N	N
bombastic	bombast	-ic	N	ADJ
bondage	bond	-age	N	N
bootless	boot	-less	N	ADJ
boredom	bore	-dom	N	N
bounteous	bounty	-ous	N	ADJ
bowdlerize	bowdler	-ize	N	V
bower	bow	-er	V	N
bracing	brace	-ing	N	ADJ
brandish	brand	-ish	N	V
brassy	brass	-y	N	ADJ
brattish	brat	-ish	N	ADJ
brawny	brawn	-y	N	ADJ
brazen	brass	-en	N	ADJ
breadth	broad	-th	ADJ	N
bridle	braid	-le	V	N
brindled	brindle	-ed	N	ADJ
brittle	brit	-le	U	ADJ
bromide	bromine	-ide	N	N
brutal	brute	-al	N	ADJ
buckle	buck	-le	N	V
buggy	bug	-y	N	N
bully	bull	-y	N	N
bumble	bum	-le	N	V
bumptious	bump	-ious	N	ADJ
buoyant	buoy	-ant	N	ADJ
burnish	burn	-ish	N	V
byproduct	product	by-	N	N
bystander	stander	by-	N	N
cacophonous	cacophony	-ous	N	ADJ
calculating	calculate	-ing	V	V
calibrate	calibre	-ate	N	V
candidacy	candidate	-cy	N	N
canny	can	-y	V	ADJ
canonical	canon	-ical	N	ADJ
capacious	capacity	-ous	N	ADJ
capitalize	capital	-ize	N	V
captivate	captive	-ate	N	V
cardiologist	-logist	cardio-	N	N
cardiologist	cardiology	-ist	N	N
carnivorous	carnivore	-ous	ADJ	ADJ
carpentry	carpenter	-ry	N	N
carpentry	carpenter	-y	N	N
cartographer	cartography	-er	N	N
castigation	castigate	-ion	V	N
catalyst	catalyse	-t	V	N
categorical	category	-ical	N	ADJ
causal	cause	-al	N	ADJ
cautionary	caution	-ary	N	ADJ
celebrated	celebrate	-ed	V	ADJ
centigrade	grade	centi-	N	ADJ
centralization	centralize	-ation	V	N
centrifugal	centrifuge	-al	N	ADJ
cephalic	cephalon	-ic	N	ADJ
ceramics	ceramic	-s	N	N
cerebral	cerebrum	-al	N	ADJ
ceremonious	ceremony	-ous	N	ADJ
certification	certificate	-ion	N	N
characterization	characterize	-ation	V	N
chary	care	-y	N	ADJ
chauvinistic	chauvinist	-ic	N	ADJ
checkered	checker	-ed	N	ADJ
cherubic	cherub	-ic	N	ADJ
chicanery	chicane	-ry	N	N
chivalrous	chivalry	-ous	N	ADJ
choreography	choreograph	-y	V	N
chromatic	chroma	-atic	N	ADJ
chromatic	chromatin	-ic	N	ADJ
chuckle	chuck	-le	N	N
circuitous	circuit	-ous	N	ADJ
circumlocution	locution	circum-	N	N
circumlocutory	circumlocution	-ory	N	ADJ
circumscribe	scribe	circum-	N	V
circumstantial	circumstance	-ial	N	ADJ
citation	cite	-ation	V	N
civility	civil	-ity	ADJ	N
clairvoyance	clairvoyant	-ance	N	N
clannish	clan	-ish	N	ADJ
clarify	clarity	-fy	N	V
clarify	clarity	-ify	N	V
cleavage	cleave	-age	V	N
cleaver	cleave	-er	V	N
clemency	clement	-cy	ADJ	N
clipper	clip	-er	N	N
cloying	cloy	-ing	V	V
clumsy	clumse	-y	N	ADJ
coagulant	coagulate	-ant	V	ADJ
coagulation	coagulate	-ion	V	N
coarsen	coarse	-en	ADJ	V
cobbler	cobble	-er	N	N
codify	code	-ify	N	V
codify	code	-fy	N	V
coercion	coerce	-ion	V	N
cognizant	cognizance	-ant	N	ADJ
cohesive	cohesion	-ive	N	ADJ
collected	collect	-ed	N	ADJ
colloquial	colloquy	-al	N	ADJ
colloquium	colloquy	-ium	N	N
colonize	colony	-ize	N	V
coloration	color	-ation	N	N
coltish	colt	-ish	N	ADJ
comatose	coma	-ose	N	ADJ
combustible	combust	-ible	V	ADJ
commencement	commence	-ment	V	N
commentary	comment	-ary	N	N
commingle	mingle	co-	V	V
commingle	mingle	com-	V	V
committed	commit	-ed	V	V
communal	commune	-al	N	ADJ
compassionate	compassion	-ate	N	ADJ
compelling	compel	-ling	V	ADJ
compensatory	compensate	-ory	V	ADJ
complacency	complacent	-cy	ADJ	N
complaisance	complaisant	-ce	ADJ	N
complementary	complement	-ary	N	ADJ
compliance	comply	-ance	V	N
compliant	comply	-ant	V	ADJ
compliant	compliance	-ant	N	ADJ
complicity	complicit	-ity	ADJ	N
complicity	complicit	-y	ADJ	N
composed	compose	-ed	V	ADJ
composure	compose	-ure	V	N
concatenate	catenate	con-	V	V
concentric	concentre	-ic	V	ADJ
conciliatory	conciliate	-ory	V	ADJ
conclusive	conclude	-ive	V	ADJ
conclusive	conclusion	-ive	N	ADJ
concussion	concuss	-ion	V	N
condescending	condescend	-ing	V	ADJ
conducive	conduce	-ive	V	ADJ
confederacy	federacy	con-	N	N
confidant	confide	-ant	V	N
configuration	configure	-ation	V	N
conformist	conform	-ist	V	N
conformist	conformism	-ist	N	ADJ
conformity	conform	-ity	V	N
congenial	genial	con-	ADJ	ADJ
conjoin	join	con-	N	V
conjunction	conjunct	-ion	N	N
connotation	connote	-ation	V	N
conscript	script	con-	N	N
consequential	consequent	-al	ADJ	ADJ
consequential	consequence	-ial	N	ADJ
conservatory	conserve	-atory	V	ADJ
consistency	consistence	-y	N	N
consolidation	consolidate	-ion	V	N
consonance	consonant	-ce	ADJ	N
consternation	consternate	-ion	V	N
contagious	contagion	-ous	N	ADJ
containment	contain	-ment	V	N
contemptible	contempt	-ible	N	ADJ
contemptuous	contempt	-uous	N	ADJ
contented	content	-ed	ADJ	ADJ
contentious	contention	-ous	N	ADJ
continuation	continue	-ation	N	N
contradictory	contradict	-ory	V	ADJ
contrition	contrite	-tion	ADJ	N
contrition	contrite	-ion	ADJ	N
contrived	contrive	-ed	V	V
contumacious	contumacy	-ous	N	ADJ
convenience	convenient	-ence	ADJ	N
converge	verge	con-	V	V
conversant	converse	-ant	V	ADJ
convertible	convert	-ible	N	ADJ
conviviality	convivial	-ity	ADJ	N
convoluted	convolute	-d	V	ADJ
convoluted	convolute	-ed	V	ADJ
convulsion	convulse	-ion	V	N
copious	copy	-ous	N	ADJ
corny	corn	-y	N	ADJ
corrosive	corrosion	-ive	N	ADJ
corrugated	corrugate	-ed	V	V
cosmic	cosmos	-ic	N	ADJ
cosmopolitan	cosmopolite	-an	N	ADJ
cosmopolitanism	cosmopolitan	-ism	N	N
counteract	act	counter-	V	N
counterbalance	balance	counter-	N	N
counterpoise	poise	counter-	V	V
counterproductive	productive	counter-	ADJ	ADJ
cozen	cozy	-en	ADJ	V
crabbed	crab	-ed	N	ADJ
crafty	craft	-y	N	ADJ
cranky	crank	-y	N	ADJ
craving	crave	-ing	V	N
cripple	creep	-le	V	ADJ
crockery	crock	-ery	U	N
cronyism	crony	-ism	N	N
crotchety	crotchet	-y	N	ADJ
crudity	crude	-ity	ADJ	N
crumble	crumb	-le	N	V
crumple	crump	-le	N	N
cuddle	couth	-le	ADJ	N
culmination	culminate	-ion	V	N
culmination	culminate	-tion	V	N
cultivated	cultivate	-ed	V	V
cumbersome	cumber	-some	V	ADJ
cunning	con	-ing	V	ADJ
cunning	con	-ing	V	N
curator	curate	-or	N	N
curdle	curd	-le	V	V
currish	cur	-ish	N	ADJ
curvaceous	curve	-aceous	N	ADJ
custodian	custody	-ian	N	N
customary	custom	-ary	N	N
cyclical	cyclic	-al	ADJ	ADJ
dabbler	dabble	-er	V	N
dampen	damp	-en	ADJ	V
damper	damp	-er	N	N
dappled	dapple	-ed	ADJ	ADJ
daubster	daub	-ster	N	N
deactivate	activate	de-	V	V
deaden	dead	-en	ADJ	V
deadlock	dead	-lock	ADJ	N
dealing	deal	-ing	V	N
dearth	dear	-th	ADJ	N
debar	bar	de-	N	V
debark	bark	de-	V	V
debase	base	de-	N	V
debrief	brief	de-	V	V
debunk	bunk	de-	N	V
decadence	decadent	-ence	N	N
decamp	camp	de-	N	V
decency	decent	-cy	ADJ	N
decentralize	centralize	de-	V	V
deception	deceive	-ion	V	N
decibel	bel	deci-	N	N
decipher	cipher	de-	N	V
declassify	classify	de-	V	V
declination	decline	-ation	N	N
decode	code	de-	N	V
decompose	compose	de-	V	V
decomposition	composition	de-	N	N
decomposition	decompose	-ition	V	N
decomposition	decompose	-tion	V	N
dedication	dedicate	-ion	V	N
deductive	deduct	-ive	V	ADJ
defame	fame	de-	N	V
defeatist	defeat	-ist	N	ADJ
deference	defer	-ence	V	N
deferential	deference	-ial	N	ADJ
defiance	defiant	-ce	ADJ	N
deficiency	deficit	-ency	N	N
deficiency	deficient	-cy	ADJ	N
defile	file	de-	N	V
definitive	definition	-ive	N	ADJ
defoliate	foliate	de-	ADJ	V
defoliator	defoliate	-or	V	N
deforest	forest	de-	N	V
deforestation	deforest	-ation	V	N
defraud	fraud	de-	N	V
defuse	fuse	de-	N	V
degradation	degrade	-ation	V	N
dehydrate	hydrate	de-	N	V
deify	deity	-fy	N	V
deify	deity	-ify	N	V
dejected	deject	-ed	V	ADJ
delicacy	delicate	-cy	ADJ	N
delinquency	delinquent	-cy	ADJ	N
delirious	delirium	-ous	N	ADJ
delusion	delude	-ion	V	N
demanding	demand	-ing	N	ADJ
demean	mean	de-	V	V
demeanour	demean	-our	V	N
demolition	demolish	-tion	V	N
demonstrative	demonstrate	-ive	V	ADJ
demote	promote	de-	V	V
demystify	mystify	de-	V	V
denominate	nominate	de-	ADJ	V
denude	nude	de-	ADJ	V
deportation	deport	-ation	V	N
deposition	depose	-ition	V	N
deposition	depose	-tion	V	N
depraved	deprave	-ed	V	ADJ
depravity	deprave	-ity	V	N
depressant	depress	-ant	V	N
deprivation	deprive	-ation	V	N
deprivation	privation	de-	N	N
deputize	deputy	-ize	N	U
deranged	derange	-ed	V	ADJ
derangement	derange	-ment	V	N
dereliction	derelict	-ion	ADJ	N
derivation	derive	-ation	V	N
derivative	derivation	-ive	N	ADJ
dermatologist	dermatology	-ist	N	N
derogatory	derogate	-ory	V	ADJ
descendant	descend	-ant	V	N
deserted	desert	-ed	N	V
deserter	desert	-er	N	N
desertion	desert	-ion	N	N
designation	designate	-ion	ADJ	N
designation	design	-ation	N	N
desirous	desire	-ous	N	ADJ
despotic	despot	-ic	N	ADJ
despotism	despot	-ism	N	N
destitution	destitute	-ion	ADJ	N
destructible	destruct	-ible	V	ADJ
detection	detect	-ion	V	N
deterioration	deteriorate	-ion	V	N
determinant	determine	-ant	V	N
detestable	detest	-able	V	ADJ
detonation	detonate	-ion	V	N
detraction	detract	-ion	V	N
detrimental	detriment	-al	N	ADJ
deviant	devious	-ant	ADJ	N
deviation	deviate	-ion	N	N
devious	deviate	-ous	N	ADJ
devoid	void	de-	ADJ	ADJ
devoted	devote	-ed	ADJ	V
devotee	devote	-ee	V	N
devotional	devotion	-al	N	N
devotional	devotion	-al	N	ADJ
dexterity	dexterous	-ity	ADJ	N
diabolical	diabolic	-al	ADJ	ADJ
dictator	dictate	-or	N	N
didactic	didact	-ic	U	ADJ
differentiate	differential	-ate	ADJ	V
digestion	digest	-ion	V	N
dignitary	dignity	-ary	N	N
digression	digress	-ion	V	N
dilapidated	dilapidate	-ed	V	ADJ
diligence	diligent	-ence	ADJ	N
dimple	dump	-le	N	N
dingy	dung	-y	N	ADJ
diocesan	diocese	-an	N	ADJ
disabuse	abuse	dis-	V	V
disaffect	affect	dis-	V	V
disagreeable	agreeable	dis-	ADJ	ADJ
disagreeable	disagree	-able	V	ADJ
disarm	arm	dis-	N	V
disarray	array	dis-	N	V
disavow	avow	dis-	V	V
disband	band	dis-	N	V
disbar	bar	dis-	N	V
disburse	burse	dis-	N	V
discard	card	dis-	N	V
discernible	discern	-ible	V	ADJ
discernible	discern	-able	V	ADJ
discerning	discern	-ing	V	V
disclaimer	disclaim	-er	V	N
discography	disc	-graphy	N	N
discomfiture	discomfit	-ure	V	N
discompose	compose	dis-	V	V
discredit	credit	dis-	V	V
discretionary	discretion	-ary	N	ADJ
discriminate	criminate	dis-	V	V
discriminatory	discriminate	-ory	V	ADJ
disembodied	disembody	-ed	V	ADJ
disembody	embody	dis-	V	V
disenchant	enchant	dis-	V	V
disengage	engage	dis-	V	N
disengage	engage	dis-	V	V
disentangle	entangle	dis-	V	V
disfranchise	franchise	dis-	N	V
disgorge	gorge	dis-	V	V
dishearten	hearten	dis-	V	V
disillusion	illusion	dis-	N	V
disinfectant	disinfect	-ant	V	N
disintegrate	integrate	dis-	V	V
disinterested	interested	dis-	ADJ	ADJ
disinterested	disinterest	-ed	N	ADJ
dislocate	locate	dis-	V	V
dislodge	lodge	dis-	N	V
dispassionate	passionate	dis-	ADJ	ADJ
dispensable	dispense	-able	V	ADJ
disposable	dispose	-able	V	N
disposable	dispose	-able	V	ADJ
disposition	dispose	-ition	V	N
disposition	dispose	-tion	V	N
disproof	proof	dis-	N	N
disprove	prove	dis-	V	V
disregard	regard	dis-	N	N
disregard	regard	dis-	N	V
disrepute	repute	dis-	N	N
disrepute	repute	dis-	N	V
disruptive	disrupt	-ive	V	ADJ
disruptive	ruptive	dis-	ADJ	ADJ
dissection	section	dis-	N	N
dissection	dissect	-ion	V	N
dissident	dissent	-ent	V	ADJ
dissociation	dissociate	-ion	ADJ	N
distal	distant	-al	ADJ	ADJ
distinguished	distinguish	-ed	V	ADJ
distracted	distract	-ed	V	ADJ
diver	dive	-er	ADJ	N
diverge	verge	di-	V	V
dogged	dog	-ed	N	ADJ
dogged	dog	-ed	N	V
doggerel	dog	-rel	N	ADJ
doggo	dog	-o	N	N
dogmatism	dogmatic	-ism	ADJ	N
doldrums	doldrum	-s	ADJ	N
doleful	dole	-ful	V	ADJ
dolorous	dolor	-ous	N	ADJ
domesticate	domestic	-ate	ADJ	V
domination	dominate	-ion	V	N
dormancy	dormant	-cy	ADJ	N
dormant	dorm	-ant	N	ADJ
dorsal	dorsum	-al	N	ADJ
dotage	dote	-age	V	N
doting	dote	-ing	V	V
downpour	pour	down-	V	N
dowry	dower	-y	N	N
draftsmanship	draftsman	-ship	N	N
drainage	drain	-age	N	N
dreary	drear	-y	ADJ	ADJ
dribble	drib	-le	V	V
drizzly	drizzle	-y	N	ADJ
drollery	droll	-ery	ADJ	N
droplet	drop	-let	N	N
drudgery	drudge	-ery	N	N
drudgery	drudge	-ry	N	N
duckling	duck	-ling	N	N
dullard	dull	-ard	ADJ	N
dummy	dumb	-y	V	N
duplicitous	duplicity	-ous	N	ADJ
duplicity	duplex	-ity	ADJ	N
dutiful	duty	-ful	N	ADJ
dwelling	dwell	-ing	V	V
dwelling	dwell	-ing	V	N
dwindle	dwine	-le	V	V
dysfunctional	dysfunction	-al	N	ADJ
eaglet	eagle	-let	N	N
eaglet	eagle	-et	N	N
earnest	earn	-est	V	V
earthly	earth	-ly	N	ADJ
earthy	earth	-y	N	ADJ
ebullience	ebullient	-ence	ADJ	N
eclecticism	eclectic	-ism	ADJ	N
ecologist	ecology	-ist	N	N
economical	economic	-al	ADJ	ADJ
ecstatic	ecstasy	-atic	N	ADJ
ecstatic	ecstasy	-ic	N	ADJ
ecumenical	ecumenic	-al	ADJ	ADJ
eddy	ea	ed-	N	N
egocentric	ego	-centric	N	ADJ
egoism	ego	-ism	N	N
egotist	egotism	-ist	N	N
elaboration	elaborate	-ion	ADJ	N
elated	elate	-ed	ADJ	ADJ
electorate	elector	-ate	N	N
elephantine	elephant	-ine	N	ADJ
elliptical	elliptic	-al	ADJ	ADJ
eloquence	eloquent	-ence	ADJ	N
elusive	elude	-ive	V	ADJ
emaciation	emaciate	-ion	V	N
embankment	embank	-ment	V	N
embed	bed	en-	N	V
embed	bed	em-	N	V
embezzlement	embezzle	-ment	V	N
embitter	bitter	en-	ADJ	V
emblazon	blazon	en-	N	V
emblematic	emblem	-atic	N	ADJ
embodiment	embody	-ment	V	N
embody	body	em-	N	V
embolden	bold	em-	ADJ	V
emboss	boss	em-	N	V
embroider	broider	em-	V	V
embryonic	embryo	-ic	N	ADJ
emigrate	emigre	-ate	N	V
eminence	eminent	-ence	ADJ	N
emphatic	emphasis	-ic	N	ADJ
empiricism	empiric	-ism	ADJ	N
empower	power	en-	N	V
empower	power	em-	N	V
enact	act	en-	V	V
enamored	enamor	-ed	V	ADJ
encipher	cipher	en-	N	V
enclosure	enclose	-ure	V	N
encompass	compass	en-	N	V
encyclopedic	encyclopedia	-ic	N	ADJ
endearing	endear	-ing	V	ADJ
endearing	dear	en-	ADJ	ADJ
enduring	endure	-ing	V	ADJ
enfeeble	feeble	en-	ADJ	V
enfetter	fetter	en-	N	V
engaged	engage	-ed	V	ADJ
engaging	engage	-ing	V	ADJ
engender	gender	en-	N	V
engrave	grave	en-	N	V
engrossment	engross	-ment	V	N
engulf	gulf	en-	N	V
enlighten	light	-en	ADJ	V
enlist	list	en-	V	V
enliven	live	en-	V	V
enmesh	mesh	en-	N	V
ennoble	noble	en-	ADJ	V
enormity	enormous	-ity	ADJ	N
enrage	rage	en-	N	V
enrapture	rapture	en-	N	V
ensconce	sconce	en-	N	V
enshrine	shrine	en-	N	V
enslave	slave	en-	ADJ	V
ensnare	snare	en-	N	V
entail	tail	en-	N	V
entangle	tangle	en-	V	V
enthrall	thrall	en-	N	V
entirety	entire	-ty	ADJ	N
entrancing	entrance	-ing	N	V
entreaty	entreat	-y	V	N
entrench	trench	en-	N	V
entrust	trust	en-	N	V
entwine	twine	en-	N	V
epidemic	demic	epi-	ADJ	N
epidermis	dermis	epi-	N	N
episodic	episode	-ic	N	ADJ
epitomize	epitome	-ize	N	V
equate	equal	-ate	ADJ	V
equator	equation	-or	N	N
equivocation	equivocate	-ion	V	N
erasure	erase	-ure	V	N
escalation	escalate	-ion	V	N
escapism	escape	-ism	N	N
espousal	espouse	-al	V	N
etching	etch	-ing	V	N
eulogistic	eulogy	-istic	N	ADJ
eulogize	eulogy	-ize	N	V
eulogy	logia	eu-	N	N
euphonious	euphony	-ous	N	ADJ
evasion	evade	-ion	V	N
evasive	evade	-ive	V	ADJ
evenhanded	handed	even-	ADJ	ADJ
eviction	evict	-ion	V	N
evocative	evocation	-ive	N	ADJ
exacerbate	acerbate	ex-	V	V
exacting	exact	-ing	V	ADJ
exactitude	exact	-itude	ADJ	N
exaggeration	exaggerate	-ion	V	N
exaltation	exalt	-ation	V	N
exceptionable	exception	-able	N	ADJ
excitability	excite	-ability	V	N
exclamation	exclaim	-tion	N	N
execrable	execrate	-able	V	ADJ
execration	execrate	-ion	V	N
exemplary	exemplar	-y	N	ADJ
exhaustive	exhaust	-ive	N	ADJ
exhilaration	exhilarate	-ion	V	N
existential	existence	-ial	N	ADJ
expansive	expanse	-ive	N	ADJ
expediency	expedient	-cy	ADJ	N
expeditious	expedite	-ous	V	ADJ
expeditious	expedition	-ous	N	ADJ
expiation	expiate	-tion	V	N
expiation	expiate	-ion	V	N
expiration	expire	-ation	V	N
explosive	explosion	-ive	N	ADJ
exponentially	exponential	-ly	ADJ	ADV
exposition	expose	-ition	V	N
exposition	expose	-tion	V	N
expository	exposition	-ory	N	ADJ
expressly	express	-ly	V	ADV
exterminate	terminate	ex-	V	V
externalize	external	-ize	ADJ	V
extinction	extinct	-ion	ADJ	N
extrapolate	interpolate	extra-	V	V
extremist	extreme	-ist	ADJ	N
extremist	extreme	-ist	ADJ	ADJ
extrovert	vert	extro-	N	N
exuberance	exuberant	-ce	ADJ	N
exultant	exult	-ant	V	ADJ
fabulous	fable	-ous	N	ADJ
factorable	factor	-able	N	ADJ
factual	fact	-al	N	ADJ
factual	fact	-ual	N	ADJ
faddish	fad	-ish	N	ADJ
fallacious	fallacy	-ous	N	ADJ
fallibility	fallible	-ity	ADJ	N
fallible	fall	-ible	N	ADJ
falsehood	false	-hood	ADJ	N
falsify	false	-ify	ADJ	V
familiarity	familiar	-ity	ADJ	N
fasten	fast	-en	N	V
fastness	fast	-ness	N	N
fatten	fat	-en	N	V
fatuous	fatuity	-ous	N	ADJ
favorable	favor	-able	N	ADJ
fealty	feal	-ty	ADJ	N
feckless	effect	-less	N	ADJ
feckless	feck	-less	N	ADJ
fecundity	fecund	-ity	ADJ	N
feigned	feign	-ed	V	ADJ
feisty	feist	-y	N	ADJ
felicitate	felicity	-ate	N	V
felicitous	felicity	-ous	N	ADJ
felony	felon	-y	ADJ	N
feminist	feminism	-ist	N	ADJ
fencing	fence	-ing	N	V
fender	fend	-er	V	N
fermentation	ferment	-ation	N	N
fertilize	fertile	-ize	ADJ	V
fertilizer	fertilize	-er	V	N
festive	feast	-ive	N	ADJ
feud	foe	-d	ADJ	U
fickle	fike	-le	V	ADJ
fidget	fidge	-et	V	V
figurative	figure	-ative	N	ADJ
figurehead	figure	-head	N	N
figurine	figure	-ine	N	N
filth	foul	-th	ADJ	N
finable	fine	-able	ADJ	ADJ
finery	fine	-ry	N	N
fishery	fish	-ery	ADJ	N
fishery	fisher	-y	N	N
fitful	fit	-ful	ADJ	ADJ
fixate	fix	-ate	N	V
flabby	flap	-y	N	ADJ
flaggy	flag	-y	N	ADJ
flatten	flat	-en	ADJ	V
flatter	flat	-er	V	ADJ
flatter	flat	-er	V	N
flatulence	flatulent	-ence	ADJ	N
flaunty	flaunt	-y	V	ADJ
fledgling	fledge	-ling	V	ADJ
fledgling	fledge	-ing	V	ADJ
fleeting	fleet	-ing	N	ADJ
flicker	flick	-er	N	N
floodgate	flood	-gate	N	N
floppy	flop	-y	N	ADJ
fluffy	fluff	-y	N	ADJ
flustered	fluster	-ed	V	ADJ
flutter	float	-er	V	V
folder	fold	-er	V	N
fondle	fond	-le	U	V
foolproof	fool	-proof	N	ADJ
foppish	fop	-ish	N	ADJ
forager	forage	-er	N	N
forbearance	forbear	-ance	N	N
forbid	bid	for-	V	V
forebode	bode	fore-	U	U
forebode	bode	fore-	V	V
foreclose	close	for-	V	V
foreclose	close	fore-	V	V
foreknowledge	knowledge	fore-	N	N
forerunner	runner	fore-	N	N
foreshadow	shadow	fore-	V	V
foresight	sight	fore-	N	N
forestall	stall	fore-	V	V
forestall	stall	fore-	V	U
forestry	forest	-ry	N	N
foreword	word	fore-	N	N
forfeiture	forfeit	-ure	N	N
forger	forge	-er	N	N
forgery	forge	-ry	N	N
forgo	go	for-	N	V
forlorn	lorn	for-	ADJ	ADJ
formality	formal	-ity	ADJ	N
forsake	sake	for-	N	V
forswear	swear	for-	V	V
forswear	swear	fore-	V	V
forthright	right	forth-	ADJ	ADJ
fortify	fort	-ify	N	V
fortuitous	fortuity	-ous	N	ADJ
fossilize	fossil	-ize	ADJ	V
fractional	fraction	-al	N	ADJ
fractious	fraction	-ous	N	ADJ
fragrance	fragrant	-ce	ADJ	N
fraternity	fraternal	-ity	ADJ	N
freelancer	freelance	-er	N	N
freight	aught	for-	N	N
fret	eat	for-	V	V
fretwork	fret	-work	N	N
frigidity	frigid	-ity	ADJ	N
frisky	frisk	-y	ADJ	ADJ
frivolous	frivol	-ous	N	ADJ
frolicsome	frolic	-some	ADJ	ADJ
frothy	froth	-y	N	ADJ
fruition	fruit	-ion	N	N
fungicide	fungus	-cide	N	N
furor	fury	-or	N	N
fusion	fuse	-ion	N	N
fussy	fuss	-y	N	ADJ
fusty	fust	-y	N	ADJ
futility	futile	-ity	ADJ	N
gabble	gab	-le	N	V
gainsay	say	gain-	V	V
gallows	gallow	-s	V	N
gamble	game	-le	N	N
gangling	gang	-ling	V	N
gangling	gang	-ling	V	ADJ
garbled	garble	-ed	V	ADJ
gardenia	garden	-ia	N	N
gaseous	gas	-eous	N	ADJ
gasification	gas	-ification	N	N
gastritis	gastric	-itis	ADJ	N
gaudy	gaud	-y	N	ADJ
gavel	give	-el	V	N
gazetteer	gazette	-eer	N	N
gazetteer	gazette	-er	N	N
generality	general	-ity	ADJ	N
generalize	general	-ize	ADJ	V
generator	generation	-or	N	N
generosity	generous	-ity	ADJ	N
genetics	genetic	-s	ADJ	N
genome	gene	-ome	N	N
geometrician	geometric	-ian	ADJ	N
geometrician	geometry	-ician	N	N
germicide	germ	-cide	N	N
ghastly	ghast	-ly	V	ADJ
giddy	god	-y	N	ADJ
gingerly	ginger	-ly	N	ADV
girdle	gird	-le	V	N
girdle	gird	-le	V	V
glamorous	glamour	-ous	N	ADJ
glamorous	glamor	-ous	N	ADJ
glimmer	glim	-er	N	N
gloaming	gloom	-ing	N	N
gloomy	gloom	-y	N	ADJ
glorify	glory	-fy	N	V
glossary	gloss	-ary	N	N
glossy	gloss	-y	N	ADJ
glower	glow	-er	V	N
glutinous	gluten	-ous	N	ADJ
gluttonous	glutton	-ous	N	ADJ
gnarled	gnarl	-ed	N	ADJ
gnawing	gnaw	-ing	V	ADJ
gnomic	gnome	-ic	N	ADJ
gobble	gob	-le	N	V
gosling	goose	-ling	N	N
governance	govern	-ance	N	N
gracious	grace	-ious	N	ADJ
granary	grain	-ary	N	N
grandstand	stand	grand-	N	N
gratification	gratify	-ification	V	N
grating	grate	-ing	N	ADJ
gravitational	gravitation	-al	N	ADJ
gregariousness	gregarious	-ness	ADJ	N
grievance	grieve	-ance	V	N
grievous	grieve	-ous	V	ADJ
gripping	grip	-ing	N	ADJ
gristle	grist	-le	N	N
grounded	ground	-ed	N	ADJ
gruesome	grue	-some	V	ADJ
grumpy	grump	-y	N	ADJ
guileless	guile	-less	N	ADJ
gullible	gull	-ible	N	ADJ
gusher	gush	-er	N	N
gutless	gut	-less	N	ADJ
gutter	gut	-er	N	N
guttle	gut	-le	N	V
hackneyed	hackney	-ed	N	ADJ
haggle	hack	-le	V	V
halfhearted	hearted	half-	ADJ	ADJ
hallowed	hallow	-ed	V	ADJ
hallucination	hallucinate	-ion	V	N
hammer	west ham	-er	N	N
hankering	hanker	-ing	V	N
harden	hard	-en	ADJ	V
hardihood	hardy	-hood	ADJ	N
hardy	hard	-y	ADV	ADJ
harrowing	harrow	-ing	N	ADJ
harshly	harsh	-ly	ADJ	ADV
hassle	haste	-le	N	N
hasten	haste	-en	N	V
hasty	haste	-y	N	ADJ
hawker	hawk	-er	N	N
hazardous	hazard	-ous	N	ADJ
headlong	head	-long	N	ADV
hearken	hark	-en	V	V
hearten	heart	-en	N	V
heavy-handedness	heavy-handed	-ness	ADJ	N
hedonism	hedonic	-ism	ADJ	N
hedonist	hedonism	-ist	N	N
hegemony	hegemon	-y	N	N
hemisphere	sphere	hemi-	N	N
henpecked	henpeck	-ed	V	ADJ
herbaceous	herb	-aceous	N	ADJ
herbicide	herb	-cide	N	N
herbivorous	herbivore	-ous	ADJ	ADJ
hereditary	heredity	-ary	N	ADJ
heretical	heretic	-al	N	ADJ
herpetologist	herpetology	-ist	N	N
hibernate	hibernal	-ate	ADJ	V
hieroglyphic	hieroglyph	-ic	N	ADJ
histrionic	histrion	-ic	N	ADJ
hoary	hoar	-y	ADJ	ADJ
homely	home	-ly	N	ADJ
homiletics	homiletic	-s	ADJ	N
homogeneity	homogeneous	-ity	ADJ	N
homogenize	homogeneous	-ize	ADJ	V
homograph	-graph	homo-	N	N
honorarium	honor	-arium	N	N
hovel	howf	-el	N	N
hover	hove	-er	V	V
howler	howl	-er	V	N
huddle	hide	-le	V	N
humble	hum	-le	N	V
humidity	humid	-ity	ADJ	N
humility	humble	-ity	ADJ	N
husbandry	husband	-ry	N	N
husky	husk	-y	N	ADJ
hydrant	-ant	hydr-	N	N
hyperactivity	activity	hyper-	N	N
hyperactivity	hyperactive	-ity	ADJ	N
hypertension	tension	hyper-	N	N
hypocritical	hypocrite	-ical	N	ADJ
hypodermic	hypodermis	-ic	N	ADJ
hypothetical	hypothetic	-al	ADJ	ADJ
icicle	ice	-cle	N	N
icing	ice	-ing	N	N
iconoclastic	iconoclast	-ic	N	ADJ
idolize	idol	-ize	N	V
ignominious	ignominy	-ious	N	ADJ
ignominious	ignominy	-ous	N	ADJ
ignorant	ignore	-ant	V	ADJ
illegible	legible	in-	ADJ	ADJ
illegible	legible	il-	ADJ	ADJ
illegitimate	legitimate	in-	ADJ	ADJ
illegitimate	legitimate	il-	ADJ	ADJ
illiterate	literate	il-	ADJ	ADJ
illusive	illusion	-ive	N	ADJ
illusory	illusion	-ory	N	ADJ
imitation	imitate	-ion	V	N
imitative	imitate	-ive	V	ADJ
immensity	immense	-ity	ADJ	N
immortal	mortal	im-	N	ADJ
immunity	immune	-ity	ADJ	N
immunize	immune	-ize	ADJ	V
impalpable	palpable	in-	ADJ	ADJ
impalpable	palpable	im-	ADJ	ADJ
impartial	partial	in-	ADJ	ADJ
impartial	partial	im-	ADJ	ADJ
impartial	impart	-ial	V	ADJ
impassioned	impassion	-ed	V	ADJ
impassive	passive	im-	ADJ	ADJ
impecunious	pecunious	in-	ADJ	ADJ
impending	impend	-ing	V	ADJ
impending	impend	-ing	V	N
imperil	peril	im-	N	V
imperious	imperial	-ous	ADJ	ADJ
impermanent	permanent	in-	ADJ	ADJ
impermanent	permanent	im-	ADJ	ADJ
impermeability	permeability	im-	N	N
impermeable	permeable	im-	ADJ	ADJ
impersonate	impersonal	-ate	ADJ	V
impertinence	impertinent	-ence	ADJ	N
implausible	plausible	in-	ADJ	ADJ
implausible	plausible	im-	ADJ	ADJ
impolitic	politic	in-	ADJ	ADJ
impolitic	impolite	-ic	ADJ	ADJ
imponderable	ponderable	in-	ADJ	ADJ
imposing	impose	-ing	V	V
imprecation	imprecate	-ion	V	N
imprecise	precise	in-	ADJ	ADJ
imprecise	precise	im-	ADJ	ADJ
impregnable	impregnate	-able	V	ADJ
impressionable	impression	-able	N	ADJ
imprint	print	im-	N	N
improvident	provident	in-	ADJ	ADJ
improvident	provident	im-	ADJ	ADJ
imprudent	prudent	im-	ADJ	ADJ
impulsive	impulse	-ive	V	ADJ
imputation	impute	-ation	V	N
inadvertently	inadvertent	-ly	ADJ	ADV
inadvertently	advertently	in-	ADV	ADV
inalienable	alienable	in-	ADJ	ADJ
inanimate	animate	in-	ADJ	ADJ
inappreciable	appreciable	in-	ADJ	ADJ
inborn	born	in-	ADJ	ADJ
incandescence	incandesce	-ence	V	N
incandescence	incandescent	-ence	ADJ	N
incarnate	carnate	in-	ADJ	ADJ
incense	cense	in-	V	N
inception	incept	-ion	V	N
incision	incise	-ion	V	N
incisive	incise	-ive	V	ADJ
incisor	incise	-or	V	N
incommensurate	commensurate	in-	ADJ	ADJ
incompatible	compatible	in-	ADJ	ADJ
incompetent	competent	in-	ADJ	ADJ
incongruent	congruent	in-	ADJ	ADJ
incongruity	incongruous	-ity	ADJ	N
inconsequential	consequential	in-	ADJ	ADJ
inconstancy	constancy	in-	N	N
inconstancy	inconstant	-cy	ADJ	N
incontrovertible	controvertible	in-	ADJ	ADJ
incorporeal	corporeal	in-	ADJ	ADJ
incorrigibility	incorrigible	-ity	ADJ	N
incorruptible	corruptible	in-	ADJ	ADJ
incredulity	incredulous	-ity	ADJ	N
incredulity	credulity	in-	N	N
increment	increase	-ment	V	N
incriminate	criminate	in-	V	V
incrustation	incrust	-ation	V	N
incubation	incubate	-ion	V	N
incubator	incubate	-or	V	N
indebted	indebt	-ed	V	V
indecipherable	decipherable	in-	ADJ	ADJ
indecisive	decisive	in-	ADJ	ADJ
indemnify	indemn	-ify	ADJ	V
indemnity	indemn	-ity	ADJ	N
indent	dent	in-	N	N
indeterminate	determinate	in-	ADJ	ADJ
indicative	indicate	-ive	V	ADJ
indifferent	different	in-	ADJ	ADJ
indigence	indigent	-ence	ADJ	N
indignity	indign	-ity	ADJ	N
indignity	dignity	in-	N	N
indispensability	indispensable	-ity	ADJ	N
indubitable	dubitable	in-	ADJ	ADJ
induction	induct	-ion	V	N
ineffaceable	effaceable	in-	ADJ	ADJ
ineffectual	effectual	in-	ADJ	ADJ
inelasticity	elasticity	in-	N	N
ineligible	eligible	in-	ADJ	ADJ
ineptitude	inept	-itude	ADJ	N
inequity	equity	in-	N	N
inexhaustible	exhaustible	in-	ADJ	ADJ
inexpedient	expedient	in-	ADJ	ADJ
inexpiable	expiable	in-	ADJ	ADJ
inexplicable	explicable	in-	ADJ	ADJ
infatuated	infatuate	-ed	V	V
infatuated	infatuate	-ed	V	ADJ
infatuation	infatuate	-ion	V	N
infelicitous	felicitous	in-	ADJ	ADJ
infelicitous	infelicity	-ous	N	ADJ
infelicity	felicity	in-	N	N
infinity	infinite	-y	ADJ	N
inflame	flame	in-	N	V
infliction	inflict	-ion	V	N
informed	inform	-ed	V	V
informed	formed	in-	V	ADJ
informer	inform	-er	V	N
ingestion	ingest	-ion	V	N
ingrained	ingrain	-ed	V	ADJ
ingratiating	ingratiate	-ing	V	ADJ
inhibitor	inhibit	-or	V	N
inhumane	humane	in-	ADJ	ADJ
inimitable	imitable	in-	ADJ	ADJ
iniquitous	iniquity	-ous	N	ADJ
injection	inject	-ion	V	N
injurious	injury	-ous	N	ADJ
inkling	inkle	-ing	N	N
inkling	inkle	-ing	N	V
innocence	innocent	-ence	N	N
inordinate	ordinate	in-	N	ADJ
inquisitive	inquisitor	-ive	N	ADJ
inroad	road	in-	N	N
insane	sane	in-	ADJ	ADJ
insanity	insane	-ity	ADJ	N
insanity	sanity	in-	N	N
insatiable	insatiate	-able	ADJ	ADJ
inscrutable	scrutable	in-	ADJ	ADJ
insecticide	insect	-icide	N	N
insecticide	insect	-cide	N	N
insentient	sentient	in-	ADJ	ADJ
insider	inside	-er	N	N
insincerity	sincerity	in-	N	N
insincerity	insincere	-ity	ADJ	N
insolence	insolent	-ence	ADJ	N
insoluble	soluble	in-	ADJ	ADJ
insolvency	insolvent	-cy	ADJ	N
insolvency	solvency	in-	N	N
insouciance	insouciant	-ce	ADJ	N
installment	install	-ment	V	N
instate	state	in-	N	V
instinctive	instinct	-ive	N	ADJ
institutionalized	institutionalize	-ed	V	ADJ
instructive	instruct	-ive	V	ADJ
instrumental	instrument	-al	N	ADJ
instrumentalist	instrumental	-ist	ADJ	N
insubordinate	subordinate	in-	ADJ	ADJ
insubstantial	substantial	in-	ADJ	ADJ
insufficient	sufficient	in-	ADJ	ADJ
insularity	insular	-ity	ADJ	N
intangible	tangible	in-	ADJ	ADJ
integral	integer	-al	N	ADJ
intensify	intense	-ify	ADJ	V
intentional	intention	-al	N	ADJ
intercessor	intercession	-or	N	N
interchangeable	interchange	-able	V	ADJ
interdisciplinary	disciplinary	inter-	ADJ	ADJ
interference	interfere	-ence	V	N
interjection	interject	-ion	V	N
interlace	lace	inter-	N	V
interlock	lock	inter-	N	V
interlope	lope	inter-	V	V
interloper	loper	inter-	N	N
interminable	terminable	in-	ADJ	ADJ
intermingle	mingle	inter-	V	V
intermission	mission	inter-	N	N
interplay	play	inter-	V	N
interrogative	interrogate	-ive	V	ADJ
intertwine	twine	inter-	N	V
interweave	weave	inter-	V	V
intractable	tractable	in-	ADJ	ADJ
intricacy	intricate	-cy	ADJ	N
introspective	introspection	-ive	N	ADJ
intuitive	intuition	-ive	N	ADJ
invertebrate	vertebrate	in-	ADJ	N
involuntary	voluntary	in-	ADJ	ADJ
invulnerable	vulnerable	in-	ADJ	ADJ
iridescence	iridescent	-ence	ADJ	N
irksome	irk	-some	V	ADJ
ironic	irony	-ic	N	ADJ
irredeemable	redeemable	ir-	ADJ	ADJ
irreducible	reducible	in-	ADJ	ADJ
irremediable	remediable	in-	ADJ	ADJ
irrepressible	repressible	in-	ADJ	ADJ
irrepressible	repressible	ir-	ADJ	ADJ
irritable	irritate	-able	V	ADJ
irritation	irritate	-ion	ADJ	N
jabber	jab	-er	N	N
jaded	jade	-ed	V	ADJ
jaundiced	jaundice	-ed	N	ADJ
jaunty	jaunt	-y	N	ADJ
jealousy	jealous	-y	ADJ	N
jeopardize	jeopardy	-ize	N	V
jesting	jest	-ing	V	N
jingoism	jingo	-ism	N	N
jitter	jit	-er	V	N
jockey	jock	-ey	N	N
jovial	jove	-ial	N	ADJ
jubilation	jubilate	-ion	V	N
judiciousness	judicious	-ness	ADJ	N
jumble	jump	-le	V	V
justifiable	justify	-able	V	ADJ
kaleidoscopic	kaleidoscope	-ic	N	ADJ
kidnap	kid	-nap	N	V
kindred	kin	-red	N	N
kindred	kin	-red	N	ADJ
knotty	knot	-y	N	ADJ
laceration	lacerate	-ion	V	N
laggard	lag	-ard	N	ADJ
laity	lay	-ity	ADJ	N
lamentable	lament	-able	N	ADJ
laminate	lamina	-ate	N	V
lasting	last	-ing	N	ADJ
latency	latent	-cy	ADJ	N
layman	lay	-man	ADJ	N
leakage	leak	-age	N	N
leery	leer	-y	V	ADJ
leeward	lee	-ward	N	ADJ
leisureliness	leisurely	-ness	ADJ	N
leniency	lenient	-cy	ADJ	N
lethargic	lethargy	-ic	N	ADJ
lever	lief	-er	ADJ	N
lexical	lexicon	-al	N	ADJ
lexicographer	lexicography	-er	N	N
libelous	libel	-ous	V	ADJ
liberality	liberal	-ity	ADJ	N
libertine	liberty	-ine	N	N
liken	like	-en	V	V
lineage	line	-age	N	N
lineal	line	-al	N	ADJ
linen	line	-en	N	N
linguistics	linguist	-ics	N	N
lionize	lion	-ize	N	V
liquidate	liquid	-ate	N	V
listless	list	-less	V	ADJ
litigant	litigate	-ant	V	N
litigation	litigate	-ion	V	N
lofty	loft	-y	N	ADJ
logistics	logistic	-s	ADJ	N
longevity	long	-ity	ADJ	N
longing	long	-ing	ADJ	V
longing	long	-ing	ADJ	N
loosen	loose	-en	N	V
loutish	lout	-ish	N	ADJ
lubricant	lubricate	-ant	V	N
lucrative	lucre	-ative	N	ADJ
luscious	lusty	-ous	ADJ	ADJ
lustrous	lustre	-ous	N	ADJ
lusty	lust	-y	N	ADJ
luxurious	luxury	-ous	N	ADJ
machination	machinate	-ion	V	N
magnanimity	magnanimous	-ity	ADJ	N
majestic	majesty	-ic	N	ADJ
maladroit	adroit	mal-	ADJ	ADJ
malapropism	malaprop	-ism	V	N
malcontent	content	mal-	N	ADJ
maleficent	malefic	-ent	ADJ	ADJ
malfeasance	malfeasant	-ance	N	N
malfeasance	feasance	mal-	N	N
malfunction	function	mal-	N	N
malicious	malice	-ious	N	ADJ
malignant	malign	-ant	ADJ	ADJ
malodor	odor	mal-	N	N
malpractice	practice	mal-	N	N
mammal	mamma	-al	N	N
mandatory	mandate	-ory	N	ADJ
mangy	mange	-y	N	ADJ
manifestation	manifest	-ation	ADJ	N
manifesto	manifest	-o	N	N
manifold	many	-fold	U	ADJ
manifold	many	-fold	U	V
manipulative	manipulate	-ive	V	ADJ
mannered	manner	-ed	N	ADJ
mariner	marine	-er	N	N
marred	mar	-ed	V	ADJ
marsupial	marsupium	-al	N	N
materialize	material	-ize	N	V
matriarchy	matriarch	-y	N	N
mawkish	mawk	-ish	N	ADJ
maximize	maximum	-ize	N	V
mechanics	mechanic	-s	N	N
meddlesome	meddle	-some	V	ADJ
mediocrity	mediocre	-ity	ADJ	N
meditation	meditate	-ion	ADJ	N
meditative	meditate	-ive	V	ADJ
melodrama	drama	melo-	N	N
mendacity	mendacious	-ity	ADJ	N
mercurial	mercury	-al	N	N
mermaid	maid	mer-	N	N
mesmerize	mesmerism	-ize	N	V
metabolism	metabolic	-ism	ADJ	N
metaphysical	metaphysic	-al	ADJ	ADJ
metaphysics	physics	meta-	N	N
metaphysics	metaphysic	-s	ADJ	N
meteoric	meteor	-ic	N	ADJ
meteorology	meteor	-logy	N	N
meteorology	meteor	-ology	N	N
methodical	methodic	-al	ADJ	ADJ
methodical	method	-ical	N	ADJ
metrical	metric	-al	N	ADJ
mettlesome	mettle	-some	N	ADJ
microorganism	organism	micro-	N	N
microscopic	microscope	-ic	N	ADJ
midget	midge	-et	N	N
mighty	might	-y	N	N
migratory	migrator	-y	N	ADJ
mingle	ming	-le	V	V
minutes	minute	-s	N	N
minutia	minute	-ia	N	N
miraculous	miracle	-ous	N	ADJ
mirth	merry	-th	ADJ	N
mischievous	mischief	-ous	N	ADJ
miserly	miser	-ly	V	ADJ
misgiving	give	mis-	V	N
misgiving	giving	mis-	N	N
misgiving	misgive	-ing	V	N
misinform	inform	mis-	V	V
misperceive	perceive	mis-	V	V
misrepresent	represent	mis-	V	V
misrepresentation	representation	mis-	N	N
misrepresentation	misrepresent	-ation	V	N
misshapen	shapen	mis-	U	ADJ
misshapen	shapen	mis-	ADJ	ADJ
mistimed	timed	mis-	V	ADJ
mnemonics	mnemonic	-s	ADJ	N
modish	mode	-ish	N	ADJ
modulate	module	-ate	N	V
molar	mole	-ar	N	ADJ
molding	mold	-ing	N	V
molding	mold	-ing	N	N
moldy	mold	-y	N	ADJ
momentous	moment	-ous	N	ADJ
monarchy	monarch	-y	N	N
mongrel	mong	-rel	N	N
monochromatic	chromatic	mono-	ADJ	ADJ
monolithic	monolith	-ic	N	ADJ
monomania	mania	mono-	N	N
monopolize	monopoly	-ize	N	V
monotone	tone	mono-	N	N
monotonous	monotone	-ous	N	ADJ
monotony	monotone	-y	N	N
monstrous	monster	-ous	N	ADJ
monumental	monument	-al	N	ADJ
moody	mood	-y	N	ADJ
moralistic	moral	-istic	N	ADJ
moralistic	moralist	-ic	N	ADJ
mortification	mortify	-ification	V	N
motility	motile	-ty	ADJ	N
motility	motile	-ity	ADJ	N
motley	mottle	-y	V	ADJ
mottled	mottle	-ed	N	ADJ
mountainous	mountain	-ous	N	ADJ
mournful	mourn	-ful	V	ADJ
muddle	mud	-le	N	V
muddy	mud	-y	ADJ	ADJ
muffled	muffle	-ed	V	ADJ
muffler	muffle	-er	N	N
mulish	mule	-ish	N	ADJ
multiplicity	multiple	-icity	ADJ	N
multiply	multiple	-ly	ADJ	ADV
municipality	municipal	-ity	ADJ	N
munificence	munificent	-ence	ADJ	N
murky	murk	-y	N	ADJ
muscular	musculous	-ar	ADJ	ADJ
muscular	muscle	-ar	N	ADJ
musicologist	musicology	-ist	N	N
musty	must	-y	V	ADJ
muted	mute	-ed	N	ADJ
mutineer	mutiny	-eer	N	N
mutinous	mutiny	-ous	N	ADJ
myopic	myopia	-ic	N	ADJ
naivety	naivete	-y	N	N
narcissist	narcissism	-ist	N	N
nauseate	nausea	-ate	N	V
naysayer	naysay	-er	V	N
nebulous	nebula	-ous	N	ADJ
necessitous	necessity	-ous	N	ADJ
needlework	needle	-work	N	N
needy	need	-y	N	ADJ
negation	negate	-ion	V	N
negligence	negligent	-ence	ADJ	N
negotiable	negotiate	-able	V	ADJ
nestle	nest	-le	N	V
nestling	nest	-ling	N	N
nestling	nestle	-ing	V	V
nestling	nestle	-ing	V	N
nethermost	nether	-most	ADJ	ADJ
neurology	neuron	-logy	N	N
neutralize	neutral	-ize	ADJ	V
neutron	neutral	-on	ADJ	N
nibble	nip	-le	N	N
nicety	nice	-ity	ADJ	N
nicety	nice	-ty	ADJ	N
niggling	niggle	-ing	N	ADJ
nimble	nim	-le	V	ADJ
noisome	noy	-some	V	ADJ
nomadic	nomad	-ic	N	ADJ
nonchalance	nonchalant	-ce	ADJ	N
noncommittal	committal	non-	N	ADJ
nonconformist	conformist	non-	N	N
nonconformist	conformist	non-	N	ADJ
nonentity	entity	non-	N	N
nonflammable	flammable	non-	ADJ	ADJ
nonporous	porous	non-	ADJ	ADJ
nonradioactive	radioactive	non-	ADJ	ADJ
nonsensical	nonsense	-ical	N	ADJ
nonviable	viable	non-	ADJ	ADJ
notability	note	-ability	N	N
notability	notable	-ity	ADJ	N
novelty	novel	-y	N	N
nucleate	nucleus	-ate	N	ADJ
nullify	null	-ify	N	V
numismatist	numismatics	-ist	N	N
numismatist	numismatic	-ist	ADJ	N
oafishness	oafish	-ness	ADJ	N
obligatory	obligate	-ory	V	ADJ
obliging	oblige	-ing	V	ADJ
oblivious	oblivion	-ous	N	ADJ
obscurity	obscure	-ity	ADJ	N
observance	observe	-ance	V	N
obsession	obsess	-ion	V	N
obstinacy	obstinate	-cy	ADJ	U
obstinacy	obstinate	-cy	ADJ	N
obstruction	obstruct	-ion	V	N
obtainable	obtain	-able	V	ADJ
occidental	occident	-al	N	ADJ
occurrence	occur	-ence	V	N
odoriferous	odor	-ferous	N	ADJ
odoriferous	odor	-iferous	N	ADJ
offbeat	beat	off-	N	N
offhand	hand	off-	N	ADJ
officious	office	-ious	N	ADJ
offish	off	-ish	ADJ	ADJ
offset	set	off-	ADJ	N
offspring	spring	off-	N	N
ointment	oint	-ment	V	N
oligarchy	oligarch	-y	N	N
omnipotent	potent	omni-	N	ADJ
omnipresent	present	omni-	ADJ	ADJ
omnivorous	omnivore	-ous	N	ADJ
onset	set	on-	V	N
onslaught	slaught	on-	N	N
opacity	opaque	-ity	ADJ	N
opalescence	opal	-escence	V	N
operative	operate	-ive	V	ADJ
opiate	opium	-ate	N	ADJ
opinionated	opinionate	-ed	V	ADJ
opprobrious	opprobrium	-ous	N	ADJ
optimist	optimism	-ist	N	N
optimization	optimize	-ation	V	N
optional	option	-al	N	ADJ
oracular	oracle	-ar	N	ADJ
oration	orate	-ion	V	N
oratory	orator	-y	N	N
ordeal	deal	or-	N	N
originality	original	-ity	ADJ	N
ornithologist	ornithology	-ist	N	N
ostracize	ostracism	-ize	N	V
outfox	fox	out-	V	V
outgrowth	growth	out-	N	N
outgrowth	outgrow	-th	V	N
outlandish	outland	-ish	N	ADJ
outlet	let	out-	V	N
outmaneuver	maneuver	out-	N	V
outrage	rage	out-	N	N
outset	set#verb	out-	N	N
outset	set	out-	U	V
outset	set	out-	N	N
outshine	shine	out-	V	V
outskirts	skirt	out-	N	N
outskirts	outskirt	-s	N	N
outspoken	spoken	out-	ADJ	ADJ
outstrip	prefix	out-	N	V
outstrip	strip	out-	N	V
outwit	wit	out-	N	V
overbearing	overbear	-ing	V	V
overdose	dose#noun	over-	N	N
overdose	dose#verb	over-	V	V
overdose	dose	over-	N	N
overdue	due	over-	ADJ	ADJ
overexposure	exposure	over-	N	N
overexposure	overexpose	-ure	V	N
overflow	flow	over-	V	N
overhaul	haul	over-	N	N
overlap	lap	over-	V	V
overreach	reach	over-	V	V
override	ride	over-	V	V
overriding	override	-ing	V	ADJ
overrule	rule	over-	N	V
overshadow	shadow	over-	N	V
oversight	sight	over-	N	N
oversight	oversee	-t	V	N
overstate	state	over-	N	V
overthrow	throw	over-	N	V
overturn	turn	over-	V	V
overweening	overween	-ing	V	ADJ
overweening	overween	-ing	V	N
overwhelm	whelm	over-	V	V
overwrought	wrought	over-	V	ADJ
oxidize	oxide	-ize	N	V
pacifist	pacifism	-ist	N	N
packed	pack	-ed	N	ADJ
padding	pad	-ing	N	V
painstaking	painstaker	-ing	N	ADJ
palatial	palace	-ial	N	ADJ
paleolithic	paleolith	-ic	N	ADJ
palliative	palliate	-ive	V	ADJ
palmy	palm	-y	N	ADJ
palpable	palpate	-able	V	ADJ
pamper	pamp	-er	V	V
panoramic	panorama	-ic	N	ADJ
parallelism	parallel	-ism	N	N
paranoid	paranoia	-oid	N	ADJ
paranoid	paranoia	-id	N	ADJ
partiality	partial	-ity	N	N
particularize	particular	-ize	ADJ	V
passionate	passion	-ate	N	ADJ
pastoral	pasture	-al	N	ADJ
pastoral	pastor	-al	N	ADJ
pastry	paste	-ry	N	N
pathetic	path	-etic	N	ADJ
pathological	pathology	-ical	N	ADJ
patriotism	patriot	-ism	N	N
patronage	patron	-age	N	N
patronize	patron	-ize	N	V
paunchy	paunch	-y	N	ADJ
peaky	peak	-y	N	ADJ
peerless	peer	-less	N	ADJ
peery	peer	-y	V	ADJ
peevish	pue	-ish	V	ADJ
peevish	peeve	-ish	N	ADJ
pellucid	lucid	per-	ADJ	ADJ
penalize	penal	-ize	ADJ	V
penetration	penetrate	-ion	V	N
percussionist	percussion	-ist	N	N
peregrination	peregrinate	-ion	V	N
perfervid	fervid	per-	ADJ	ADJ
perfunctorily	perfunctory	-ly	ADJ	ADV
perilous	peril	-ous	N	ADJ
perimeter	meter	peri-	N	N
periodical	period	-ical	N	N
periodical	period	-ical	N	ADJ
peripheral	periphery	-al	N	ADJ
periscope	scope	peri-	N	N
perishable	perish	-able	V	N
perishable	perish	-able	V	ADJ
perjury	perjure	-y	V	N
perky	perk	-y	N	ADJ
permanence	permanent	-ence	ADJ	N
permeable	permeate	-able	V	ADJ
permissive	permission	-ive	N	ADJ
perpetuate	perpetual	-ate	ADJ	V
persistence	persistent	-ence	ADJ	N
personable	person	-able	N	ADJ
personage	person	-age	N	N
personification	personify	-ification	V	N
personification	personify	-ation	V	N
personification	person	-ification	N	N
perspicuity	perspicuous	-ity	ADJ	N
peruse	use	per-	N	V
pesticide	pest	-cide	N	N
petitioner	petition	-er	N	N
pettish	pet	-ish	N	ADJ
petulance	petulant	-ce	ADJ	N
pharisaic	pharisee	-ic	N	ADJ
pharmaceutical	pharmaceutic	-al	ADJ	ADJ
phenomenal	phenomenon	-al	N	ADJ
philanthropic	philanthropy	-ic	N	ADJ
philatelist	philately	-ist	N	N
photosynthesis	synthesis	photo-	N	N
physiological	physiology	-ical	N	ADJ
pictorial	picture	-ial	N	ADJ
piddling	piddle	-ing	V	ADJ
piecemeal	piece	-meal	N	ADJ
piercing	pierce	-ing	V	V
piercing	pierce	-ing	V	ADJ
pincers	pincer	-s	N	N
pith	pi	-th	N	N
pithiness	pithy	-ness	ADJ	N
pithy	pith	-y	N	ADJ
pitiful	pity	-ful	N	ADJ
pitiless	pity	-less	N	ADJ
plagiarism	plagiary	-ism	N	N
plagiarize	plagiary	-ize	N	U
plagiarize	plagiarism	-ize	N	V
platonic	plato	-ic	N	ADJ
pleonastic	pleonasm	-astic	N	ADJ
pleonastic	pleonasm	-ic	N	ADJ
plumber	plumb	-er	N	N
plutocracy	plutocrat	-cy	N	N
podiatrist	podiatry	-ist	N	N
poisonous	poison	-ous	N	ADJ
polar	pole	-ar	N	ADJ
polarity	polar	-ity	N	N
polarize	polar	-ize	N	V
polemical	polemic	-al	N	ADJ
pollinate	pollen	-ate	N	V
pollster	poll	-ster	N	N
pomposity	pompous	-ity	ADJ	N
pompous	pomp	-ous	N	ADJ
ponderable	ponder	-able	V	ADJ
porous	pore	-ous	N	ADJ
portentous	portent	-ous	N	ADJ
positiveness	positive	-ness	ADJ	N
possessed	possess	-ed	V	V
pottery	potter	-y	N	ADJ
precipitation	precipitate	-ion	N	N
predator	predation	-or	N	N
predisposition	disposition	pre-	N	N
predisposition	predispose	-ition	V	N
predisposition	predispose	-tion	V	N
preeminent	eminent	pre-	ADJ	ADJ
prefigure	figure	pre-	V	V
prehistoric	historic	pre-	ADJ	ADJ
prehistoric	prehistory	-ic	N	ADJ
preliterate	literate	pre-	ADJ	ADJ
premature	mature	pre-	ADJ	ADJ
preoccupation	occupation	pre-	N	N
preponderant	preponderate	-ant	V	ADJ
preposition	position	pre-	N	U
prerequisite	requisite	pre-	N	ADJ
prerequisite	requisite	pre-	N	N
prescience	prescient	-ence	ADJ	N
presenter	present	-er	N	N
presentiment	sentiment	pre-	N	N
prestigious	prestige	-ious	N	ADJ
presumable	presume	-able	V	ADJ
presumption	presume	-ion	V	N
presupposition	presuppose	-ition	V	N
presupposition	presuppose	-tion	V	N
pretension	tension	pre-	N	N
pretext	text	pre-	N	N
preview	view	pre-	V	N
prevision	vision	pre-	V	V
prickle	prick	-le	N	V
prissy	priscilla	-y	N	N
procrustean	procrustes	-an	N	ADJ
procurement	procure	-ment	V	N
prodigal	prodigy	-al	N	ADJ
prodigious	prodigy	-ous	N	ADJ
profiteer	profit	-eer	N	N
prohibitive	prohibit	-ive	N	ADJ
projection	project	-ion	N	N
projector	project	-or	N	N
prolixity	prolix	-ity	ADJ	N
pronounced	pronounce	-ed	V	ADJ
propagation	propagate	-ion	V	N
propeller	propel	-er	V	N
propensity	propense	-ity	ADJ	N
prophecy	prophet	-cy	N	N
prophetic	prophet	-ic	N	ADJ
proselytize	proselyte	-ize	N	V
prosperity	prosper	-ity	ADJ	N
prosperous	prosper	-ous	ADJ	ADJ
protagonist	agonist	prot-	N	N
protean	proteus	-an	N	ADJ
protract	tract	pro-	N	V
protuberance	protuberant	-ce	ADJ	N
proverbially	proverbial	-ly	ADJ	ADV
providential	providence	-ial	N	ADJ
provisional	provision	-al	N	ADJ
provisory	proviso	-ory	N	ADJ
provisory	proviso	-y	N	ADJ
provocation	provoke	-ation	V	N
prowess	prow	-ess	N	N
prudence	prudent	-ence	ADJ	N
prudent	prude	-ent	N	ADJ
prudish	prude	-ish	N	ADJ
publicize	public	-ize	ADJ	V
puckish	puck	-ish	N	ADJ
puffery	puff	-ery	N	N
pugilist	pugilism	-ist	N	N
pulsate	pulse	-ate	N	V
pulsation	pulsate	-ion	V	N
punctilious	punctilio	-ous	N	ADJ
purgative	purge	-ative	N	ADJ
purify	pure	-ify	ADJ	V
purity	pure	-ity	N	N
purported	purport	-ed	V	ADJ
quaver	quave	-er	V	N
quibble	quib	-le	N	N
quixotic	quixote	-ic	N	ADJ
racketeer	racket	-eer	N	N
racy	race	-y	N	ADJ
raffish	raff	-ish	N	ADJ
rafter	raft	-er	N	N
ragged	rag	-ed	N	ADJ
rakish	rake	-ish	N	ADJ
ramble	roam	-le	V	N
ranger	range	-er	N	N
raspy	rasp	-y	N	ADJ
ratification	ratify	-ification	V	N
ratiocination	ratiocinate	-ion	V	N
ravenous	raven	-ous	N	ADJ
ravishing	ravish	-ing	V	ADJ
reactant	react	-ant	V	N
reactionary	reaction	-ary	N	ADJ
realign	align	re-	V	V
reaper	reap	-er	V	N
rebellious	rebel	-ious	ADJ	ADJ
rebellious	rebellion	-ous	N	ADJ
rebuff	buff	re-	N	V
rebuke	bush	re-	N	N
rebuttal	rebut	-al	V	N
recantation	recant	-ation	V	N
recast	cast	re-	ADJ	V
receptive	reception	-ive	N	ADJ
recessive	recess	-ive	V	ADJ
reciprocate	reciprocal	-ate	ADJ	V
recital	recite	-al	V	N
recoil	coil	re-	N	N
recollection	collection	re-	N	N
recollection	recollect	-ion	V	N
recombine	combine	re-	N	V
reconstitute	constitute	re-	V	V
redemptive	redemption	-ive	N	ADJ
redirect	direct	re-	V	V
redistribution	distribution	re-	N	N
redistribution	redistribute	-ion	V	N
redoubtable	redoubt	-able	V	ADJ
redress	dress	re-	V	V
reedy	reed	-y	N	ADJ
referee	refer	-ee	V	N
refinery	refine	-ery	V	N
refinery	refiner	-y	N	N
refraction	refract	-ion	V	N
refractory	refractor	-y	N	ADJ
refresh	fresh	re-	ADJ	V
refurbish	furbish	re-	V	V
regressive	regress	-ive	N	ADJ
rehearsal	rehearse	-al	V	N
reimburse	imburse	re-	V	V
reincarnate	incarnate	re-	ADJ	V
reinstate	instate	re-	V	V
reiterate	iterate	re-	N	V
rejoin	join	re-	N	V
relapse	lapse	re-	N	V
relaxation	relax	-ation	V	N
relentless	relent	-less	N	ADJ
reliance	rely	-ance	V	N
reliance	reliant	-ce	ADJ	N
relieved	relieve	-ed	V	ADJ
remission	mission	re-	N	N
remittance	remit	-ance	V	N
remonstrance	remonstrate	-ance	V	N
remunerative	remunerate	-ive	V	ADJ
renascent	nascent	re-	ADJ	ADJ
rendering	render	-ing	V	N
reparation	repair	-ation	N	N
repellent	repel	-ent	V	ADJ
repellent	repel	-ent	V	N
repine	pine	re-	N	V
reportorial	report	-orial	V	ADJ
repose	pose	re-	N	V
reprehensible	reprehend	-ible	V	ADJ
repressed	repress	-ed	V	V
repressed	pressed	re-	V	V
reprisal	reprise	-al	N	N
reproof	proof	re-	V	U
reproof	proof	re-	V	N
reprove	prove	re-	V	U
reptilian	reptile	-ian	N	ADJ
repugnance	repugnant	-ce	ADJ	N
repulsion	repulse	-ion	V	N
reshuffle	shuffle	re-	N	V
residual	residue	-al	N	N
resigned	resign	-ed	V	ADJ
resilience	resilient	-ence	ADJ	N
resonant	resonance	-ant	N	ADJ
resound	sound	re-	N	V
resourceful	resource	-ful	V	ADJ
respiration	respire	-ation	N	N
resplendent	resplend	-ent	V	ADJ
responsive	response	-ive	N	ADJ
responsiveness	responsive	-ness	ADJ	N
restitution	restitute	-ion	N	N
restiveness	restive	-ness	ADJ	N
restless	rest	-less	N	ADJ
restorative	restoration	-ive	N	ADJ
resurgence	resurge	-ence	V	N
retainer	retain	-er	V	N
retaliation	retaliate	-ion	V	N
retentive	retention	-ive	N	ADJ
reticulation	reticule	-ation	N	N
reticulation	reticulate	-ion	ADJ	N
retiring	retire	-ing	V	ADJ
retreat	treat	re-	V	V
retreat	treat	re-	V	N
retrench	trench	re-	N	V
retrenchment	retrench	-ment	V	N
retroactive	active	retro-	N	ADJ
revealing	reveal	-ing	N	ADJ
revelry	revel	-ry	N	N
reversion	revert	-sion	V	N
revitalize	vitalize	re-	V	V
rewarding	reward	-ing	N	ADJ
rhapsody	rhapsode	-y	N	N
rhythmic	rhythm	-ic	N	ADJ
riddle	rede	-le	N	N
ringlet	ring	-let	N	N
riotous	riot	-ous	N	ADJ
ripen	ripe	-en	N	V
ripple	rip	-le	N	V
rivalry	rival	-ry	ADJ	N
rollicking	rollick	-ing	V	ADJ
rookie	recruit	-ie	N	N
rosy	rose	-y	U	ADJ
rotten	rot	-en	N	ADJ
roughen	rough	-en	ADJ	V
royalty	royal	-ty	ADJ	N
ruddy	rud	-y	N	ADJ
rudimentary	rudiment	-ary	N	ADJ
ruminant	ruminate	-ant	V	ADJ
runic	rune	-ic	N	N
runic	rune	-ic	N	ADJ
rustler	rustle	-er	V	N
ruthlessness	ruthless	-ness	ADJ	N
sacrilegious	sacrilege	-ious	N	ADJ
sadden	sad	-en	N	V
sadistic	sadist	-ic	N	ADJ
sagacious	sagacity	-ous	N	ADJ
saintly	saint	-ly	N	ADJ
salutation	salute	-ation	N	N
salvage	salve	-age	V	N
sampler	sample	-er	N	N
sanctimonious	sanctimony	-ous	N	ADJ
sandal	sand	-al	N	N
sanity	sane	-ity	ADJ	N
sapling	sap	-ling	N	N
sarcastic	sarcasm	-ic	N	ADJ
sated	sate	-ed	U	ADJ
satiated	satiate	-ed	V	ADJ
satiny	satin	-y	N	ADJ
satirize	satire	-ize	N	V
saturated	saturate	-ed	V	ADJ
saturnine	saturn	-ine	N	ADJ
scalding	scald	-ing	V	ADJ
scamper	scamp	-er	N	N
scarcity	scarce	-ity	ADJ	N
scathing	scathe	-ing	N	ADJ
sceptical	sceptic	-al	N	ADJ
schematic	schema	-ic	N	ADJ
schematize	schematic	-ize	ADJ	V
scintillate	scintilla	-ate	N	V
scooter	scoot	-er	V	N
scorching	scorch	-ing	V	ADJ
scotch	scot	-ish	N	N
scrappy	scrap	-y	N	ADJ
screed	scree	-ed	N	ADJ
scribble	scribe	-le	N	V
scrutinize	scrutiny	-ize	N	V
sculptor	sculpt	-or	V	N
seafaring	seafarer	-ing	N	ADJ
seamy	seam	-y	N	ADJ
seasoned	season	-ed	N	V
seasoning	season	-ing	N	N
seasoning	season	-ing	N	V
secretive	secret	-ive	N	ADJ
sedative	sedation	-ive	N	ADJ
sedulity	sedulous	-ity	ADJ	N
seedling	seed	-ling	N	N
seemly	seem	-ly	V	ADJ
self-absorbed	absorbed	self-	V	ADJ
self-assertion	assertion	self-	N	N
seminal	semen	-al	N	ADJ
seminary	seminar	-y	N	N
sensitization	sensitize	-ation	V	N
sensitize	sensitive	-ize	ADJ	V
sequential	sequence	-al	N	ADJ
sequential	sequence	-ial	N	ADJ
seraphic	seraph	-ic	N	ADJ
serendipity	serendip	-ity	N	N
serfdom	serf	-dom	N	N
serial	series	-al	N	ADJ
sermonize	sermon	-ize	N	V
serpentine	serpent	-ine	N	ADJ
serrated	serrate	-ed	ADJ	ADJ
serviceable	service	-able	N	ADJ
sewer	sew	-er	V	N
shabby	shab	-y	N	ADJ
shackle	shake	-le	V	N
shackle	shack	-le	N	V
shambles	shamble	-s	V	N
shattered	shatter	-ed	V	V
shiftiness	shifty	-ness	ADJ	N
shiftless	shift	-less	N	ADJ
shoddy	shoad	-y	N	ADJ
showy	show	-y	N	ADJ
shrewd	shrew	-d	N	ADJ
signatory	sign	-atory	N	N
silt	sile	-t	N	N
simpleton	simple	-ton	ADJ	N
singularity	singular	-ity	N	N
sizzler	sizzle	-er	V	N
sketchy	sketch	-y	N	ADJ
skewer	skew	-er	V	N
skittish	skite	-ish	N	ADJ
slacken	slack	-en	ADJ	V
slanderous	slander	-ous	N	ADJ
slaughter	slay	-ter	V	N
slaver	slave	-er	N	N
slaver	slave	-er	N	V
sleazy	sleaze	-y	N	ADJ
slippage	slip	-age	N	N
slither	slide	-er	V	V
sloppy	slop	-y	N	ADJ
sloth	slow	-th	ADJ	N
slumber	sloom	-er	N	N
smarmy	smarm	-y	N	ADJ
smattering	smatter	-ing	V	N
smattering	smatter	-ing	V	V
snappish	snap	-ish	N	ADJ
snappy	snap	-y	N	ADJ
sneaking	sneak	-ing	V	ADJ
snicker	snick	-er	V	N
snobbish	snob	-ish	ADJ	ADJ
snobbish	snobby	-ish	ADJ	ADJ
snuggle	snug	-le	ADJ	N
soggy	sog	-y	V	ADJ
solemnity	solemn	-ity	ADJ	N
solicitous	solicit	-ous	V	ADJ
solidify	solid	-ify	ADJ	V
solitude	sole	-itude	N	N
solvent	solve	-ent	V	N
somatic	soma	-ic	N	ADJ
sophistication	sophisticate	-ion	N	N
sophistry	sophister	-y	N	N
sovereignty	sovereign	-y	N	N
spacious	space	-ious	N	ADJ
spangle	spang	-le	U	N
sparing	spare	-ing	V	ADJ
sparring	spar	-ing	V	N
spartan	sparta	-an	N	ADJ
spartan	sparta	-an	N	N
spectator	spectate	-or	V	N
spectral	spectre	-al	N	ADJ
speculative	speculate	-ive	V	ADJ
spindly	spindle	-y	N	ADJ
spineless	spine	-less	N	ADJ
spiny	spine	-y	N	ADJ
splashy	splash	-y	V	ADJ
spongy	sponge	-y	N	ADJ
spontaneity	spontaneous	-ity	ADJ	N
sprightly	spright	-ly	N	ADJ
stagnant	stagnate	-ant	V	ADJ
stagy	stage	-y	N	ADJ
stalemate	stale	-mate	N	N
starchy	starch	-y	N	ADJ
startle	start	-le	N	V
stationary	station	-ary	N	ADJ
statuary	statue	-ary	N	N
stealth	steal	-th	V	N
steeple	steep	-le	ADJ	N
stellar	stella	-ar	N	ADJ
stentorian	stentor	-ian	N	ADJ
stereotype	type	stereo-	N	N
sterilize	sterile	-ize	ADJ	V
stickler	stickle	-er	V	N
stigmatize	stigma	-ize	N	V
stilted	stilt	-ed	N	ADJ
stimulant	stimulate	-ant	V	N
stinginess	stingy	-ness	ADJ	N
stingy	sting	-y	N	ADJ
stipulate	stipule	-ate	N	ADJ
stipulate	stipule	-ate	N	V
stipulation	stipulate	-ion	V	N
stockade	stock	-ade	N	N
stockade	stock	-ade	N	V
stocky	stock	-y	N	ADJ
stodgy	stodge	-y	V	ADJ
stranded	strand	-ed	N	ADJ
stratify	stratum	-ify	N	V
striated	stria	-ed	N	ADJ
studied	study	-ed	V	V
stuffy	stuff	-y	V	ADJ
stunning	stun	-ing	V	ADJ
stunning	stun	-ing	V	N
subdued	subdue	-ed	V	ADJ
subjective	subject	-ive	N	ADJ
subliminal	liminal	sub-	ADJ	ADJ
subsistence	subsist	-ence	V	N
subversive	subversion	-ive	N	ADJ
suffragist	suffrage	-ist	N	N
suggestive	suggest	-ive	V	ADJ
sulky	sulk	-y	V	ADJ
sulky	sulk	-y	V	N
sultry	swelter	-y	V	ADJ
summarily	summary	-ly	N	ADV
sundry	sunder	-y	ADJ	ADJ
superannuated	superannuate	-ed	V	ADJ
superficiality	superficial	-ity	ADJ	N
superfluity	superfluous	-ity	ADJ	N
superimpose	impose	super-	V	V
superiority	superior	-ity	ADJ	N
supernova	nova	super-	N	N
supremacy	supreme	-acy	ADJ	N
surcharge	charge	sur-	N	N
surly	sir	-ly	N	ADJ
surpass	pass	sur-	V	V
surrealism	realism	sur-	N	N
surrealism	surreal	-ism	ADJ	N
surveyor	survey	-or	N	N
susceptibility	susceptible	-ity	ADJ	N
swarthy	swart	-y	ADJ	ADJ
sweltering	swelter	-ing	V	ADJ
sybarite	sybaris	-ite	N	N
sybaritic	sybarite	-ic	N	ADJ
synergic	synergy	-ic	N	ADJ
synoptic	synopsis	-ic	N	ADJ
tackiness	tacky	-ness	ADJ	N
tally	tall	-ly	ADJ	ADV
tamper	tamp	-er	V	N
tangential	tangent	-ial	N	ADJ
tangy	tang	-y	ADJ	ADJ
taper	tape	-er	N	N
tarry	tar	-y	N	ADJ
tarry	tar	-y	N	V
tasty	taste	-y	N	ADJ
tattered	tatter	-ed	N	ADJ
tatty	tatter	-y	N	ADJ
tauten	taut	-en	ADJ	V
tautological	tautology	-ical	N	ADJ
taxonomist	taxonomy	-ist	N	N
telling	tell	-ing	V	N
telling	tell	-ing	V	V
temerity	temerarious	-ity	ADJ	N
tempestuous	tempest	-uous	N	ADJ
temptation	tempt	-ation	V	N
tenacity	tenacious	-ity	ADJ	N
tendentious	tendency	-ious	N	ADJ
tendentious	tendency	-ous	N	ADJ
tenuous	tenuis	-ous	ADJ	ADJ
terminate	terminus	-ate	N	V
termination	terminate	-ion	V	N
testiness	testy	-ness	ADJ	N
thematic	theme	-atic	N	ADJ
therapeutic	therapy	-ic	N	ADJ
thicket	thick	-et	ADJ	N
thorny	thorn	-y	N	ADJ
thrifty	thrift	-y	N	ADJ
throttle	throat	-le	N	N
tickler	tickle	-er	N	N
ticklish	tickle	-ish	N	ADJ
tidy	tide	-y	N	ADJ
timely	time	-ly	N	ADJ
timidity	timid	-ity	ADJ	N
tined	tine	-ed	N	ADJ
tipple	tip	-le	N	N
titanic	titan	-ic	N	ADJ
titanic	titanium	-ic	N	ADJ
titular	title	-ar	N	ADJ
toady	toadeater	-y	N	N
toady	toad	-y	N	ADJ
toady	toad	-y	N	N
tolerance	tolerant	-ce	ADJ	N
tongs	tong	-s	V	N
tonic	tone	-ic	N	ADJ
tonic	tone	-ic	N	N
topple	top	-le	N	V
torrential	torrent	-ial	N	ADJ
totalitarian	totality	-arian	N	ADJ
touching	touch	-ing	V	V
touching	touch	-ing	V	N
touchy	touch	-y	V	ADJ
tousle	touse	-le	V	V
traceable	trace	-able	N	ADJ
tractability	tractable	-ity	ADJ	N
trample	tramp	-le	N	V
tranquility	tranquil	-ity	ADJ	N
transcendent	transcend	-ent	V	ADJ
transcendental	transcendent	-al	ADJ	ADJ
transgression	transgress	-ion	V	N
transience	transient	-ence	ADJ	N
transitory	transit	-ory	N	ADJ
transplantation	transplant	-ation	V	N
treacherous	treachery	-ous	N	ADJ
treasurer	treasure	-er	N	N
treatise	treat	-ise	N	N
trepidation	trepid	-ation	ADJ	N
tributary	tribute	-ary	N	N
trickery	trick	-ery	N	N
trivia	trivium	-a	N	N
trivia	trivium	-ia	N	N
trivial	trivium	-al	N	ADJ
truancy	truant	-cy	ADJ	N
truism	true	-ism	ADJ	N
trumpet	trump	-et	N	N
trustworthy	trust	-worthy	N	ADJ
typo	type	-o	V	N
typographical	typography	-ical	N	ADJ
ubiquitous	ubiquity	-ous	N	ADJ
ulcerate	ulcer	-ate	N	V
ultramundane	mundane	ultra-	ADJ	ADJ
unaffected	affected	un-	ADJ	ADJ
unassuming	assuming	un-	V	ADJ
unbecoming	becoming	un-	V	ADJ
unbend	bend	un-	V	V
unbidden	bidden	un-	V	ADJ
unbridled	bridled	un-	V	ADJ
unbridled	unbridle	-ed	V	ADJ
uncanny	canny	un-	ADJ	ADJ
uncommitted	committed	un-	V	ADJ
unconscionable	conscionable	un-	ADJ	ADJ
unconscious	conscious	un-	ADJ	ADJ
uncooperative	cooperative	un-	ADJ	ADJ
uncouth	couth	un-	ADJ	ADJ
underbid	bid	under-	N	V
undercut	cut	under-	ADJ	N
underdog	dog	under-	N	N
undergird	gird	under-	V	V
underhanded	handed	under-	ADJ	ADJ
underling	under	-ling	U	N
underplay	play	under-	V	N
underrate	rate	under-	N	V
underscore	score	under-	N	N
understate	state	under-	N	V
understated	stated	under-	V	ADJ
understatement	statement	under-	N	N
understatement	understate	-ment	V	N
understudy	study	under-	N	V
underutilized	utilized	under-	ADJ	ADJ
underutilized	underutilize	-ed	V	V
underwrite	write	under-	V	V
undeserved	deserved	un-	ADJ	ADJ
undesirable	desirable	un-	ADJ	ADJ
undirected	directed	un-	ADJ	ADJ
undisputable	disputable	un-	ADJ	ADJ
undisputable	dispute	un-	N	ADJ
unearth	earth	un-	N	V
unearthly	earthly	un-	ADJ	ADJ
unenlightened	enlightened	un-	ADJ	ADJ
unexceptionable	exceptionable	un-	ADJ	ADJ
unexceptional	exceptional	un-	ADJ	ADJ
unfailing	failing	un-	V	ADJ
unfasten	fasten	un-	V	V
unfeigned	feigned	un-	ADJ	ADJ
unfold	fold	un-	V	V
unfounded	founded	un-	V	ADJ
ungainly	gainly	un-	ADJ	ADJ
ungainly	ungain	-ly	ADJ	ADJ
ungrudging	grudging	un-	ADJ	ADJ
unguarded	guarded	un-	V	ADJ
unidimensional	dimensional	uni-	ADJ	ADJ
unification	unify	-ification	V	N
unification	unify	-fication	V	N
unilateral	lateral	uni-	ADJ	ADJ
unimpassioned	impassioned	un-	ADJ	ADJ
unimpeachable	impeachable	un-	ADJ	ADJ
uninitiated	initiated	un-	V	ADJ
univocal	vocal	uni-	ADJ	ADJ
unjustified	justified	un-	ADJ	ADJ
unjustly	unjust	-ly	ADJ	ADV
unjustly	just	un-	ADV	ADV
unjustly	justly	un-	ADV	ADV
unkempt	kempt	un-	ADJ	ADJ
unleash	leash	un-	N	V
unmitigated	mitigated	un-	ADJ	ADJ
unmoved	moved	un-	ADJ	ADJ
unnoticed	noticed	un-	V	ADJ
unobtrusive	obtrusive	un-	ADJ	ADJ
unpalatable	palatable	un-	ADJ	ADJ
unpremeditated	premeditated	un-	V	ADJ
unprepossessing	prepossessing	un-	ADJ	ADJ
unpretentious	pretentious	un-	ADJ	ADJ
unprincipled	principled	un-	ADJ	ADJ
unproductive	productive	un-	ADJ	ADJ
unprovoked	provoked	un-	V	ADJ
unqualified	qualified	un-	ADJ	ADJ
unravel	ravel	un-	N	V
unregenerate	regenerate	un-	V	ADJ
unregulated	regulated	un-	V	ADJ
unremitting	remitting	un-	V	ADJ
unrepentant	repentant	un-	ADJ	ADJ
unrequited	requited	un-	V	ADJ
unreserved	reserved	un-	V	ADJ
unscathed	scathed	un-	V	ADJ
unscented	scented	un-	ADJ	ADJ
unscrupulous	scrupulous	un-	ADJ	ADJ
unscrupulousness	unscrupulous	-ness	ADJ	N
unseemly	seemly	un-	ADJ	ADJ
unsettle	settle	un-	V	V
unsound	sound	un-	N	ADJ
unspoiled	spoiled	un-	V	ADJ
unspotted	spotted	un-	ADJ	ADJ
unstinting	stinting	un-	V	ADJ
unsubstantiated	substantiated	un-	V	ADJ
untapped	tapped	un-	V	ADJ
unthreatening	threatening	un-	ADJ	ADJ
untimely	timely	un-	ADJ	ADJ
untold	told	un-	N	ADJ
untutored	tutored	un-	V	ADJ
unwarranted	warranted	un-	V	ADJ
unwieldy	wieldy	un-	ADJ	ADJ
unwitting	witting	un-	N	ADJ
unwonted	wonted	un-	ADJ	ADJ
unworldly	worldly	un-	ADJ	ADJ
unworldly	world	un-	N	ADJ
upbraid	braid	up-	V	V
upfront	front	up-	N	V
upgrade	grade	up-	N	N
upheaval	upheave	-al	V	N
uphold	hold	up-	N	V
upright	right	up-	ADJ	ADJ
uproarious	uproar	-ious	N	ADJ
uproarious	uproar	-ous	N	ADJ
upstage	stage	up-	N	N
upstart	start	up-	N	N
upsurge	surge	up-	ADJ	N
upsurge	surge	up-	ADJ	V
upswing	swing	up-	V	N
uptight	tight	up-	ADJ	ADJ
utilitarian	utility	-arian	N	ADJ
utilitarian	utility	-tarian	N	ADJ
utopian	utopia	-an	N	ADJ
vaccinate	vaccine	-ate	N	V
vagrancy	vagrant	-cy	N	N
validate	valid	-ate	ADJ	V
valorous	valor	-ous	N	ADJ
vandalism	vandal	-ism	N	N
vandalize	vandal	-ize	N	V
vanity	vain	-ity	ADJ	N
vaporization	vapor	-ization	N	N
vaporization	vaporize	-ation	V	N
vaporize	vapor	-ize	N	V
vaporous	vapour	-ous	N	ADJ
variance	variant	-ance	N	N
variance	vary	-ance	N	N
variegation	variegate	-ion	V	N
vengeance	venge	-ance	V	N
vengeful	venge	-ful	V	ADJ
ventriloquist	ventriloquy	-ist	N	N
vestigial	vestige	-ial	N	ADJ
vestigial	vestige	-al	N	ADJ
vestment	vest	-ment	N	N
vexation	vex	-ation	V	N
viability	viable	-ity	ADJ	N
viands	viand	-s	N	N
vibrancy	vibrant	-cy	ADJ	N
vicinity	vicine	-ity	N	N
vicious	vice	-ous	N	ADJ
vicious	vice	-ious	N	ADJ
vicissitudinous	vicissitude	-ous	N	ADJ
victimize	victim	-ize	N	V
vigilant	vigil	-ant	N	ADJ
vigorous	vigor	-ous	N	ADJ
vigorous	vigour	-ous	N	ADJ
vilify	vile	-ify	ADJ	V
villainous	villainy	-ous	N	ADJ
vindication	vindicate	-ion	V	N
viral	virus	-al	N	ADJ
virility	virile	-ity	ADJ	N
virtuosity	virtuoso	-ity	ADJ	N
virtuous	virtue	-ous	N	ADJ
visceral	viscera	-al	N	ADJ
visionary	vision	-ary	N	ADJ
visionary	vision	-ary	N	N
vitalize	vital	-ize	ADJ	V
vitriolic	vitriol	-ic	N	ADJ
vocalist	vocal	-ist	ADJ	N
voluminous	volume	-ous	N	ADJ
voracity	voracious	-ity	ADJ	N
waddle	wade	-le	V	N
waggish	wag	-ish	V	ADJ
wanton	towed	wan-	V	ADJ
warden	ward	-en	N	N
warranted	warrant	-ed	V	V
warranty	warrant	-y	N	N
wary	ware	-y	ADJ	ADJ
waspish	wasp	-ish	N	ADJ
wastrel	waste	-rel	N	N
waver	wave	-er	N	V
wearisome	weary	-some	ADJ	ADJ
welter	welt	-er	V	N
whimsical	whimsy	-ical	N	ADJ
whimsy	whim	-y	N	N
whittle	white	-le	ADJ	N
wholesome	whole	-some	ADJ	ADJ
willful	will	-ful	V	ADJ
willowy	willow	-y	N	ADJ
wily	wile	-y	N	ADJ
winding	wind	-ing	V	V
windy	wind	-y	N	ADJ
winsome	winne	-some	N	ADJ
withhold	hold	with-	N	V
withstand	stand	with-	V	V
witticism	witty	-icism	ADJ	N
witticism	witty	-ism	ADJ	N
wizardry	wizard	-ry	N	N
worship	worth	-ship	ADJ	N
wrangle	wring	-le	V	V
wrangler	wrangle	-er	N	N
wrath	wroth	-th	ADJ	N
wreckage	wreck	-age	N	N
wretched	wretch	-ed	N	ADJ
xenophobia	xenophobe	-ia	N	N
yielding	yield	-ing	V	V
yielding	yield	-ing	V	N
yielding	yield	-ing	V	ADJ
zealotry	zealot	-ry	N	N
zesty	zest	-y	N	ADJ
