# UniMorph eng 66e0e9e8e2dcd196da081a25a48e5c1fe3d8b49b | sha256 743fff8ddb3ff26ae413af1fa859806106ffff69628be4cb7ed4d34f677deed2 | pack toefl | entries 2067
abandoned	abandon	-ed	N	ADJ
abandonment	abandon	-ment	N	N
abashed	abash	-ed	V	ADJ
abbreviation	abbreviate	-ion	V	N
abduct	abduce	-t	V	V
abhorrent	abhor	-ent	V	ADJ
abide	bide	a-	V	V
abiding	abide	-ing	N	ADJ
abiding	abide	-ing	N	N
ablaze	blaze	a-	N	ADJ
abnormal	normal	ab-	ADJ	ADJ
aboard	board	a-	N	ADV
aboard	board	a-	N	N
abolition	abolish	-tion	V	N
abolitionist	abolition	-ist	N	ADJ
abolitionist	abolition	-ist	N	N
abortive	abort	-ive	N	ADJ
abrasion	abrade	-ion	V	N
abrasive	abrase	-ive	ADJ	ADJ
abrasive	abrasion	-ive	N	ADJ
absentee	absent	-ee	ADJ	N
absenteeism	absentee	-ism	N	N
absorbing	absorb	-ing	V	ADJ
abstinence	abstain	-ence	V	N
abstraction	abstract	-ion	N	N
abundance	abundant	-ce	ADJ	N
abundantly	abundant	-ly	ADJ	ADV
abut	butt	a-	N	V
academician	academic	-ian	ADJ	N
acceleration	accelerate	-ion	V	N
accessibility	accessible	-ity	ADJ	N
accessory	access	-ory	N	ADJ
accidental	accident	-al	N	ADJ
accidentally	accidental	-ly	ADJ	ADV
acclaimed	acclaim	-ed	N	ADJ
accommodating	accommodate	-ing	V	ADJ
accompaniment	accompany	-ment	V	N
accomplished	accomplish	-ed	V	ADJ
accredit	credit	ac-	N	V
accumulation	accumulate	-ion	V	N
accusation	accuse	-ation	V	N
accustomed	accustom	-ed	V	ADJ
acidic	acid	-ic	ADJ	ADJ
acidity	acid	-ity	ADJ	N
acoustical	acoustic	-al	ADJ	ADJ
acquaintance	acquaint	-ance	V	N
acquisitive	acquisition	-ive	N	ADJ
acquit	quit	a-	V	V
acrimonious	acrimony	-ous	N	ADJ
acting	act	-ing	N	ADJ
activate	active	-ate	ADJ	V
adaptable	adapt	-able	V	ADJ
adaptation	adapt	-ation	V	N
adaptive	adapt	-ive	V	ADJ
addicted	addict	-ed	ADJ	ADJ
addictive	addiction	-ive	N	ADJ
additive	addition	-ive	N	ADJ
adherence	adhere	-ence	V	N
adhesive	adhesion	-ive	N	ADJ
adjoining	adjoin	-ing	V	ADJ
admirable	admire	-able	V	ADJ
admiration	admire	-ation	V	N
admittedly	admitted	-ly	V	ADV
adornment	adorn	-ment	ADJ	N
adulteration	adulterate	-ion	V	N
advancement	advance	-ment	ADJ	N
adventurer	adventure	-er	N	N
adventurous	adventure	-ous	N	ADJ
adversely	adverse	-ly	ADJ	ADV
adversity	adverse	-ity	ADJ	N
advisable	advise	-able	V	ADJ
aerodynamics	dynamics	aero-	N	N
aerodynamics	aerodynamic	-s	ADJ	N
aesthetical	aesthetic	-al	ADJ	ADJ
aesthetical	aesthetics	-al	N	ADJ
affected	affect	-ed	N	ADJ
affectionate	affection	-ate	N	ADJ
affective	affect	-ive	V	ADJ
affinity	affine	-ity	ADJ	N
affliction	afflict	-ion	V	N
affluence	affluent	-ence	ADJ	N
affordable	afford	-able	V	ADJ
aggravating	aggravate	-ing	V	V
aggregation	aggregate	-ion	V	N
aggression	aggress	-ion	N	N
aggressiveness	aggressive	-ness	ADJ	N
aghast	ghast	a-	V	ADJ
agility	agile	-ity	ADJ	N
agitation	agitate	-tion	ADJ	N
agitation	agitate	-ion	ADJ	N
aglow	glow	a-	N	ADJ
agonize	agony	-ize	N	V
agreeable	agree	-able	V	ADJ
ailment	ail	-ment	N	N
airborne	air	-borne	N	ADJ
airsickness	airsick	-ness	ADJ	N
ajar	char	a-	V	ADV
ajar	jar	a-	N	ADV
akin	kin	a-	N	ADJ
alienate	alien	-ate	ADJ	ADJ
alight	light	a-	N	V
alignment	align	-ment	V	N
allusion	allude	-ion	V	N
aloft	loft	a-	N	ADV
alternately	alternate	-ly	ADJ	ADV
alternation	alternate	-ion	ADJ	N
aluminium	alumina	-ium	N	N
amass	mass	a-	N	V
amaze	maze	a-	N	V
amazement	amaze	-ment	V	N
ambience	ambient	-ence	ADJ	N
ambivalence	valence	ambi-	N	N
ambivalence	ambivalent	-ence	ADJ	N
amplification	amplify	-ification	V	N
amplify	ample	-ify	ADJ	V
analogous	analogy	-ous	N	ADJ
anarchist	anarchy	-ist	N	N
anecdotal	anecdote	-al	N	ADJ
anesthesia	aesthesia	an-	N	N
angular	angle	-ar	N	ADJ
animated	animate	-ed	ADJ	ADJ
announcer	announce	-er	V	N
annoying	annoy	-ing	V	ADJ
anomalous	anomaly	-ous	N	ADJ
antagonism	antagonise	-ism	V	N
antagonist	agonist	ant-	N	N
antagonist	antagonise	-t	V	N
antagonist	antagonise	-ist	V	N
antedate	date	ante-	N	V
antibiotic	biotic	anti-	ADJ	N
anticipation	anticipate	-ion	V	N
antiquate	antique	-ate	ADJ	V
antiquity	antique	-ity	ADJ	N
antiseptic	septic	anti-	ADJ	ADJ
antiseptic	antisepsis	-ic	N	ADJ
apathetic	apathy	-etic	N	ADJ
appealing	appeal	-ing	N	ADJ
appliance	apply	-ance	V	N
appraisal	appraise	-al	V	N
appreciable	appreciate	-able	V	ADJ
appropriation	appropriate	-ion	ADJ	N
aptitude	apt	-itude	ADJ	N
aptly	apt	-ly	ADJ	ADV
arbitration	arbitrate	-ion	V	N
arbitrator	arbitrate	-or	V	N
archaeological	archaeology	-ical	N	ADJ
architectural	architecture	-al	N	ADJ
armor	arm	-or	ADJ	N
armored	armor	-ed	N	ADJ
arms	arm	-s	N	N
aromatic	aroma	-ic	N	ADJ
arouse	rouse	a-	N	V
arrogance	arrogant	-ce	ADJ	N
ascending	ascend	-ing	V	V
ascribe	scribe	a-	N	V
aspiration	aspire	-ation	V	N
aspiration	aspirate	-ion	N	N
aspiring	aspire	-ing	V	ADJ
assassinate	assassin	-ate	N	V
assemblage	assemble	-age	V	N
assistantship	assistant	-ship	ADJ	N
assorted	assort	-ed	V	ADJ
assortment	assort	-ment	N	N
assuredly	assured	-ly	ADJ	ADV
asteroid	aster	-oid	N	N
astonish	stun	a-	V	V
astonished	astonish	-ed	V	ADJ
astonishing	astonish	-ing	V	ADJ
astounding	astound	-ing	V	ADJ
astronomical	astronomy	-ical	N	ADJ
asymmetrical	symmetrical	a-	ADJ	ADJ
asymmetrical	asymmetry	-ical	N	ADJ
atheist	atheism	-ist	N	N
atomic	atom	-ic	N	ADJ
atomization	atom	-ization	N	N
attached	attach	-ed	V	ADJ
attachment	attach	-ment	V	N
attainment	attain	-ment	V	N
attendant	attend	-ant	V	ADJ
audition	audit	-ion	N	N
auditorium	auditory	-ium	ADJ	N
auditorium	audit	-orium	N	N
auditory	auditor	-y	N	ADJ
auspicious	auspice	-ious	N	ADJ
austerity	austere	-ity	ADJ	N
authenticate	authentic	-ate	ADJ	V
authoritative	authority	-ative	N	ADJ
autobiographical	autobiography	-ical	N	ADJ
autobiographical	biographical	auto-	ADJ	ADJ
autobiography	biography	auto-	N	N
automotive	motive	auto-	N	ADJ
autonomous	autonomy	-ous	N	ADJ
avaricious	avarice	-ious	N	ADJ
aversion	averse	-ion	ADJ	N
aviation	aviate	-ion	V	N
aviator	aviate	-or	V	N
avocational	avocation	-al	N	ADJ
avoidable	avoid	-able	V	ADJ
avoidance	avoid	-ance	V	N
avouch	vouch	a-	V	V
avow	vow	a-	N	V
awkwardly	awkward	-ly	ADJ	ADV
baby-sitter	baby-sit	-er	V	N
backbone	bone	back-	N	N
backpack	pack	back-	N	N
backward	back	-ward	N	ADJ
badger	badge	-er	N	N
baggage	bag	-age	N	N
balanced	balance	-ed	N	V
balloonist	balloon	-ist	N	N
balmy	balm	-y	N	ADJ
banner	ban	-er	V	N
barrenness	barren	-ness	ADJ	N
bashful	abashed	-ful	ADJ	ADJ
bashful	abash	-ful	V	ADJ
batter	bat	-er	N	N
batter	batting	-er	N	N
becoming	become	-ing	V	V
bedeck	deck	be-	V	V
befuddle	fuddle	be-	V	V
befuddle	fundle	be-	V	V
beget	get	be-	V	V
begrudge	grudge	be-	N	V
beguile	guile	be-	N	V
belie	lie	be-	N	V
believer	believe	-er	V	N
belittle	little	be-	ADJ	V
bellows	bellow	-s	N	N
bent	bend	-t	V	V
berate	rate	be-	N	V
bereave	reave	be-	V	V
beset	set	be-	ADJ	V
besiege	siege	be-	N	V
bespeak	speak	be-	V	V
bestow	stow	be-	U	V
bestow	stow	be-	V	V
betoken	token	be-	V	V
betray	tray	be-	N	V
bewilder	intensifier	be-	N	V
bewilder	wilder	be-	V	V
bicameral	cameral	bi-	ADJ	ADJ
bidding	bid	-ing	V	N
bigoted	bigot	-ed	N	ADJ
bigotry	bigot	-ry	N	N
bilateral	lateral	bi-	ADJ	ADJ
biochemistry	chemistry	bio-	N	N
biochemistry	biochemist	-ry	N	N
biographer	biography	-er	N	N
biologist	biology	-ist	N	N
bipedal	biped	-al	N	ADJ
bitterness	bitter	-ness	N	N
blazing	blaze	-ing	N	ADJ
blessing	bless	-ing	V	N
blues	blue	-s	ADJ	N
blunder	blend	-er	N	N
boarder	board	-er	N	N
boastful	boast	-ful	N	ADJ
bodily	body	-ly	N	ADJ
bodily	body	-ly	N	ADV
bombastic	bombast	-ic	N	ADJ
bondage	bond	-age	N	N
boredom	bore	-dom	N	N
botanical	botany	-ical	N	ADJ
boundless	bound	-less	N	ADJ
brandish	brand	-ish	N	V
brawling	brawl	-ing	V	V
breathing	breathe	-ing	V	N
breathing	breath	-ing	N	V
breathless	breath	-less	N	ADJ
brighten	bright	-en	ADJ	V
brilliance	brilliant	-ance	ADJ	N
brilliance	brilliant	-ce	ADJ	N
brilliantly	brilliant	-ly	ADJ	ADV
briny	brine	-y	N	ADJ
briskness	brisk	-ness	ADJ	N
brittle	brit	-le	U	ADJ
broaden	broad	-en	ADJ	V
brownish	brown	-ish	N	ADJ
brutal	brute	-al	N	ADJ
buckle	buck	-le	N	V
buggy	bug	-y	N	N
bulky	bulk	-y	N	ADJ
bully	bull	-y	N	N
burdensome	burden	-some	N	ADJ
burnish	burn	-ish	N	V
buzzer	buzz	-er	V	N
by-product	product	by-	N	N
byword	word	by-	N	N
calculator	calculate	-or	V	N
calibration	calibrate	-ion	V	N
cancellation	cancel	-ation	N	N
cannibalism	cannibal	-ism	N	N
canny	can	-y	V	ADJ
canter	cant	-er	N	N
capacious	capacity	-ous	N	ADJ
captivate	captive	-ate	N	V
captivity	captive	-ity	N	N
careerism	career	-ism	N	N
careless	care	-less	N	ADJ
carelessly	careless	-ly	ADJ	ADV
carnivorous	carnivore	-ous	ADJ	ADJ
carver	carve	-er	N	N
carving	carve	-ing	N	N
casting	cast	-ing	V	V
casting	cast	-ing	V	N
catalyst	catalyse	-t	V	N
catching	catch	-ing	N	N
categorical	category	-ical	N	ADJ
categorize	category	-ize	N	V
cautious	caution	-ous	N	ADJ
cautiously	cautious	-ly	ADJ	ADV
ceaseless	cease	-less	V	ADJ
celebrated	celebrate	-ed	V	ADJ
cellist	cello	-ist	N	N
centigrade	grade	centi-	N	ADJ
ceramics	ceramic	-s	N	N
ceremonial	ceremony	-al	N	N
ceremonious	ceremony	-ous	N	ADJ
chaotic	chaos	-otic	N	ADJ
chary	care	-y	N	ADJ
chiefly	chief	-ly	N	ADV
chiefly	chief	-ly	N	ADJ
chill	will	ch-	V	V
chilly	chill	-y	ADJ	ADJ
chilly	chill	-y	ADJ	N
choppy	chop	-y	U	ADJ
choreographer	choreograph	-er	V	N
choreographic	choreography	-ic	N	ADJ
choreography	choreograph	-y	V	N
chronological	chronology	-ical	N	ADJ
chubby	chub	-y	N	ADJ
chuckle	chuck	-le	N	N
circuitous	circuit	-ous	N	ADJ
circumscribe	scribe	circum-	N	V
citizenship	citizen	-ship	N	N
civility	civil	-ity	ADJ	N
clamorous	clamor	-ous	N	ADJ
clarification	clarify	-ification	V	N
clarify	clarity	-fy	N	V
clarify	clarity	-ify	N	V
clergyman	clergy	-man	N	N
climatic	climate	-ic	N	ADJ
clockwise	clock	-wise	N	ADV
clockwise	clock	-wise	N	ADJ
clumsy	clumse	-y	N	ADJ
clutter	clot	-er	N	N
coalescence	coalesce	-ence	V	N
codify	code	-ify	N	V
codify	code	-fy	N	V
coexist	exist	co-	V	V
coherence	cohere	-ence	V	N
coherence	coherent	-ence	ADJ	N
cohesive	cohesion	-ive	N	ADJ
coinage	coin	-age	N	N
coincidence	coincide	-ence	V	N
coincidence	coincident	-ence	ADJ	N
coincident	incident	co-	N	ADJ
colloquial	colloquy	-al	N	ADJ
colloquialism	colloquial	-ism	ADJ	N
collusion	collude	-ion	V	N
colonize	colony	-ize	N	V
combustible	combust	-ible	V	ADJ
combustion	combust	-ion	V	N
cometary	comet	-ary	N	ADJ
comical	comic	-al	ADJ	ADJ
commentary	comment	-ary	N	N
commentator	comment	-ator	N	N
commercialize	commercial	-ize	ADJ	V
commingle	mingle	co-	V	V
commingle	mingle	com-	V	V
committed	commit	-ed	V	V
communal	commune	-al	N	ADJ
commuter	commute	-er	V	N
compaction	compact	-ion	N	N
comparative	compare	-ative	V	ADJ
comparatively	comparative	-ly	ADJ	ADV
compensatory	compensate	-ory	V	ADJ
competitiveness	competitive	-ness	ADJ	N
complacence	complacent	-ence	ADJ	N
complementary	complement	-ary	N	ADJ
complication	complicate	-ion	V	N
complicity	complicit	-ity	ADJ	N
complicity	complicit	-y	ADJ	N
complimentary	compliment	-ary	N	ADJ
composed	compose	-ed	V	ADJ
composure	compose	-ure	V	N
compressed	compress	-ed	V	ADJ
compression	compress	-ion	V	N
compulsive	compulsion	-ive	N	ADJ
computation	compute	-ation	V	N
concentric	concentre	-ic	V	ADJ
conceptual	concept	-al	N	ADJ
conceptual	concept	-ual	N	ADJ
conciliatory	conciliate	-ory	V	ADJ
conciseness	concise	-ness	ADJ	N
conclusive	conclude	-ive	V	ADJ
conclusive	conclusion	-ive	N	ADJ
concurrence	concurrent	-ence	ADJ	N
condemnation	condemn	-ation	V	N
condensation	condense	-ation	V	N
condenser	condense	-er	V	N
conductivity	conductive	-ity	ADJ	N
conductor	conduct	-or	N	N
confederacy	federacy	con-	N	N
confession	confess	-ion	V	N
configuration	configure	-ation	V	N
confinement	confine	-ment	V	N
confirmation	confirm	-ation	V	N
conflicting	conflict	-ing	N	ADJ
confluence	confluent	-ence	ADJ	N
conformity	conform	-ity	V	N
congenial	genial	con-	ADJ	ADJ
congested	congest	-ed	N	V
congestion	congest	-tion	V	N
congestion	congest	-ion	V	N
congratulation	congratulate	-ion	V	N
congratulation	gratulation	con-	N	N
congressman	congress	-man	N	N
congruity	congruent	-ity	ADJ	N
conjectural	conjecture	-al	N	ADJ
conjunction	conjunct	-ion	N	N
connivance	connive	-ance	V	N
consciously	conscious	-ly	ADJ	ADV
consequent	sequent	con-	ADJ	ADJ
conservationist	conservation	-ist	N	N
conservatism	conservative	-ism	ADJ	N
conservatory	conserve	-atory	V	ADJ
considerate	consider	-ate	V	ADJ
consistency	consistence	-y	N	N
consternation	consternate	-ion	V	N
contagious	contagion	-ous	N	ADJ
contamination	contaminate	-ion	V	N
contemptible	contempt	-ible	N	ADJ
contemptuous	contempt	-uous	N	ADJ
contender	contend	-er	V	N
contented	content	-ed	ADJ	ADJ
continence	continent	-ence	ADJ	N
continual	continue	-al	N	ADJ
continually	continual	-ly	ADJ	ADV
continuation	continue	-ation	N	N
continuity	continuous	-ity	ADJ	N
contraction	contract	-ion	N	N
contradictory	contradict	-ory	V	ADJ
convection	convect	-ion	V	N
convenience	convenient	-ence	ADJ	N
conventionally	conventional	-ly	ADJ	ADV
converge	verge	con-	V	V
conversant	converse	-ant	V	ADJ
conversational	conversation	-al	N	ADJ
converter	convert	-er	N	U
converter	convert	-er	N	N
conveyance	convey	-ance	V	N
convincing	convince	-ing	V	ADJ
coordination	coordinate	-ion	N	N
corresponding	correspond	-ing	V	ADJ
corrosion	corrode	-ion	V	N
corrosive	corrosion	-ive	N	ADJ
cosmic	cosmos	-ic	N	ADJ
cosmopolitan	cosmopolite	-an	N	ADJ
counteract	act	counter-	V	N
counterbalance	balance	counter-	N	N
counterclockwise	clockwise	counter-	ADJ	ADJ
countless	count	-less	N	ADJ
courteously	courteous	-ly	ADJ	ADV
courtly	court	-ly	N	ADJ
courtly	court	-ly	N	ADV
courtship	court	-ship	N	N
covetous	covet	-ous	V	ADJ
crafty	craft	-y	N	ADJ
cramped	cramp	-ed	N	V
cranial	cranium	-al	N	ADJ
cripple	creep	-le	V	ADJ
crooked	crook	-ed	N	V
crooked	crook	-ed	N	ADJ
crosscut	cut	cross-	V	N
crossing	cross	-ing	N	N
crumble	crumb	-le	N	V
crumple	crump	-le	N	N
crystalline	crystal	-ine	N	ADJ
crystallization	crystal	-ization	N	N
crystallization	crystallize	-ation	V	N
crystallize	crystal	-ize	N	V
cubic	cube	-ic	N	ADJ
culmination	culminate	-ion	V	N
culmination	culminate	-tion	V	N
cultivation	cultivate	-ion	V	N
cumbersome	cumber	-some	V	ADJ
cunning	con	-ing	V	ADJ
cunning	con	-ing	V	N
curator	curate	-or	N	N
curiosity	curious	-ity	ADJ	N
custodian	custody	-ian	N	N
customarily	customary	-ly	ADJ	ADV
cynical	cynic	-al	N	ADJ
dampen	damp	-en	ADJ	V
daring	dare	-ing	V	ADJ
daunting	daunt	-ing	V	ADJ
dauntless	daunt	-less	V	ADJ
dazzle	daze	-le	V	V
dazzling	dazzle	-ing	N	V
debatable	debate	-able	N	ADJ
debtor	debt	-or	N	N
decadence	decadent	-ence	N	N
deceitful	deceit	-ful	N	ADJ
deception	deceive	-ion	V	N
deceptive	deception	-ive	N	ADJ
decompose	compose	de-	V	V
decomposition	composition	de-	N	N
decomposition	decompose	-ition	V	N
decomposition	decompose	-tion	V	N
decoration	decorate	-ion	ADJ	N
decoration	decor	-ation	N	N
decorative	decorate	-ive	ADJ	ADJ
defame	fame	de-	N	V
defection	defect	-ion	N	N
defective	defect	-ive	N	ADJ
deference	defer	-ence	V	N
deferential	deference	-ial	N	ADJ
deficiency	deficit	-ency	N	N
deficiency	deficient	-cy	ADJ	N
defile	file	de-	N	V
definitive	definition	-ive	N	ADJ
deform	form	de-	N	V
deformation	deform	-ation	V	N
defraud	fraud	de-	N	V
defrost	frost	de-	ADJ	V
degradation	degrade	-ation	V	N
dehydrate	hydrate	de-	N	V
dehydration	hydration	de-	N	N
dehydration	dehydrate	-ion	V	N
dejected	deject	-ed	V	ADJ
delineation	delineate	-ion	V	N
demagnetize	magnetize	de-	V	V
demobilize	mobilize	de-	V	V
demolition	demolish	-tion	V	N
dentistry	dentist	-ry	N	N
deodorizer	deodorize	-er	V	N
dependable	depend	-able	V	ADJ
dependence	depend	-ence	V	N
dependence	dependent	-ence	ADJ	N
deposition	depose	-ition	V	N
deposition	depose	-tion	V	N
depositor	deposit	-or	N	N
depreciation	depreciate	-ion	V	N
depress	press	de-	N	V
deprivation	deprive	-ation	V	N
deprivation	privation	de-	N	N
derivative	derivation	-ive	N	ADJ
desalination	salination	de-	N	N
desalination	desalinate	-ion	V	N
descendant	descend	-ant	V	N
deserted	desert	-ed	N	V
designing	design	-ing	N	V
desirous	desire	-ous	N	ADJ
despoiler	despoil	-er	V	N
destiny	destine	-y	V	N
destructive	destruct	-ive	V	ADJ
detectable	detect	-able	V	ADJ
determinant	determine	-ant	V	N
deterrent	deter	-ent	V	ADJ
dethrone	throne	de-	N	V
detraction	detract	-ion	V	N
detrimental	detriment	-al	N	ADJ
devastating	devastation	-ing	N	ADJ
devastation	devastate	-ion	V	N
devious	deviate	-ous	N	ADJ
devoid	void	de-	ADJ	ADJ
devoted	devote	-ed	ADJ	V
devotion	devote	-ion	ADJ	N
diagonally	diagonal	-ly	ADJ	ADV
dietary	diet	-ary	N	ADJ
dieter	diet	-er	N	N
differentiate	differential	-ate	ADJ	V
diffusion	diffuse	-ion	ADJ	N
digestion	digest	-ion	V	N
digestive	digest	-ive	V	ADJ
dignified	dignify	-ed	N	ADJ
dignify	dignity	-fy	N	V
dignify	dignity	-ify	N	V
digression	digress	-ion	V	N
diligently	diligent	-ly	N	ADV
dilution	dilute	-ion	V	N
dimensional	dimension	-al	N	ADJ
dimly	dim	-ly	ADJ	ADV
dingy	dung	-y	N	ADJ
dioxide	oxide	di-	N	N
diplomacy	diplomat	-cy	N	N
disagreeable	agreeable	dis-	ADJ	ADJ
disagreeable	disagree	-able	V	ADJ
disallow	allow	dis-	V	V
disapproval	approval	dis-	N	N
disapproval	disapprove	-al	V	N
disarm	arm	dis-	N	V
disarrange	arrange	dis-	V	V
disarray	array	dis-	N	V
disastrous	disaster	-ous	N	ADJ
disband	band	dis-	N	V
disburse	burse	dis-	N	V
discard	card	dis-	N	V
discernible	discern	-ible	V	ADJ
discernible	discern	-able	V	ADJ
discerning	discern	-ing	V	V
disciplined	discipline	-ed	N	ADJ
discomfort	comfort	dis-	N	N
discompose	compose	dis-	V	V
disconnect	connect	dis-	V	V
discontent	content	dis-	N	N
discontented	contented	dis-	V	ADJ
discriminate	criminate	dis-	V	V
disgusted	disgust	-ed	N	ADJ
disillusion	illusion	dis-	N	V
disintegrate	integrate	dis-	V	V
disinterested	interested	dis-	ADJ	ADJ
disinterested	disinterest	-ed	N	ADJ
dismember	member	dis-	N	V
disown	own	dis-	V	V
dispensable	dispense	-able	V	ADJ
dispersal	disperse	-al	V	N
displacement	displace	-ment	V	N
disposition	dispose	-ition	V	N
disposition	dispose	-tion	V	N
disproportionate	proportionate	dis-	ADJ	ADJ
disproportionate	disproportion	-ate	N	ADJ
disprove	prove	dis-	V	V
disregard	regard	dis-	N	N
disregard	regard	dis-	N	V
disreputable	reputable	dis-	ADJ	ADJ
disrepute	repute	dis-	N	N
disrepute	repute	dis-	N	V
disrespect	respect	dis-	V	N
disrespectful	respectful	dis-	ADJ	ADJ
disrespectful	disrespect	-ful	N	ADJ
dissenter	dissent	-er	V	N
dissimilar	similar	dis-	ADJ	ADJ
dissonance	dissonant	-ce	ADJ	N
distasteful	tasteful	dis-	ADJ	ADJ
distasteful	distaste	-ful	N	ADJ
distillation	distill	-ation	V	N
distinctively	distinctive	-ly	ADJ	ADV
distinctly	distinct	-ly	ADJ	ADV
distinguished	distinguish	-ed	V	ADJ
distortion	distort	-ion	V	N
disunite	unite	dis-	V	V
diver	dive	-er	ADJ	N
diverge	verge	di-	V	V
divergence	diverge	-ence	V	N
divergence	divergent	-ence	ADJ	N
diversification	diverse	-ification	ADJ	N
diversification	diversify	-ification	V	N
diversified	diversify	-ed	V	V
diversify	diversity	-fy	N	V
diversify	diversity	-ify	N	V
diversion	diverse	-ion	ADJ	N
dizziness	dizzy	-ness	ADJ	N
dizzying	dizzy	-ing	ADJ	ADJ
documentation	document	-ation	N	N
dogged	dog	-ed	N	ADJ
dogged	dog	-ed	N	V
dogmatic	dogma	-ic	N	ADJ
doleful	dole	-ful	V	ADJ
dolorous	dolor	-ous	N	ADJ
domesticate	domestic	-ate	ADJ	V
domesticated	domesticate	-ed	V	V
dormant	dorm	-ant	N	ADJ
dorsal	dorsum	-al	N	ADJ
doubtful	doubt	-ful	N	ADJ
downcast	cast	down-	V	ADJ
drainage	drain	-age	N	N
dramatize	drama	-ize	N	V
dramatize	dramatic	-ize	ADJ	V
dreadful	dread	-ful	N	ADJ
dreadfully	dreadful	-ly	ADJ	ADV
dreary	drear	-y	ADJ	ADJ
droplet	drop	-let	N	N
drowsy	drowse	-y	V	ADJ
drudgery	drudge	-ery	N	N
drudgery	drudge	-ry	N	N
dues	due	-s	ADJ	N
dusky	dusk	-y	N	ADJ
dweller	dwell	-er	V	N
dwelling	dwell	-ing	V	V
dwelling	dwell	-ing	V	N
dwindle	dwine	-le	V	V
earnest	earn	-est	V	V
earthenware	earthen	-ware	ADJ	N
eccentricity	eccentric	-ity	ADJ	N
eclecticism	eclectic	-ism	ADJ	N
ecologist	ecology	-ist	N	N
economical	economic	-al	ADJ	ADJ
economize	economy	-ize	ADJ	V
economize	economic	-ize	ADJ	V
ecosystem	system	eco-	N	N
educable	educate	-able	V	ADJ
educated	educate	-ed	V	ADJ
egoism	ego	-ism	N	N
elaborately	elaborate	-ly	ADJ	ADV
elasticity	elastic	-ity	ADJ	N
elation	elate	-ion	ADJ	N
electromagnetic	magnetic	electro-	ADJ	ADJ
electromagnetic	electromagnet	-ic	N	ADJ
elegance	elegant	-ce	ADJ	N
elevation	elevate	-ion	V	N
elimination	eliminate	-tion	V	N
elimination	eliminate	-ion	V	N
elliptical	elliptic	-al	ADJ	ADJ
eloquence	eloquent	-ence	ADJ	N
elusive	elude	-ive	V	ADJ
emaciated	emaciate	-ed	V	ADJ
emancipation	emancipate	-tion	V	N
emancipation	emancipate	-ion	V	N
embalm	balm	em-	N	V
embed	bed	en-	N	V
embed	bed	em-	N	V
embellishment	embellish	-ment	V	N
embitter	bitter	en-	ADJ	V
embody	body	em-	N	V
embosom	bosom	em-	N	V
emboss	boss	em-	N	V
embroider	broider	em-	V	V
embroidery	embroider	-y	V	N
embryonic	embryo	-ic	N	ADJ
emergence	emerge	-ence	V	N
emergence	emergent	-ence	ADJ	N
emigrant	emigrate	-ant	V	N
emigrate	emigre	-ate	N	V
eminence	eminent	-ence	ADJ	N
emphatic	emphasis	-ic	N	ADJ
empower	power	en-	N	V
empower	power	em-	N	V
enact	act	en-	V	V
enactment	enact	-ment	V	N
encase	case	en-	N	V
enclosure	enclose	-ure	V	N
encompass	compass	en-	N	V
endanger	danger	en-	N	V
endangered	endanger	-ed	V	ADJ
endlessly	endless	-ly	ADJ	ADV
endotoxin	toxin	endo-	N	N
endowment	endow	-ment	V	N
endurance	endure	-ance	V	N
enduring	endure	-ing	V	ADJ
energetic	energy	-etic	N	ADJ
energize	energy	-ize	N	V
engaging	engage	-ing	V	ADJ
engender	gender	en-	N	V
engrave	grave	en-	N	V
engraving	engrave	-ing	V	N
engulf	gulf	en-	N	V
enigmatic	enigma	-ic	N	ADJ
enlighten	light	-en	ADJ	V
enlightenment	enlighten	-ment	V	N
enlist	list	en-	V	V
enormity	enormous	-ity	ADJ	N
enrage	rage	en-	N	V
enrapture	rapture	en-	N	V
enrich	rich	en-	N	V
enslave	slave	en-	ADJ	V
entail	tail	en-	N	V
entangle	tangle	en-	V	V
entanglement	entangle	-ment	V	N
enterprising	enterprise	-ing	N	ADJ
entertainer	entertain	-er	V	N
enthrall	thrall	en-	N	V
enthusiastically	enthusiastic	-ally	ADJ	ADV
entrap	trap	en-	N	V
epidemic	demic	epi-	ADJ	N
epidermis	dermis	epi-	N	N
equate	equal	-ate	ADJ	V
equator	equation	-or	N	N
erratically	erratic	-ally	ADJ	ADV
eruption	erupt	-ion	V	N
escapist	escape	-ist	N	ADJ
ethically	ethical	-ly	ADJ	ADV
eulogy	logia	eu-	N	N
euphonious	euphony	-ous	N	ADJ
evaporation	evaporate	-ion	V	N
evasion	evade	-ion	V	N
evasive	evade	-ive	V	ADJ
evenly	even	-ly	ADJ	ADV
eventful	event	-ful	N	ADJ
eventual	event	-ual	N	ADJ
evergreen	green	ever-	ADJ	ADJ
evolutionary	evolution	-ary	N	ADJ
exacting	exact	-ing	V	ADJ
exaggeration	exaggerate	-ion	V	N
excavation	excavate	-ion	V	N
exceptionally	exceptional	-ly	ADJ	ADV
excitable	excite	-able	V	ADJ
exemplary	exemplar	-y	N	ADJ
exemption	exempt	-ion	ADJ	N
exertion	exert	-ion	V	N
exhausted	exhaust	-ed	N	ADJ
exhausting	exhaust	-ing	N	ADJ
exhaustion	exhaust	-ion	N	N
exhaustive	exhaust	-ive	N	ADJ
exhilarating	exhilarate	-ing	V	V
expansive	expanse	-ive	N	ADJ
expeditious	expedite	-ous	V	ADJ
expeditious	expedition	-ous	N	ADJ
exploitation	exploit	-ation	N	N
explorer	explore	-er	V	N
explosive	explosion	-ive	N	ADJ
exponential	exponent	-ial	N	N
exposition	expose	-ition	V	N
exposition	expose	-tion	V	N
expressive	express	-ive	V	ADJ
expressly	express	-ly	V	ADV
exterminate	terminate	ex-	V	V
extinction	extinct	-ion	ADJ	N
extremity	extreme	-ity	ADJ	N
exultant	exult	-ant	V	ADJ
facilitation	facilitate	-ion	V	N
factious	faction	-ous	N	ADJ
factual	fact	-al	N	ADJ
factual	fact	-ual	N	ADJ
faithful	faith	-ful	N	ADJ
faithfulness	faithful	-ness	ADJ	N
falconer	falcon	-er	N	N
fallacious	fallacy	-ous	N	ADJ
fallible	fall	-ible	N	ADJ
familiarize	familiar	-ize	ADJ	V
fanatical	fanatic	-al	ADJ	ADJ
fanaticism	fanatic	-ism	ADJ	N
fanciful	fancy	-ful	N	ADJ
fascination	fascinate	-ion	V	N
fashionable	fashion	-able	N	ADJ
fasten	fast	-en	N	V
fatalism	fatal	-ism	ADJ	N
fateful	fate	-ful	N	ADJ
fatuous	fatuity	-ous	N	ADJ
favorable	favor	-able	N	ADJ
favored	favor	-ed	V	ADJ
fealty	feal	-ty	ADJ	N
fecundity	fecund	-ity	ADJ	N
feeder	feed	-er	V	N
feminist	feminism	-ist	N	ADJ
fencing	fence	-ing	N	V
fender	fend	-er	V	N
fermentation	ferment	-ation	N	N
ferromagnetic	magnetic	ferro-	ADJ	ADJ
ferromagnetic	ferromagnet	-ic	N	ADJ
fertilize	fertile	-ize	ADJ	V
fertilizer	fertilize	-er	V	N
festive	feast	-ive	N	ADJ
feud	foe	-d	ADJ	U
feudal	feud	-al	N	ADJ
feverish	fever	-ish	N	ADJ
fickle	fike	-le	V	ADJ
fictional	fiction	-al	N	ADJ
figurehead	figure	-head	N	N
filthy	filth	-y	N	ADJ
fireproof	fire	-proof	N	ADJ
fishy	fish	-y	N	N
fitful	fit	-ful	ADJ	ADJ
fitting	fit	-ing	ADJ	V
fittingly	fitting	-ly	N	ADV
fittingly	fitting	-ly	N	V
fixture	fix	-ture	N	N
flabby	flap	-y	N	ADJ
flashy	flash	-y	N	ADJ
flatter	flat	-er	V	ADJ
flatter	flat	-er	V	N
flattering	flatter	-ing	V	ADJ
fleeting	fleet	-ing	N	ADJ
flicker	flick	-er	N	N
flickering	flicker	-ing	N	ADJ
flighty	flight	-y	N	ADJ
fluctuation	fluctuate	-ion	V	N
fluctuation	fluctuate	-tion	V	N
fluffy	fluff	-y	N	ADJ
foggy	fog	-y	N	ADJ
foolish	fool	-ish	N	ADJ
forbid	bid	for-	V	V
forcible	force	-ible	N	ADJ
forefather	father	fore-	N	N
forefront	front	fore-	N	N
foremost	fore	-most	N	ADJ
forerunner	runner	fore-	N	N
foresee	see	fore-	N	V
foreshadow	shadow	fore-	V	V
foresight	sight	fore-	N	N
forestall	stall	fore-	V	V
forestall	stall	fore-	V	U
foretell	tell	fore-	V	V
forlorn	lorn	for-	ADJ	ADJ
forsake	sake	for-	N	V
forthright	right	forth-	ADJ	ADJ
fortify	fort	-ify	N	V
fortuitous	fortuity	-ous	N	ADJ
fortuitously	fortuitous	-ly	ADJ	ADV
fortunate	fortune	-ate	N	ADJ
fossilize	fossil	-ize	ADJ	V
fractious	fraction	-ous	N	ADJ
fragility	fragile	-ity	ADJ	N
fragmentary	fragment	-ary	N	ADJ
fragrance	fragrant	-ce	ADJ	N
freight	aught	for-	N	N
freighter	freight	-er	N	N
freshly	fresh	-ly	ADJ	ADV
freshness	fresh	-ness	ADJ	N
fret	eat	for-	V	V
frightening	frighten	-ing	V	ADJ
frisky	frisk	-y	ADJ	ADJ
frivolity	frivol	-ity	N	N
frugality	frugal	-ity	ADJ	N
fruitful	fruit	-ful	N	ADJ
fruitfulness	fruitful	-ness	ADJ	N
fruition	fruit	-ion	N	N
fruitless	fruit	-less	N	ADJ
fruitlessly	fruitless	-ly	ADJ	ADV
frustrating	frustrate	-ing	V	ADJ
furious	fury	-ous	N	ADJ
furnishing	furnish	-ing	V	V
furry	fur	-y	N	ADJ
fusion	fuse	-ion	N	N
fussy	fuss	-y	N	ADJ
gabble	gab	-le	N	V
gainful	gain	-ful	N	ADJ
gainsay	say	gain-	V	V
gallantry	gallant	-ry	ADJ	N
galvanization	galvanize	-ation	V	N
gangster	gang	-ster	N	N
gaseous	gas	-eous	N	ADJ
generalization	general	-ization	ADJ	N
generalization	generalize	-ation	V	N
generalize	general	-ize	ADJ	V
genetically	genetic	-ally	ADJ	ADV
genetics	genetic	-s	ADJ	N
geographic	geography	-ic	N	ADJ
geologic	geology	-ic	N	ADJ
geomagnetic	magnetic	geo-	ADJ	ADJ
geometric	geometry	-ic	N	ADJ
geometry	geometer	-y	N	N
gilding	gild	-ing	V	N
girdle	gird	-le	V	N
girdle	gird	-le	V	V
glamorous	glamour	-ous	N	ADJ
glamorous	glamor	-ous	N	ADJ
glaring	glare	-ing	N	ADJ
glassware	glass	-ware	N	N
glassy	glass	-y	N	ADJ
glider	glide	-er	N	N
gloomy	gloom	-y	N	ADJ
glorify	glory	-fy	N	V
glorious	glory	-ous	N	ADJ
glossary	gloss	-ary	N	N
glossy	gloss	-y	N	ADJ
graceful	grace	-ful	N	ADJ
gracious	grace	-ious	N	ADJ
gravitation	gravity	-ation	N	N
gravitation	gravitate	-ion	V	N
gravitational	gravitation	-al	N	ADJ
greasy	grease	-y	N	ADJ
greedy	greed	-y	N	ADJ
grievance	grieve	-ance	V	N
grouchy	grouch	-y	N	ADJ
grumpy	grump	-y	N	ADJ
guileless	guile	-less	N	ADJ
gusty	gust	-y	N	ADJ
gymnastics	gymnast	-ics	N	N
gyration	gyrate	-ion	V	N
hackneyed	hackney	-ed	N	ADJ
haggle	hack	-le	V	V
hamburger	hamburg	-er	N	N
hammer	west ham	-er	N	N
handedness	handed	-ness	ADJ	N
handy	hand	-y	N	ADJ
handy	hand	-y	N	N
harden	hard	-en	ADJ	V
hardness	hard	-ness	ADV	N
hardship	hard	-ship	ADV	N
hardy	hard	-y	ADV	ADJ
harmful	harm	-ful	N	ADJ
harmless	harm	-less	N	ADJ
harmonic	harmony	-ic	N	ADJ
harmonious	harmony	-ous	N	ADJ
harmonize	harmony	-ize	N	V
harshness	harsh	-ness	ADJ	N
hasten	haste	-en	N	V
hasty	haste	-y	N	ADJ
hatchery	hatch	-ery	N	N
hatchling	hatch	-ling	V	N
hatred	hate	-red	V	N
hazardous	hazard	-ous	N	ADJ
hazy	haze	-y	N	ADJ
healing	heal	-ing	V	N
healing	heal	-ing	V	V
healthful	health	-ful	N	ADJ
heavenly	heaven	-ly	N	ADJ
heedless	heed	-less	N	ADJ
heighten	height	-en	N	V
helper	help	-er	V	N
helpless	help	-less	V	ADJ
hemisphere	sphere	hemi-	N	N
herculean	hercules	-an	N	ADJ
herder	herd	-er	N	N
heroism	hero	-ism	N	N
hibernate	hibernal	-ate	ADJ	V
hibernation	hibernate	-ion	V	N
hilarity	hilarious	-ity	ADJ	N
hilly	hill	-y	N	ADJ
homogenize	homogeneous	-ize	ADJ	V
horned	horn	-ed	N	ADJ
hover	hove	-er	V	V
hovercraft	hover	-craft	N	N
huddle	hide	-le	V	N
humanist	human	-ist	ADJ	N
humanistic	humanist	-ic	N	ADJ
humanitarian	humanity	-arian	N	ADJ
humble	hum	-le	N	V
humidity	humid	-ity	ADJ	N
humility	humble	-ity	ADJ	N
humorous	humor	-ous	N	ADJ
husbandry	husband	-ry	N	N
hypersensitive	sensitive	hyper-	ADJ	ADJ
hypothesize	hypothesis	-ize	N	V
icicle	ice	-cle	N	N
identifiable	identify	-able	V	ADJ
identifiable	identify	-able	V	ADV
idiocy	idiot	-cy	N	N
idiomatic	idiom	-atic	N	ADJ
idiotic	idiot	-ic	N	ADJ
idyllic	idyll	-ic	N	ADJ
ignominious	ignominy	-ious	N	ADJ
ignominious	ignominy	-ous	N	ADJ
ignorance	ignore	-ance	V	N
ignorant	ignore	-ant	V	ADJ
illegible	legible	in-	ADJ	ADJ
illegible	legible	il-	ADJ	ADJ
illegitimate	legitimate	in-	ADJ	ADJ
illegitimate	legitimate	il-	ADJ	ADJ
illiterate	literate	il-	ADJ	ADJ
illumination	illuminate	-ion	V	N
illusive	illusion	-ive	N	ADJ
imagery	image	-ry	N	N
imagery	image	-ery	N	N
imaginary	imagine	-ary	V	ADJ
imaginative	imagination	-ive	N	ADJ
imbalance	balance	in-	N	N
imbalance	balance	im-	N	N
imitation	imitate	-ion	V	N
immigrate	migrate	im-	V	V
immobile	mobile	im-	ADJ	ADJ
immobility	immobile	-ity	ADJ	N
immobility	mobility	im-	N	N
immobilize	immobile	-ize	ADJ	V
immodesty	immodest	-y	ADJ	N
immortal	mortal	im-	N	ADJ
immunity	immune	-ity	ADJ	N
impartial	partial	in-	ADJ	ADJ
impartial	partial	im-	ADJ	ADJ
impartial	impart	-ial	V	ADJ
impartially	impartial	-ly	ADJ	ADV
impassioned	impassion	-ed	V	ADJ
impassive	passive	im-	ADJ	ADJ
impending	impend	-ing	V	ADJ
impending	impend	-ing	V	N
impermeable	permeable	im-	ADJ	ADJ
impersonate	impersonal	-ate	ADJ	V
impersonation	impersonate	-ion	V	N
impertinent	pertinent	im-	ADJ	ADJ
impious	pious	im-	ADJ	ADJ
imposing	impose	-ing	V	V
impotence	impotent	-ence	N	N
impracticality	impractical	-ity	ADJ	N
imprint	print	im-	N	N
improbable	probable	in-	ADJ	ADJ
improbable	probable	im-	ADJ	ADJ
impropriety	propriety	im-	N	N
improvident	provident	in-	ADJ	ADJ
improvident	provident	im-	ADJ	ADJ
improviser	improvise	-er	V	N
imprudent	prudent	im-	ADJ	ADJ
impulsive	impulse	-ive	V	ADJ
impure	pure	im-	ADJ	ADJ
impurity	impure	-ity	ADJ	N
impurity	purity	im-	N	N
inability	ability	in-	N	N
inaccessible	accessible	in-	ADJ	ADJ
inactivate	inactive	-ate	ADJ	V
inanimate	animate	in-	ADJ	ADJ
inappropriate	appropriate	in-	ADJ	ADJ
inborn	born	in-	ADJ	ADJ
incapacitate	incapacity	-ate	N	V
incapacitate	capacitate	in-	V	V
incense	cense	in-	V	N
incidentally	incidental	-ly	ADJ	ADV
incisive	incise	-ive	V	ADJ
inclination	incline	-ation	V	N
inclined	incline	-ed	V	ADJ
incoherent	coherent	in-	ADJ	ADJ
incompatible	compatible	in-	ADJ	ADJ
incompetent	competent	in-	ADJ	ADJ
incomprehensible	comprehensible	in-	ADJ	ADJ
inconceivable	conceivable	in-	ADJ	ADJ
inconclusive	conclusive	in-	ADJ	ADJ
incongruity	incongruous	-ity	ADJ	N
inconvenient	convenient	in-	ADJ	ADJ
incorporation	incorporate	-ion	V	N
incorruptible	corruptible	in-	ADJ	ADJ
incredulity	incredulous	-ity	ADJ	N
incredulity	credulity	in-	N	N
incriminate	criminate	in-	V	V
indecent	decent	in-	ADJ	ADJ
indefinite	definite	in-	ADJ	ADJ
indefinitely	indefinite	-ly	ADJ	ADV
indefinitely	definitely	in-	ADV	ADV
indemnify	indemn	-ify	ADJ	V
indemnity	indemn	-ity	ADJ	N
indent	dent	in-	N	N
indicative	indicate	-ive	V	ADJ
indictment	indict	-ment	N	N
indifference	indifferent	-ence	ADJ	N
indifferent	different	in-	ADJ	ADJ
indignity	indign	-ity	ADJ	N
indignity	dignity	in-	N	N
indiscriminately	indiscriminate	-ly	ADJ	ADV
indiscrimination	discrimination	in-	N	N
indispensable	dispensable	in-	ADJ	ADJ
individualism	individual	-ism	ADJ	N
inducible	induce	-ible	V	ADJ
industrialization	industrialize	-ation	V	N
inelastic	elastic	in-	ADJ	ADJ
ineligible	eligible	in-	ADJ	ADJ
inextricably	inextricable	-ly	ADJ	ADV
infallible	fallible	in-	ADJ	ADJ
infamous	famous	in-	ADJ	ADJ
infancy	infant	-cy	N	N
infectious	infect	-ious	ADJ	ADJ
infectious	infection	-ous	N	ADJ
inferiority	inferior	-ity	ADJ	U
inferiority	inferior	-ity	ADJ	N
infertile	fertile	in-	ADJ	ADJ
infirmary	infirm	-ary	ADJ	N
infirmity	infirm	-ity	ADJ	N
inflexible	flexible	in-	ADJ	ADJ
informative	inform	-ative	V	ADJ
informed	inform	-ed	V	V
informed	formed	in-	V	ADJ
infusion	infuse	-ion	V	N
ingeniously	ingenious	-ly	ADJ	ADV
inheritance	inherit	-ance	V	N
injurious	injury	-ous	N	ADJ
injustice	justice	in-	N	N
inkling	inkle	-ing	N	N
inkling	inkle	-ing	N	V
inland	land	in-	N	ADJ
innermost	inner	-most	ADJ	ADJ
innumerable	numerable	in-	ADJ	ADJ
inoffensive	offensive	in-	N	ADJ
inordinate	ordinate	in-	N	ADJ
inquisitive	inquisitor	-ive	N	ADJ
insane	sane	in-	ADJ	ADJ
insanity	insane	-ity	ADJ	N
insanity	sanity	in-	N	N
insignificant	significant	in-	ADJ	ADJ
insistence	insist	-ence	V	N
insistence	insistent	-ce	V	N
installment	install	-ment	V	N
instinctive	instinct	-ive	N	ADJ
instinctively	instinctive	-ly	ADJ	ADV
institutionalize	institutional	-ize	ADJ	V
instructive	instruct	-ive	V	ADJ
instrumental	instrument	-al	N	ADJ
instrumentalist	instrumental	-ist	ADJ	N
insubordinate	subordinate	in-	ADJ	ADJ
insufferable	sufferable	in-	ADJ	ADJ
insufficient	sufficient	in-	ADJ	ADJ
insulation	insulate	-ion	V	N
insurmountable	surmountable	in-	ADJ	ADJ
integral	integer	-al	N	ADJ
intensify	intense	-ify	ADJ	V
intentionally	intentional	-ly	ADJ	ADV
interactive	active	inter-	ADJ	ADJ
interactive	interact	-ive	V	ADJ
interdependence	dependence	inter-	N	N
interdependence	interdependent	-ence	ADJ	N
interdependent	dependent	inter-	ADJ	ADJ
interference	interfere	-ence	V	N
interpersonal	personal	inter-	ADJ	ADJ
intersection	intersect	-ion	V	N
interstellar	stellar	inter-	ADJ	ADJ
intimacy	intimate	-cy	ADJ	N
intimidation	intimidate	-ion	V	N
intoxication	intoxicate	-ion	V	N
intricately	intricate	-ly	ADJ	ADV
intriguing	intrigue	-ing	N	ADJ
introspective	introspection	-ive	N	ADJ
intruder	intrude	-er	V	N
intrusion	intrude	-tion	V	N
intrusion	intrude	-ion	V	N
inure	ure	in-	N	V
invader	invade	-er	V	N
invalid	valid	in-	ADJ	ADJ
invalid	valid	in-	ADJ	V
invalidate	validate	in-	V	V
invalidate	invalid	-ate	ADJ	V
invaluable	valuable	in-	ADJ	ADJ
invariable	variable	in-	ADJ	ADJ
invertebrate	vertebrate	in-	ADJ	N
invocation	invoke	-ation	V	N
involuntary	voluntary	in-	ADJ	ADJ
ironic	irony	-ic	N	ADJ
irregular	regular	ir-	ADJ	ADJ
irregularly	irregular	-ly	ADJ	ADV
irrelevant	relevant	ir-	ADJ	ADJ
irreparable	reparable	ir-	ADJ	ADJ
irrepressible	repressible	in-	ADJ	ADJ
irrepressible	repressible	ir-	ADJ	ADJ
irreproachable	reproachable	in-	ADJ	ADJ
irreproachable	reproach	ir-	N	ADJ
irresistible	resistible	in-	ADJ	ADJ
irresistible	resist	ir-	V	ADJ
irresistible	resistible	ir-	ADJ	ADJ
irresolute	resolute	in-	ADJ	ADJ
irresponsible	responsible	in-	ADJ	ADJ
irresponsible	responsible	ir-	ADJ	ADJ
irreverence	reverence	ir-	N	N
irreverence	irreverent	-ence	ADJ	N
irreverent	reverent	ir-	ADJ	ADJ
irreversible	reversible	in-	ADJ	ADJ
irreversible	reversible	ir-	ADJ	ADJ
irrigation	irrigate	-ion	V	N
irritable	irritate	-able	V	ADJ
irritating	irritate	-ing	ADJ	ADJ
jealousy	jealous	-y	ADJ	N
jeweler	jewel	-er	N	N
jogging	jog	-ing	V	N
jogging	jog	-ing	V	V
jolting	jolt	-ing	V	ADJ
journalism	journal	-ism	N	N
journalistic	journal	-istic	N	ADJ
journalistic	journalist	-ic	N	ADJ
jovial	jove	-ial	N	ADJ
joyous	joy	-ous	N	ADJ
juicy	juice	-y	N	ADJ
jumble	jump	-le	V	V
justly	just	-ly	ADV	ADV
juxtaposition	position	juxta-	N	N
juxtaposition	juxtapose	-ition	V	N
juxtaposition	juxtapose	-tion	V	N
kidnap	kid	-nap	N	V
knowledgeable	knowledge	-able	N	ADJ
laborer	labor	-er	V	N
laborious	labor	-ious	V	ADJ
laboriously	laborious	-ly	ADJ	ADV
lasting	last	-ing	N	ADJ
laudable	laud	-able	N	ADJ
layering	layer	-ing	N	N
layman	lay	-man	ADJ	N
leaky	leak	-y	V	ADJ
legalize	legal	-ize	ADJ	V
legendary	legend	-ary	N	ADJ
leisurely	leisure	-ly	N	ADJ
leisurely	leisure	-ly	N	ADV
lengthen	length	-en	N	V
lengthy	length	-y	N	ADJ
lethargic	lethargy	-ic	N	ADJ
liberally	liberal	-ly	ADJ	ADV
librarian	library	-an	N	N
librarian	library	-ian	N	N
likewise	like	-wise	ADJ	ADV
limner	limn	-er	V	N
lineage	line	-age	N	N
linen	line	-en	N	N
linguistics	linguist	-ics	N	N
listless	list	-less	V	ADJ
literacy	literate	-cy	ADJ	N
loathsome	loath	-some	ADJ	ADJ
lobster	lop	-ster	V	ADJ
locality	local	-ity	ADJ	N
lodging	lodge	-ing	V	N
lofty	loft	-y	N	ADJ
longevity	long	-ity	ADJ	N
longing	long	-ing	ADJ	V
longing	long	-ing	ADJ	N
longitude	long	-itude	ADJ	N
loosely	loose	-ly	ADJ	ADV
loosen	loose	-en	N	V
lubrication	lubricate	-ion	V	N
lucrative	lucre	-ative	N	ADJ
lumbering	lumber	-ing	N	N
luminosity	luminous	-ty	ADJ	N
luminosity	luminous	-ity	ADJ	N
luster	lust	-er	N	N
lustrous	lustre	-ous	N	ADJ
lusty	lust	-y	N	ADJ
luxurious	luxury	-ous	N	ADJ
lyrically	lyrical	-ly	ADJ	ADV
lyricist	lyric	-ist	N	N
magical	magic	-al	ADJ	ADJ
magician	magic	-ian	ADJ	N
magnesium	magnesia	-ium	N	N
magnetism	magnet	-ism	N	N
magnetize	magnet	-ize	N	V
magnificence	magnificent	-ence	ADJ	N
majestic	majesty	-ic	N	ADJ
malcontent	content	mal-	N	ADJ
malfunction	function	mal-	N	N
malicious	malice	-ious	N	ADJ
malignant	malign	-ant	ADJ	ADJ
malleability	malleable	-ity	ADJ	N
malnutrition	nutrition	mal-	N	N
mammal	mamma	-al	N	N
mammalian	mammal	-ian	N	ADJ
mammalian	mammal	-ian	N	N
mandatory	mandate	-ory	N	ADJ
manful	man	-ful	N	ADJ
manifestation	manifest	-ation	ADJ	N
manifold	many	-fold	U	ADJ
manifold	many	-fold	U	V
mannerism	manner	-ism	N	N
manually	manual	-ly	N	ADV
markedly	marked	-ly	ADJ	ADV
marshy	marsh	-y	N	ADJ
martinet	martin	-et	N	N
marvelous	marvel	-ous	N	ADJ
masonry	mason	-ry	N	N
matchless	match	-less	N	ADJ
mechanics	mechanic	-s	N	N
mediator	mediate	-or	V	N
melodic	melody	-ic	N	ADJ
melodious	melody	-ous	N	ADJ
melodrama	drama	melo-	N	N
memorize	memory	-ize	N	V
merchandise	merchant	-ise	N	N
merciful	mercy	-ful	N	ADJ
merciless	mercy	-less	N	ADJ
mesmerize	mesmerism	-ize	N	V
messy	mess	-y	N	ADJ
metabolism	metabolic	-ism	ADJ	N
meteorite	meteor	-ite	N	N
meteorologist	meteorology	-ist	N	N
meteorology	meteor	-logy	N	N
meteorology	meteor	-ology	N	N
methane	methyl	-ane	N	N
methodical	methodic	-al	ADJ	ADJ
methodical	method	-ical	N	ADJ
methodically	methodical	-ly	ADJ	ADV
methodology	method	-ology	N	N
meticulously	meticulous	-ly	ADJ	ADV
microorganism	organism	micro-	N	N
microscopic	microscope	-ic	N	ADJ
microwave	wave	micro-	N	N
midair	air	mid-	N	ADJ
midair	air	mid-	N	N
mighty	might	-y	N	N
migration	migrate	-ion	V	N
migratory	migrator	-y	N	ADJ
millimeter	meter	milli-	N	N
millionaire	million	-aire	N	N
mimetic	mimesis	-ic	N	ADJ
mimicry	mimic	-ry	V	N
mincing	mince	-ing	N	V
mingle	ming	-le	V	V
minimalist	minimal	-ist	ADJ	ADJ
minimalist	minimal	-ist	ADJ	N
minutely	minute	-ly	N	ADV
minutely	minute	-ly	N	ADJ
miraculous	miracle	-ous	N	ADJ
misconception	conception	mis-	N	N
misconception	misconceive	-ion	V	N
miserable	miser	-able	N	ADJ
miserly	miser	-ly	V	ADJ
misfortune	fortune	mis-	N	N
misgiving	give	mis-	V	N
misgiving	giving	mis-	N	N
misgiving	misgive	-ing	V	N
mishap	hap	mis-	N	N
mishap	hap	mis-	N	V
mislead	lead	mis-	V	V
misleading	mislead	-ing	V	ADJ
mistrust	trust	mis-	V	N
modulate	module	-ate	N	V
moisten	moist	-en	ADJ	V
moisture	moist	-ure	ADJ	N
molecular	molecule	-ar	N	ADJ
momentous	moment	-ous	N	ADJ
monochromatic	chromatic	mono-	ADJ	ADJ
monopolize	monopoly	-ize	N	V
monotonous	monotone	-ous	N	ADJ
motionless	motion	-less	N	ADJ
mournful	mourn	-ful	V	ADJ
mourning	mourn	-ing	V	N
muddle	mud	-le	N	V
multicellular	cellular	multi-	ADJ	ADJ
multiply	multiple	-ly	ADJ	ADV
muscular	musculous	-ar	ADJ	ADJ
muscular	muscle	-ar	N	ADJ
mutation	mutate	-ion	V	N
mythical	myth	-ical	N	ADJ
mythical	mythic	-al	ADJ	ADJ
mythology	myth	-ology	N	N
narration	narrate	-ion	V	N
narrator	narrate	-or	V	N
nationality	national	-ity	ADJ	N
nationwide	nation	-wide	N	ADJ
naturalist	natural	-ist	ADJ	N
naturalistic	naturalist	-ic	N	ADJ
naughty	naught	-y	N	ADJ
navigation	navigate	-ion	ADJ	N
needlework	needle	-work	N	N
needy	need	-y	N	ADJ
negligence	negligent	-ence	ADJ	N
neoclassical	classical	neo-	ADJ	ADJ
neurotransmitter	transmitter	neuro-	N	N
neutralize	neutral	-ize	ADJ	V
neutron	neutral	-on	ADJ	N
newscast	news	-cast	N	N
newscast	news	-cast	N	V
nibble	nip	-le	N	N
nimble	nim	-le	V	ADJ
noisy	noise	-y	N	ADJ
nomadic	nomad	-ic	N	ADJ
nonconformist	conformist	non-	N	N
nonconformist	conformist	non-	N	ADJ
nonconformity	conformity	non-	N	N
nonfiction	fiction	non-	N	N
nonhuman	human	non-	N	ADJ
nonprofessional	professional	non-	ADJ	ADJ
nontraditional	traditional	non-	ADJ	ADJ
nonverbal	verbal	non-	ADJ	ADJ
nonviolence	violence	non-	N	N
nonviolence	nonviolent	-ence	ADJ	N
notate	note	-ate	N	V
noted	note	-ed	N	ADJ
notoriously	notorious	-ly	ADJ	ADV
nourishing	nourish	-ing	V	ADJ
nourishment	nourish	-ment	V	N
novelty	novel	-y	N	N
numerical	numeric	-al	ADJ	ADJ
nutritional	nutrition	-al	N	ADJ
nutritious	nutrition	-ous	N	ADJ
obedience	obedient	-ence	ADJ	N
obligatory	obligate	-ory	V	ADJ
obliging	oblige	-ing	V	ADJ
observance	observe	-ance	V	N
obsession	obsess	-ion	V	N
obstruction	obstruct	-ion	V	N
obtainable	obtain	-able	V	ADJ
occurrence	occur	-ence	V	N
oddly	odd	-ly	ADJ	ADV
odorless	odor	-less	N	ADJ
offhand	hand	off-	N	ADJ
offshore	shore	off-	N	ADJ
offspring	spring	off-	N	N
onset	set	on-	V	N
onslaught	slaught	on-	N	N
optical	optic	-al	ADJ	ADJ
optimist	optimism	-ist	N	N
optional	option	-al	N	ADJ
optometrist	optometry	-ist	N	N
opulence	opulent	-ce	ADJ	N
opulence	opulent	-ence	ADJ	N
oration	orate	-ion	V	N
orator	orate	-or	V	N
orbital	orbit	-al	N	ADJ
ordeal	deal	or-	N	N
orderly	order	-ly	V	ADJ
organically	organic	-ally	ADJ	ADV
oriental	orient	-al	N	ADJ
originality	original	-ity	ADJ	N
ornamental	ornament	-al	N	ADJ
ornamentation	ornament	-ation	N	N
outbreak	break	out-	N	N
outcry	cry	out-	V	N
outdated	dated	out-	ADJ	ADJ
outdoors	outdoor	-s	N	N
outermost	outer	-most	V	ADJ
outermost	outer	-most	V	N
outgrow	grow	out-	V	V
outgrowth	growth	out-	N	N
outgrowth	outgrow	-th	V	N
outing	out	-ing	ADJ	N
outlast	last	out-	ADJ	V
outlet	let	out-	V	N
outlook	look	out-	N	N
outlying	outlie	-ing	U	ADJ
outrage	rage	out-	N	N
outrageous	outrage	-ous	N	ADJ
outright	right	out-	ADJ	ADJ
outset	set#verb	out-	N	N
outset	set	out-	U	V
outset	set	out-	N	N
outspoken	spoken	out-	ADJ	ADJ
outward	out	-ward	ADV	ADJ
outward	ward	out-	N	V
outweigh	weigh	out-	V	V
outwit	wit	out-	N	V
overbalance	balance	over-	N	V
overbearing	overbear	-ing	V	V
overburden	burden	over-	N	V
overcast	cast	over-	ADJ	N
overcharge	charge	over-	V	V
overconfident	confident	over-	ADJ	ADJ
overdue	due	over-	ADJ	ADJ
overestimate	estimate	over-	V	V
overflow	flow	over-	V	N
overhaul	haul	over-	N	N
overlap	lap	over-	V	V
overload	load	over-	N	V
oversecretion	secretion	over-	N	N
oversight	sight	over-	N	N
oversight	oversee	-t	V	N
overtax	tax	over-	N	V
overtime	time	over-	V	N
overtire	tire	over-	V	V
overturn	turn	over-	V	V
overwhelm	whelm	over-	V	V
overwhelmingly	overwhelming	-ly	ADJ	ADV
oxen	ox	-en	N	N
packed	pack	-ed	N	ADJ
packer	pack	-er	N	N
paddler	paddle	-er	N	N
painstaking	painstaker	-ing	N	ADJ
palatable	palate	-able	V	ADJ
paleontologist	paleontology	-ist	N	N
parapsychology	psychology	para-	N	N
parasitic	parasite	-ic	N	ADJ
passionate	passion	-ate	N	ADJ
patriarchal	patriarch	-al	N	ADJ
patricide	pater	-cide	N	N
patricide	pater	-icide	N	N
patriotic	patriot	-ic	N	ADJ
patroller	patrol	-er	U	N
patronage	patron	-age	N	N
peculiarity	peculiar	-ity	ADJ	N
pedagogic	pedagogy	-ic	N	ADJ
pedagogical	pedagogic	-al	ADJ	ADJ
pedagogical	pedagogy	-ical	N	ADJ
peerless	peer	-less	N	ADJ
penetrating	penetrate	-ing	V	ADJ
perennially	perennial	-ly	N	ADV
perfection	perfect	-ion	ADJ	N
perilous	peril	-ous	N	ADJ
perimeter	meter	peri-	N	N
periodic	period	-ic	N	ADJ
periodic	iodic	per-	ADJ	ADJ
periodical	period	-ical	N	N
periodical	period	-ical	N	ADJ
peripheral	periphery	-al	N	ADJ
perishable	perish	-able	V	N
perishable	perish	-able	V	ADJ
perjury	perjure	-y	V	N
permeable	permeate	-able	V	ADJ
permissive	permission	-ive	N	ADJ
perpetuate	perpetual	-ate	ADJ	V
perplexing	perplex	-ing	ADJ	ADJ
perseverance	persevere	-ance	V	N
persistence	persistent	-ence	ADJ	N
persistent	persist	-ent	V	ADJ
perspiration	perspire	-ation	V	N
persuasive	persuasion	-ive	N	ADJ
pervasive	pervade	-ive	V	ADJ
pesticide	pest	-cide	N	N
pestilence	pestilent	-ence	ADJ	N
pestilential	pestilence	-ial	N	ADJ
petrifaction	petrify	-tion	V	N
phenomenally	phenomenal	-ly	ADJ	ADV
philosopher	philosophy	-er	N	N
phonetics	phonetic	-ics	ADJ	N
phonetics	phonetic	-s	ADJ	N
photosensitive	sensitive	photo-	ADJ	ADJ
photosynthesis	synthesis	photo-	N	N
physicist	physics	-ist	N	N
physiological	physiology	-ical	N	ADJ
pianist	piano	-ist	ADJ	N
picturesque	picture	-esque	N	ADJ
pilferage	pilfer	-age	V	N
pinhead	pin	-head	N	N
pioneering	pioneer	-ing	N	N
pitiful	pity	-ful	N	ADJ
pivotal	pivot	-al	N	ADJ
plagiarism	plagiary	-ism	N	N
plainly	plain	-ly	N	ADV
planetary	planet	-ary	N	ADJ
plantation	plant	-ation	N	N
platelike	plate	-like	N	ADJ
pleasing	please	-ing	V	ADJ
pleasing	please	-ing	V	N
plentiful	plenty	-ful	N	ADJ
plumage	plume	-age	N	N
plumber	plumb	-er	N	N
plumbing	plumb	-ing	ADJ	N
polar	pole	-ar	N	ADJ
polarize	polar	-ize	N	V
polished	polish	-ed	V	ADJ
pollinate	pollen	-ate	N	V
pollination	pollinate	-ion	V	N
pollinator	pollinate	-or	V	N
pollutant	pollute	-ant	V	U
pollutant	pollute	-ant	V	N
polygonal	polygon	-al	N	ADJ
porous	pore	-ous	N	ADJ
portraitist	portrait	-ist	N	N
portraiture	portrait	-ure	N	N
portrayal	portray	-al	V	N
postage	age	post-	N	N
postage	post	-age	N	N
postal	post	-al	N	ADJ
postcard	card	post-	N	N
postdate	date	post-	N	V
postgraduate	graduate	post-	N	N
postmaster	master	post-	N	N
postoperative	operative	post-	ADJ	ADJ
potassium	potassa	-ium	N	N
potentiality	potential	-ity	N	N
potter	pot	-er	N	N
potter	pote	-er	V	U
pottery	potter	-y	N	ADJ
poultry	poult	-ry	N	N
practicality	practical	-ity	ADJ	N
precaution	caution	pre-	N	N
precedent	precede	-ent	V	N
preceding	precede	-ing	V	ADJ
precipitation	precipitate	-ion	N	N
precipitous	precipice	-ous	N	ADJ
precipitous	precipitate	-ous	N	ADJ
precision	precise	-ion	ADJ	N
predator	predation	-or	N	N
predatory	predator	-y	N	ADJ
predictability	predict	-ability	V	N
predictable	predict	-able	V	ADJ
predictive	predict	-ive	V	ADJ
predominantly	predominant	-ly	ADJ	ADV
preeminent	eminent	pre-	ADJ	ADJ
prefabricated	fabricated	pre-	V	ADJ
prefabricated	prefabricate	-ed	V	V
prefabricated	prefabricate	-ed	V	ADJ
preferable	prefer	-able	V	ADJ
prehistoric	historic	pre-	ADJ	ADJ
prehistoric	prehistory	-ic	N	ADJ
premature	mature	pre-	ADJ	ADJ
preoccupation	occupation	pre-	N	N
preponderance	preponderant	-ce	ADJ	N
prerequisite	requisite	pre-	N	ADJ
prerequisite	requisite	pre-	N	N
prescribed	prescribe	-ed	V	ADJ
preservation	preserve	-ation	V	N
preservation	preserve	-tion	V	N
prestigious	prestige	-ious	N	ADJ
presumption	presume	-ion	V	N
pretension	tension	pre-	N	N
prodigal	prodigy	-al	N	ADJ
prodigious	prodigy	-ous	N	ADJ
professionalism	professional	-ism	N	N
proficiency	proficient	-cy	ADJ	N
profitless	profit	-less	N	ADJ
profoundly	profound	-ly	ADJ	ADV
progression	progress	-ion	N	N
prohibitive	prohibit	-ive	N	ADJ
prohibitively	prohibitive	-ly	ADJ	ADV
projection	project	-ion	N	N
projectionist	projection	-ist	N	N
projector	project	-or	N	N
proliferation	proliferate	-ion	V	N
prominence	prominent	-ence	ADJ	N
promoter	promote	-er	V	N
pronounced	pronounce	-ed	V	ADJ
propellant	propel	-ant	V	N
propensity	propense	-ity	ADJ	N
proprietor	proprietary	-or	ADJ	N
proprietorship	proprietor	-ship	N	N
prospective	prospect	-ive	N	ADJ
prospector	prospect	-or	N	N
prosperity	prosper	-ity	ADJ	N
prosperous	prosper	-ous	ADJ	ADJ
protagonist	agonist	prot-	N	N
protectionist	protection	-ist	N	ADJ
prototypical	prototype	-ical	N	ADJ
protract	tract	pro-	N	V
protruding	protrude	-ing	V	V
provincialism	provincial	-ism	ADJ	N
provocation	provoke	-ation	V	N
provocative	provocation	-ive	N	ADJ
proximity	proximate	-ity	ADJ	N
prudent	prude	-ent	N	ADJ
psychoanalysis	analysis	psycho-	N	N
publicize	public	-ize	ADJ	V
pulsate	pulse	-ate	N	V
purification	purify	-ification	V	N
purify	pure	-ify	ADJ	V
puzzling	puzzle	-ing	N	V
quantitative	quantity	-ative	N	ADJ
quarterly	quarter	-ly	V	ADJ
questionable	question	-able	N	ADJ
quibble	quib	-le	N	N
quilter	quilt	-er	V	N
quotation	quote	-ation	N	N
radiant	radiate	-ant	V	ADJ
radically	radical	-ly	N	ADV
ragged	rag	-ed	N	ADJ
rancher	ranch	-er	N	N
rarefy	rare	-fy	ADJ	V
rashly	rash	-ly	N	ADV
rationing	ration	-ing	N	V
ravenous	raven	-ous	N	ADJ
readjust	adjust	re-	N	V
realism	real	-ism	N	N
realization	realize	-ation	V	N
rearrange	arrange	re-	V	V
reassure	assure	re-	V	V
rebellious	rebel	-ious	ADJ	ADJ
rebellious	rebellion	-ous	N	ADJ
rebroadcast	broadcast	re-	V	V
rebuke	bush	re-	N	N
receptionist	reception	-ist	N	N
receptive	reception	-ive	N	ADJ
recital	recite	-al	V	N
reckless	reck	-less	V	ADJ
reclamation	reclaim	-tion	N	N
recoil	coil	re-	N	N
recollection	collection	re-	N	N
recollection	recollect	-ion	V	N
recompose	compose	re-	V	V
reconstruct	construct	re-	N	V
reconstruction	construction	re-	N	N
reconstruction	reconstruct	-ion	V	N
recount	count	re-	V	N
recount	count	re-	V	V
recreation	creation	re-	N	U
recreational	recreation	-al	N	ADJ
rectangular	rectangle	-ar	N	ADJ
recycle	cycle	re-	N	V
reddish	red	-ish	N	ADJ
redirect	direct	re-	V	V
redress	dress	re-	V	V
refine	fine	re-	ADJ	V
refined	refine	-ed	V	ADJ
refinement	refine	-ment	V	N
reformer	reform	-er	N	N
reformism	reform	-ism	N	N
refraction	refract	-ion	V	N
refresh	fresh	re-	ADJ	V
refreshing	refresh	-ing	V	ADJ
refreshment	refresh	-ment	V	N
refrigerant	refrigerate	-ant	V	N
refrigeration	refrigerate	-tion	V	N
refrigeration	refrigerate	-ion	V	N
refurbish	furbish	re-	V	V
regenerate	generate	re-	V	V
regeneration	generation	re-	N	N
regeneration	regenerate	-ion	V	N
regimen	regime	-n	N	N
regimentation	regiment	-ation	N	N
rehabilitation	rehabilitate	-ion	V	N
reimburse	imburse	re-	V	V
reinterpretation	interpretation	re-	N	N
reinterpretation	reinterpret	-ation	V	N
reiterate	iterate	re-	N	V
rekindle	kindle	re-	V	V
relapse	lapse	re-	N	V
relaxation	relax	-ation	V	N
relay	lay	re-	V	V
relentless	relent	-less	N	ADJ
reliance	rely	-ance	V	N
reliance	reliant	-ce	ADJ	N
reliant	rely	-ant	V	ADJ
relieved	relieve	-ed	V	ADJ
rendering	render	-ing	V	N
renew	new	re-	ADJ	V
renewable	renew	-able	V	ADJ
renewal	renew	-al	V	N
renovation	renovate	-ion	V	N
renowned	renown	-ed	N	ADJ
rentable	rent	-able	N	ADJ
rental	rent	-al	V	N
reorient	orient	re-	N	V
repetition	petition	re-	N	N
repetitive	repetition	-ive	N	ADJ
repress	press	re-	N	V
reproduction	production	re-	N	N
reproduction	reproduce	-ion	V	N
reproduction	reproduce	-tion	V	N
repulsive	repulse	-ive	V	ADJ
repulsive	repulsion	-ive	N	ADJ
reputed	repute	-ed	N	ADJ
requital	requite	-al	V	N
reschedule	schedule	re-	N	V
resemblance	resemble	-ance	V	N
resemblance	semblance	re-	N	N
resentful	resent	-ful	V	ADJ
reshape	shape	re-	N	V
residual	residue	-al	N	N
resistant	resist	-ant	V	ADJ
resonance	resonate	-ance	V	N
respective	respect	-ive	N	ADJ
respiration	respire	-ation	N	N
respiratory	respire	-atory	N	ADJ
respiratory	respirator	-y	N	ADJ
responsive	response	-ive	N	ADJ
restrictive	restrict	-ive	V	ADJ
retailer	retail	-er	N	N
retentive	retention	-ive	N	ADJ
reticence	reticent	-ence	ADJ	N
retool	tool	re-	N	V
retreat	treat	re-	V	V
retreat	treat	re-	V	N
retriever	retrieve	-er	V	N
retrospective	retrospect	-ive	N	ADJ
reverence	reverent	-ence	ADJ	N
reverently	reverent	-ly	ADJ	ADV
reversible	reverse	-ible	N	ADJ
revision	vision	re-	N	V
revision	revise	-ion	V	N
revitalization	revitalize	-ation	V	U
revitalization	revitalize	-ation	V	N
revival	revive	-al	V	N
revolutionize	revolution	-ize	N	V
rhythmic	rhythm	-ic	N	ADJ
rhythmical	rhythmic	-al	ADJ	ADJ
riddle	rede	-le	N	N
rigidity	rigid	-ity	ADJ	N
rigorous	rigor	-ous	N	ADJ
ripen	ripe	-en	N	V
rivalry	rival	-ry	ADJ	N
rocky	rock	-y	N	ADJ
rooster	roost	-er	N	N
rotation	rotate	-ion	V	N
rotten	rot	-en	N	ADJ
rounded	round	-ed	ADJ	ADJ
routinely	routine	-ly	N	ADV
rubbery	rubber	-y	N	ADJ
rudimentary	rudiment	-ary	N	ADJ
rugged	rug	-ed	N	ADJ
ruinous	ruin	-ous	V	ADJ
rustproof	rust	-proof	N	ADJ
rusty	rust	-y	N	ADJ
ruthless	ruth	-less	N	ADJ
sagacious	sagacity	-ous	N	ADJ
salinity	saline	-ity	N	N
saltiness	salty	-ness	ADJ	N
salvage	salve	-age	V	N
sanctimonious	sanctimony	-ous	N	ADJ
sandy	sand	-y	N	ADJ
sanitation	sanitary	-ation	ADJ	N
sanity	sane	-ity	ADJ	N
sapience	sapient	-ence	ADJ	N
sarcastic	sarcasm	-ic	N	ADJ
satiric	satire	-ic	N	ADJ
satirical	satire	-ical	N	ADJ
satirical	satiric	-al	ADJ	ADJ
satirist	satire	-ist	N	N
saturated	saturate	-ed	V	ADJ
saucer	sauce	-er	N	N
savings	saving	-s	N	N
scaffolding	scaffold	-ing	N	N
scaled	scale	-ed	N	V
scanty	scant	-y	ADJ	ADJ
scavenger	scavenge	-er	V	N
scenery	scene	-ry	N	N
scenic	scene	-ic	N	ADJ
scholarly	scholar	-ly	N	ADJ
scholarly	scholar	-ly	N	ADV
scornful	scorn	-ful	N	ADJ
scotch	scot	-ish	N	N
scraping	scrape	-ing	V	N
scraping	scrape	-ing	V	V
screed	scree	-ed	N	ADJ
scribble	scribe	-le	N	V
scrupulous	scruple	-ous	N	ADJ
scrupulously	scrupulous	-ly	ADJ	ADV
scrutinize	scrutiny	-ize	N	V
sculptor	sculpt	-or	V	N
sculptural	sculpture	-al	N	ADJ
seasonal	season	-al	N	ADJ
seasoning	season	-ing	N	N
seasoning	season	-ing	N	V
seclusion	seclude	-ion	V	N
secretin	secrete	-in	ADJ	N
secretion	secrete	-ion	ADJ	N
sectional	section	-al	N	ADJ
securely	secure	-ly	ADJ	ADV
sedimentary	sediment	-ary	N	ADJ
seedling	seed	-ling	N	N
seismology	seismic	-ology	ADJ	N
self-sufficient	sufficient	self-	ADJ	ADJ
selfish	self	-ish	N	ADJ
selfishness	selfish	-ness	ADJ	N
semiarid	arid	semi-	ADJ	ADJ
semiliterate	literate	semi-	ADJ	ADJ
sensational	sensation	-al	N	ADJ
sensibility	sensible	-ity	ADJ	N
sensory	sense	-ory	N	ADJ
sensory	sensor	-y	N	ADJ
sensuous	sensual	-ous	ADJ	ADJ
sentimental	sentiment	-al	N	ADJ
sentimentalism	sentimental	-ism	ADJ	N
sentimentalize	sentimental	-ize	ADJ	V
serenity	serene	-ity	ADJ	N
serrated	serrate	-ed	ADJ	ADJ
sewer	sew	-er	V	N
sewerage	sewer	-age	N	N
shabby	shab	-y	N	ADJ
shackle	shake	-le	V	N
shackle	shack	-le	N	V
shameless	shame	-less	N	ADJ
sharpen	sharp	-en	N	V
sheltered	shelter	-ed	N	ADJ
shining	shine	-ing	V	ADJ
shiny	shine	-y	V	ADJ
shipment	ship	-ment	N	N
shocking	shock	-ing	N	ADJ
shovel	shove	-el	V	N
shrewd	shrew	-d	N	ADJ
shrinkage	shrink	-age	V	N
shutter	shut	-er	V	N
shyness	shy	-ness	ADJ	N
sicken	sick	-en	ADJ	V
sickness	sick	-ness	N	N
silicate	silicon	-ate	N	N
silt	sile	-t	N	N
simplicity	simple	-icity	ADJ	N
skeptical	skeptic	-al	N	ADJ
skepticism	skeptic	-ism	N	N
skillful	skill	-ful	N	ADJ
skimpy	skimp	-y	V	ADJ
slacken	slack	-en	ADJ	V
slavish	slave	-ish	N	ADJ
slimy	slime	-y	N	ADJ
slipper	slip	-er	N	N
sloping	slope	-ing	V	ADJ
sloppy	slop	-y	N	ADJ
sloth	slow	-th	ADJ	N
slothful	sloth	-ful	N	ADJ
slovenly	sloven	-ly	N	ADJ
sluggish	slug	-ish	N	ADJ
slumber	sloom	-er	N	N
smoothly	smooth	-ly	ADJ	ADV
snippet	snip	-et	V	N
snobbish	snob	-ish	ADJ	ADJ
snobbish	snobby	-ish	ADJ	ADJ
solicitous	solicit	-ous	V	ADJ
solidify	solid	-ify	ADJ	V
solitude	sole	-itude	N	N
soloist	solo	-ist	ADJ	N
sophistication	sophisticate	-ion	N	N
soundproof	sound	-proof	N	ADJ
sovereignty	sovereign	-y	N	N
spacecraft	space	-craft	N	N
spaceship	space	-ship	ADJ	N
spacious	space	-ious	N	ADJ
spangle	spang	-le	U	N
spanking	spank	-ing	V	V
sparingly	sparing	-ly	ADJ	ADV
sparsely	sparse	-ly	ADJ	ADV
specialty	special	-y	N	N
spectacularly	spectacular	-ly	ADJ	ADV
spectator	spectate	-or	V	N
speedy	speed	-y	N	ADJ
spherical	sphere	-ical	N	ADJ
spiky	spike	-y	N	ADJ
spinal	spine	-al	N	ADJ
spined	spine	-ed	N	ADJ
spineless	spine	-less	N	ADJ
spiny	spine	-y	N	ADJ
spoilage	spoil	-age	N	N
spontaneity	spontaneous	-ity	ADJ	N
spontaneously	spontaneous	-ly	ADJ	ADV
sporadically	sporadic	-ally	ADJ	ADV
spotless	spot	-less	N	ADJ
squarely	square	-ly	ADJ	ADV
stabilize	stable	-ize	ADJ	U
stabilize	stable	-ize	ADJ	V
staggering	stagger	-ing	V	ADJ
stagnant	stagnate	-ant	V	ADJ
standardize	standard	-ize	ADJ	V
stardom	star	-dom	N	N
startle	start	-le	N	V
startling	startle	-ing	V	V
starvation	starve	-ation	V	N
starvation	starve	-tion	V	N
stately	state	-ly	N	ADJ
stationary	station	-ary	N	ADJ
stationery	stationer	-y	N	N
stellar	stella	-ar	N	ADJ
stereotype	type	stereo-	N	N
sticky	stick	-y	N	ADJ
stiffen	stiff	-en	ADJ	V
stimulant	stimulate	-ant	V	N
stimulation	stimulate	-ion	V	N
stingy	sting	-y	N	ADJ
stipulate	stipule	-ate	N	ADJ
stipulate	stipule	-ate	N	V
stipulation	stipulate	-ion	V	N
stocky	stock	-y	N	ADJ
stodgy	stodge	-y	V	ADJ
stony	stone	-y	N	ADJ
streamline	stream	-ine	N	N
strenuously	strenuous	-ly	ADJ	ADV
strikingly	striking	-ly	N	ADV
stubbornness	stubborn	-ness	ADJ	N
stuffy	stuff	-y	V	ADJ
stunning	stun	-ing	V	ADJ
stunning	stun	-ing	V	N
stylized	stylize	-ed	V	ADJ
subdiscipline	discipline	sub-	N	N
subdivide	divide	sub-	V	V
subdivision	division	sub-	N	N
subdivision	subdivide	-ion	V	N
subjection	subject	-ion	ADJ	N
subjugation	subjugate	-ion	V	N
submarine	marine	sub-	N	ADJ
submerge	merge	sub-	V	V
subsection	section	sub-	N	N
subsidize	subsidy	-ize	N	V
subsistence	subsist	-ence	V	N
subspecies	species	sub-	N	N
subtraction	subtract	-ion	V	N
subtractive	subtract	-ive	V	ADJ
suburbanite	suburban	-ite	ADJ	N
suburbanization	suburbanize	-ation	V	N
subversive	subversion	-ive	N	ADJ
subway	way	sub-	N	N
suited	suit	-ed	N	ADJ
sulky	sulk	-y	V	ADJ
sulky	sulk	-y	V	N
sultry	swelter	-y	V	ADJ
supercontinent	continent	super-	ADJ	N
superficially	superficial	-ly	ADJ	ADV
superheat	heat	super-	V	V
superintendent	superintend	-ent	V	N
supernatural	natural	super-	ADJ	ADJ
supplementary	supplement	-ary	N	ADJ
supplementation	supplement	-ation	N	N
supposedly	supposed	-ly	ADJ	ADV
supposition	suppose	-ition	V	N
supposition	suppose	-tion	V	N
supremacy	supreme	-acy	ADJ	N
supremely	supreme	-ly	ADJ	ADV
surcharge	charge	sur-	N	N
surpass	pass	sur-	V	V
surpassingly	surpassing	-ly	V	ADV
survivability	survive	-ability	V	N
survivability	survivable	-ity	ADJ	N
suspender	suspend	-er	V	N
swampy	swamp	-y	N	ADJ
sweeping	sweep	-ing	V	ADJ
swelling	swell	-ing	N	N
swelter	swelt	-er	V	V
swiftness	swift	-ness	N	N
symbiotic	symbiosis	-otic	N	ADJ
symbiotic	symbiosis	-ic	N	ADJ
symbolism	symbol	-ism	N	N
symbolize	symbol	-ize	N	V
symbology	symbol	-ology	N	N
symmetrical	symmetry	-ical	N	ADJ
sympathize	sympathy	-ize	N	V
synchronize	synchrony	-ize	N	V
synonymous	synonym	-ous	N	ADJ
synthesize	synthesis	-ize	N	V
synthesizer	synthesize	-er	V	N
synthetic	synthesis	-ic	N	ADJ
systematize	systematic	-ize	ADJ	V
tableware	table	-ware	N	N
tactics	tactic	-s	N	N
tally	tall	-ly	ADJ	ADV
tamper	tamp	-er	V	N
tardiness	tardy	-ness	ADJ	N
tasteless	taste	-less	N	ADJ
tasty	taste	-y	N	ADJ
tectonics	tectonic	-s	ADJ	N
telecommuter	commuter	tele-	N	N
telecommuter	telecommute	-er	V	N
temporarily	temporary	-ly	ADJ	ADV
tempting	tempt	-ing	V	ADJ
tenderness	tender	-ness	N	N
tenuous	tenuis	-ous	ADJ	ADJ
terminate	terminus	-ate	N	V
termination	terminate	-ion	V	N
terribly	terrible	-ly	ADJ	ADV
textured	texture	-ed	N	ADJ
therapeutic	therapy	-ic	N	ADJ
thermodynamics	dynamics	thermo-	N	N
thickness	thick	-ness	ADJ	N
thorny	thorn	-y	N	ADJ
thoughtful	thought	-ful	N	ADJ
thousandfold	thousand	-fold	U	ADJ
threadlike	thread	-like	N	ADJ
threateningly	threatening	-ly	ADJ	ADV
thrift	thrive	-t	V	N
thrifty	thrift	-y	N	ADJ
throttle	throat	-le	N	N
timidity	timid	-ity	ADJ	N
tipple	tip	-le	N	N
titanic	titan	-ic	N	ADJ
titanic	titanium	-ic	N	ADJ
toed	toe	-ed	N	ADJ
tolerable	tolerate	-able	V	ADJ
tolerance	tolerant	-ce	ADJ	N
toothed	tooth	-ed	N	ADJ
topographical	topography	-ical	N	ADJ
torrential	torrent	-ial	N	ADJ
totality	total	-ity	ADJ	N
touching	touch	-ing	V	V
touching	touch	-ing	V	N
touchy	touch	-y	V	ADJ
tractor	tract	-or	N	N
trample	tramp	-le	N	V
tranquility	tranquil	-ity	ADJ	N
transcontinental	continental	trans-	ADJ	ADJ
transitory	transit	-ory	N	ADJ
transmitter	transmit	-er	V	N
transplant	plant	trans-	N	V
trapper	trap	-er	N	N
treacherous	treachery	-ous	N	ADJ
trepidation	trepid	-ation	ADJ	N
trespasser	trespass	-er	N	N
triangle	angle	tri-	N	N
tributary	tribute	-ary	N	N
trifling	trifle	-ing	N	ADJ
trivial	trivium	-al	N	ADJ
tropics	tropic	-s	N	N
troublesome	trouble	-some	ADJ	ADJ
troubling	trouble	-ing	ADJ	ADJ
trumpet	trump	-et	N	N
trumpeter	trumpet	-er	N	N
trustworthy	trust	-worthy	N	ADJ
trying	try	-ing	N	ADJ
turbulence	turbulent	-ence	ADJ	N
tutorial	tutor	-ial	N	ADJ
typify	type	-fy	N	V
typify	type	-ify	N	V
tyrannical	tyranny	-ical	N	ADJ
ultrasonic	sonic	ultra-	ADJ	ADJ
ultraviolet	violet	ultra-	ADJ	ADJ
unadorned	adorned	un-	V	ADJ
unaided	aided	un-	V	ADJ
unanimity	unanimous	-ity	ADJ	N
unbearable	bearable	un-	ADJ	ADJ
unbecoming	becoming	un-	V	ADJ
unbiased	biased	un-	ADJ	ADJ
unblemished	blemished	un-	V	ADJ
unbridgeable	bridgeable	un-	ADJ	ADJ
unbridled	bridled	un-	V	ADJ
unbridled	unbridle	-ed	V	ADJ
unbroken	broken	un-	ADJ	ADJ
uncanny	canny	un-	ADJ	ADJ
uncharted	charted	un-	V	ADJ
unconscious	conscious	un-	ADJ	ADJ
unconventional	conventional	un-	ADJ	ADJ
unconvincing	convincing	un-	ADJ	ADJ
uncouth	couth	un-	ADJ	ADJ
undaunted	daunted	un-	V	ADJ
underestimate	estimate	under-	V	V
undergraduate	graduate	under-	N	N
underground	ground	under-	N	ADV
underlie	lie	under-	N	V
underscore	score	under-	N	N
underwater	water	under-	N	ADJ
undeserved	deserved	un-	ADJ	ADJ
undifferentiated	differentiated	un-	V	ADJ
undistorted	distorted	un-	V	ADJ
undisturbed	disturbed	un-	ADJ	ADJ
undo	do	un-	N	V
unearth	earth	un-	N	V
unevenly	uneven	-ly	ADJ	ADV
unevenly	evenly	un-	ADV	ADV
unexplored	explored	un-	V	ADJ
unfavorable	favorable	un-	ADJ	ADJ
unfertilized	fertilized	un-	V	ADJ
unfold	fold	un-	V	V
uniformity	uniform	-ity	N	N
unimaginable	imaginable	un-	ADJ	ADJ
uninhabited	inhabited	un-	ADJ	ADJ
uniqueness	unique	-ness	N	N
unload	load	un-	N	V
unobstructed	obstructed	un-	V	ADJ
unpack	pack	un-	N	V
unpalatable	palatable	un-	ADJ	ADJ
unparalleled	paralleled	un-	V	ADJ
unpredictable	predictable	un-	ADJ	ADJ
unpromising	promising	un-	ADJ	ADJ
unquestionably	unquestionable	-ly	ADJ	ADV
unquestionably	questionably	un-	ADV	ADV
unquestioning	questioning	un-	N	ADJ
unravel	ravel	un-	N	V
unrestricted	restricted	un-	V	ADJ
unruly	roolie	un-	ADJ	ADJ
unsatisfactory	satisfactory	un-	ADJ	ADJ
unscrupulous	scrupulous	un-	ADJ	ADJ
unscrupulously	unscrupulous	-ly	ADJ	ADV
unscrupulously	scrupulously	un-	ADV	ADV
unseasonably	unseasonable	-ly	ADJ	ADV
unseasonably	unseasonable	-ly	ADJ	U
unseemly	seemly	un-	ADJ	ADJ
unselfish	selfish	un-	ADJ	ADJ
unsophisticated	sophisticated	un-	ADJ	ADJ
unspoiled	spoiled	un-	V	ADJ
unstable	stable	un-	ADJ	ADJ
unsubstantiated	substantiated	un-	V	ADJ
untamed	tamed	un-	ADJ	ADJ
untapped	tapped	un-	V	ADJ
untouched	touched	un-	ADJ	ADJ
unveil	veil	un-	N	V
unwieldy	wieldy	un-	ADJ	ADJ
upbraid	braid	up-	V	V
upgrade	grade	up-	N	N
upheaval	upheave	-al	V	N
uphold	hold	up-	N	V
upland	land	up-	N	N
upright	right	up-	ADJ	ADJ
uprising	uprise	-ing	V	N
uproot	root	up-	N	V
urbanism	urban	-ism	ADJ	N
urbanite	urban	-ite	ADJ	N
urbanization	urbanize	-ation	V	N
urbanize	urban	-ize	ADJ	V
urgency	urgent	-cy	ADJ	N
urgency	urgent	-y	ADJ	N
useless	use	-less	V	ADJ
utilitarian	utility	-arian	N	ADJ
utilitarian	utility	-tarian	N	ADJ
utilization	utilize	-ation	V	N
utopian	utopia	-an	N	ADJ
utterance	utter	-ance	ADJ	N
utterly	utter	-ly	ADJ	ADV
vacancy	vacant	-ancy	ADJ	N
vacancy	vacant	-cy	ADJ	N
vacant	vacate	-ant	V	ADJ
vaccinate	vaccine	-ate	N	V
vacillation	vacillate	-ion	V	N
validate	valid	-ate	ADJ	V
validity	valid	-ity	ADJ	N
vanity	vain	-ity	ADJ	N
vapor	vape	-or	V	N
vaporization	vapor	-ization	N	N
vaporization	vaporize	-ation	V	N
vaporize	vapor	-ize	N	V
variability	variable	-ity	ADJ	N
variance	variant	-ance	N	N
variance	vary	-ance	N	N
variant	variance	-ant	N	ADJ
vastness	vast	-ness	ADJ	N
vegetarian	vegetable	-arian	N	N
vegetarian	vegetable	-arian	N	ADJ
vegetation	vegetate	-ion	V	N
venerable	venerate	-able	V	ADJ
veneration	venerate	-ion	V	N
venomous	venom	-ous	N	ADJ
ventilation	ventilate	-ion	ADJ	N
ventilation	ventilate	-tion	ADJ	N
venturesome	venture	-some	N	ADJ
viability	viable	-ity	ADJ	N
vibration	vibrate	-ion	V	N
vicinity	vicine	-ity	N	N
victorious	victory	-ous	N	ADJ
videocassette	cassette	video-	N	N
vigilance	vigilant	-ce	ADJ	N
vigilance	vigil	-ance	N	N
vigilant	vigil	-ant	N	ADJ
vigorous	vigor	-ous	N	ADJ
vigorous	vigour	-ous	N	ADJ
viral	virus	-al	N	ADJ
virtuous	virtue	-ous	N	ADJ
viscosity	viscous	-ity	ADJ	N
visibility	visible	-ity	ADJ	N
vitalism	vital	-ism	ADJ	N
vitalist	vital	-ist	ADJ	ADJ
vitalist	vitalism	-ist	N	N
vitality	vital	-ity	ADJ	N
vivacity	vivacious	-ity	ADJ	N
vocational	vocation	-al	N	ADJ
volcanic	volcano	-ic	N	ADJ
voltage	volt	-age	N	N
vowel	vow	-el	N	N
vulgarity	vulgar	-ity	ADJ	N
warfare	war	-fare	N	N
warrantable	warrant	-able	N	ADJ
warranty	warrant	-y	N	N
wary	ware	-y	ADJ	ADJ
waterproof	water	-proof	N	ADJ
waver	wave	-er	N	V
wavy	wave	-y	N	ADJ
waxy	wax	-y	N	ADJ
weariness	weary	-ness	ADJ	N
weathering	weather	-ing	N	N
weaver	weave	-er	N	N
whittle	white	-le	ADJ	N
wholesaler	wholesale	-er	N	N
wholesome	whole	-some	ADJ	ADJ
wispy	wisp	-y	N	ADJ
withstand	stand	with-	V	V
witty	wit	-y	ADJ	ADJ
woods	wood	-s	N	N
woolen	wool	-en	N	ADJ
woolly	wool	-y	N	ADJ
woolly	wool	-ly	N	ADJ
worldly	world	-ly	N	ADJ
worldly	world	-ly	N	ADV
worthy	worth	-y	N	ADJ
wrangler	wrangle	-er	N	N
wrath	wroth	-th	ADJ	N
wrestling	wrestle	-ing	V	N
zealous	zeal	-ous	N	ADJ
