# UniMorph eng 66e0e9e8e2dcd196da081a25a48e5c1fe3d8b49b | sha256 743fff8ddb3ff26ae413af1fa859806106ffff69628be4cb7ed4d34f677deed2 | pack gk | entries 346
abnormal	normal	ab-	ADJ	ADJ
aboard	board	a-	N	ADV
aboard	board	a-	N	N
accustomed	accustom	-ed	V	ADJ
acquaintance	acquaint	-ance	V	N
adaptation	adapt	-ation	V	N
addicted	addict	-ed	ADJ	ADJ
admirable	admire	-able	V	ADJ
adolescence	adolescent	-ence	ADJ	N
aggression	aggress	-ion	N	N
alcoholic	alcohol	-ic	N	N
allergic	allergy	-ic	N	ADJ
aloud	loud	a-	ADJ	ADV
aluminium	alumina	-ium	N	N
amaze	maze	a-	N	V
amusement	amuse	-ment	V	N
arabic	arabia	-ic	N	ADJ
astonish	stun	a-	V	V
athletics	athlete	-ics	N	N
athletics	athletic	-s	ADJ	N
attentively	attentive	-ly	ADJ	ADV
autonomous	autonomy	-ous	N	ADJ
awake	wake	a-	N	V
awake	wake	a-	N	ADJ
awesome	awe	-some	N	ADJ
backache	ache	back-	N	N
backward	back	-ward	N	ADJ
baggage	bag	-age	N	N
bakery	bake	-ery	V	N
bakery	baker	-y	N	N
bandage	band	-age	N	N
bent	bend	-t	V	V
betray	tray	be-	N	V
biochemistry	chemistry	bio-	N	N
biochemistry	biochemist	-ry	N	N
boating	boat	-ing	N	N
bored	bore	-ed	N	V
botanical	botany	-ical	N	ADJ
bowling	bowl	-ing	N	N
boxing	box	-ing	N	V
boxing	box	-ing	N	N
bravery	brave	-ry	ADJ	N
breathless	breath	-less	N	ADJ
brewery	brew	-ery	N	N
brotherhood	brother	-hood	N	N
buddhism	buddha	-ism	N	N
buddhist	buddha	-ist	N	ADJ
buddhist	buddhism	-ist	N	ADJ
bureaucratic	bureaucracy	-tic	N	ADJ
bureaucratic	bureaucrat	-ic	N	ADJ
businesswoman	business	-woman	N	N
butcher	butch	-er	ADJ	ADJ
careless	care	-less	N	ADJ
cautious	caution	-ous	N	ADJ
cent	c	-ent	V	N
centigrade	grade	centi-	N	ADJ
centimetre	metre	centi-	V	N
chairwoman	chair	-woman	N	N
challenging	challenge	-ing	N	V
challenging	challenge	-ing	N	ADJ
changeable	change	-able	N	ADJ
cheerful	cheer	-ful	N	ADJ
cheers	cheer	-s	N	V
clarify	clarity	-fy	N	V
clarify	clarity	-ify	N	V
cleaner	clean	-er	ADJ	N
cloudy	cloud	-y	N	ADJ
clumsy	clumse	-y	N	ADJ
coincidence	coincide	-ence	V	N
coincidence	coincident	-ence	ADJ	N
communism	communise	-ism	V	N
conductor	conduct	-or	N	N
congratulation	congratulate	-ion	V	N
congratulation	gratulation	con-	N	N
considerate	consider	-ate	V	ADJ
contradictory	contradict	-ory	V	ADJ
convenience	convenient	-ence	ADJ	N
cooker	cook	-er	N	N
cordless	cord	-less	N	ADJ
correction	correct	-ion	ADJ	N
crossing	cross	-ing	N	N
crossroads	crossroad	-s	N	N
crowded	crowd	-ed	N	ADJ
cubic	cube	-ic	N	ADJ
cyclist	cycle	-ist	N	N
decoration	decorate	-ion	ADJ	N
decoration	decor	-ation	N	N
devotion	devote	-ion	ADJ	N
dictation	dictate	-ion	N	N
dioxide	oxide	di-	N	N
disagreement	agreement	dis-	N	N
disagreement	disagree	-ment	V	N
disappoint	appoint	dis-	V	V
disgusting	disgust	-ing	N	ADJ
dislike	like	dis-	ADJ	N
disobey	obey	dis-	V	V
disturbing	disturb	-ing	V	ADJ
does	do	-s	V	V
download	load	down-	N	N
downward	down	-ward	ADV	ADV
drier	dry	-er	ADJ	ADJ
drier	dry	-er	ADJ	N
dustbin	dust	-in	N	N
dusty	dust	-y	N	ADJ
dynasty	dynast	-y	N	N
eastwards	east	-wards	N	ADV
egyptian	egypt	-ian	N	ADJ
ending	end	-ing	N	N
ending	end	-ing	N	V
energetic	energy	-etic	N	ADJ
enjoyable	enjoy	-able	V	ADJ
enlarge	large	en-	ADJ	V
eraser	erase	-er	V	N
explorer	explore	-er	V	N
facial	face	-ial	N	ADJ
fairness	fair	-ness	ADJ	N
fasten	fast	-en	N	V
firefighter	firefight	-er	N	N
firework	fire	-work	N	N
flaming	flame	-ing	N	ADJ
fluency	fluent	-cy	ADJ	N
foggy	fog	-y	N	ADJ
fond	fon	-d	N	ADJ
foolish	fool	-ish	N	ADJ
forbid	bid	for-	V	V
foreigner	foreign	-er	ADJ	N
foresee	see	fore-	N	V
forgetful	forget	-ful	V	ADJ
fortunate	fortune	-ate	N	ADJ
founding	found	-ing	V	N
freezing	freeze	-ing	V	ADJ
frenchman	french	-man	ADJ	N
fried	fry	-ed	N	V
frighten	fright	-en	N	V
gardening	garden	-ing	N	N
geometry	geometer	-y	N	N
graduation	graduate	-ation	N	N
graduation	graduate	-ion	N	N
granddaughter	daughter	grand-	N	N
grandson	son	grand-	N	N
grandson	grand	-son	N	N
greedy	greed	-y	N	ADJ
greeting	greet	-ing	V	ADJ
gymnastics	gymnast	-ics	N	N
hamburger	hamburg	-er	N	N
hammer	west ham	-er	N	N
handy	hand	-y	N	ADJ
handy	hand	-y	N	N
hardship	hard	-ship	ADV	N
harmful	harm	-ful	N	ADJ
harmless	harm	-less	N	ADJ
heroine	hero	-ine	N	N
hibernate	hibernal	-ate	ADJ	V
hibernation	hibernate	-ion	V	N
hillside	hill	-side	N	N
hilly	hill	-y	N	ADJ
homework	home	-work	N	N
hopeful	hope	-ful	N	ADJ
hopeless	hope	-less	N	ADJ
hopeless	home	-less	N	ADJ
hostess	host	-ess	N	N
housework	house	-work	N	N
humorous	humor	-ous	N	ADJ
incorrect	correct	in-	ADJ	ADJ
inland	land	in-	N	ADJ
insure	sure	in-	ADJ	V
interpreter	interpret	-er	N	N
invention	invent	-ion	V	N
inventor	invent	-or	V	N
irrigation	irrigate	-ion	V	N
juicy	juice	-y	N	ADJ
kilogram	gram	kilo-	N	N
kindness	kind	-ness	N	N
labourer	labour	-er	V	N
latest	late	-est	ADJ	ADJ
lazy	lays	-y	N	ADJ
lazy	laze	-y	V	ADJ
learned	learn	-ed	V	U
learned	learn	-ed	V	ADJ
lemonade	lemon	-ade	N	N
librarian	library	-an	N	N
librarian	library	-ian	N	N
lightning	lighten	-ing	V	N
loudly	loud	-ly	ADJ	ADV
luggage	lug	-age	N	N
mainland	main	-land	N	N
mankind	man	-kind	N	N
memorize	memory	-ize	N	V
merciful	mercy	-ful	N	ADJ
messy	mess	-y	N	ADJ
microcomputer	computer	micro-	V	N
microwave	wave	micro-	N	N
midday	day	mid-	N	N
millionaire	million	-aire	N	N
minibus	bus	mini-	N	N
miniskirt	skirt	mini-	N	N
mistaken	mistake	-n	N	V
mistaken	mistake	-en	N	V
misunderstand	understand	mis-	V	V
motherland	mother	-land	N	N
mountainous	mountain	-ous	N	ADJ
mouthful	mouth	-ful	N	N
mouthful	mouth	-ful	N	ADJ
muddy	mud	-y	ADJ	ADJ
multiply	multiple	-ly	ADJ	ADV
nationality	national	-ity	ADJ	N
nationwide	nation	-wide	N	ADJ
necktie	neck	-ie	N	N
noisily	noisy	-ly	ADJ	ADV
noisy	noise	-y	N	ADJ
northwards	north	-wards	ADJ	ADV
novelist	novel	-ist	ADJ	N
nursing	nurse	-ing	N	ADJ
offshore	shore	off-	N	ADJ
oneself	one	-self	N	U
opener	open	-er	ADJ	N
optional	option	-al	N	ADJ
outdoors	outdoor	-s	N	N
outing	out	-ing	ADJ	N
outspoken	spoken	out-	ADJ	ADJ
outward	out	-ward	ADV	ADJ
outward	ward	out-	N	V
overcoat	coat	over-	N	N
overhead	head	over-	ADJ	ADJ
overweight	weight	over-	N	ADJ
pancake	cake	pan-	N	N
paperwork	paper	-work	V	N
physicist	physics	-ist	N	N
pianist	piano	-ist	ADJ	N
playmate	play	-mate	V	N
poisonous	poison	-ous	N	ADJ
porter	port	-er	N	N
postage	age	post-	N	N
postage	post	-age	N	N
postbox	box	post-	N	N
postcard	card	post-	N	N
postman	post	-man	N	N
preview	view	pre-	V	N
printing	print	-ing	N	N
punctuation	punctuate	-ion	V	N
puzzled	puzzle	-ed	N	ADJ
radioactive	active	radio-	N	ADJ
rainy	rain	-y	N	ADJ
receptionist	reception	-ist	N	N
recorder	record	-er	N	N
recreation	creation	re-	N	U
recycle	cycle	re-	N	V
redirect	direct	re-	V	V
referee	refer	-ee	V	N
refresh	fresh	re-	ADJ	V
relay	lay	re-	V	V
retell	tell	re-	V	V
reuse	use	re-	V	N
reviewer	review	-er	N	N
revision	vision	re-	N	V
revision	revise	-ion	V	N
rewind	wind	re-	N	V
rewrite	write	re-	V	N
riddle	rede	-le	N	N
ripen	ripe	-en	N	V
roller	roll	-er	N	N
rooster	roost	-er	N	N
rubber	rub	-er	V	N
sadness	sad	-ness	N	N
sailing	sail	-ing	N	ADJ
sailing	sail	-ing	N	N
sailing	sail	-ing	N	V
sailor	sail	-or	V	N
salesman	sale	-man	N	N
saleswoman	sale	-woman	N	N
salty	salt	-y	N	ADJ
saucer	sauce	-er	N	N
saying	say	-ing	N	V
scenery	scene	-ry	N	N
sceptical	sceptic	-al	N	ADJ
scores	score	-s	N	N
seaman	sea	-man	N	N
seaside	sea	-side	N	N
selfish	self	-ish	N	ADJ
semicircle	circle	semi-	N	N
semicircle	circle	semi-	N	V
settler	settle	-er	N	N
shabby	shab	-y	N	ADJ
sharpen	sharp	-en	N	V
sharpener	sharpen	-er	V	N
shaver	shave	-er	V	N
shorts	short	-s	N	N
sickness	sick	-ness	N	N
sightseeing	sightsee	-ing	N	N
simplify	simple	-ify	ADJ	V
sincerely	sincere	-ly	ADJ	ADV
sixteenth	sixteen	-th	N	ADJ
skillful	skill	-ful	N	ADJ
skillfully	skillful	-ly	ADJ	ADV
slavery	slave	-ery	ADJ	N
slavery	slaver	-y	V	ADJ
slavery	slave	-ry	ADJ	N
sleepy	sleep	-y	N	ADJ
smelly	smell	-y	V	ADJ
smelly	smell	-ly	V	ADJ
smoker	smoke	-er	N	N
smoking	smoke	-ing	N	V
smoking	smoke	-ing	N	N
sneaker	sneak	-er	N	N
snowman	snow	-man	N	N
snowy	snow	-y	N	ADJ
spaceship	space	-ship	ADJ	N
spelling	spell	-ing	N	V
spoken	spoke	-n	N	ADJ
spoonful	spoon	-ful	N	N
stainless	stain	-less	N	ADJ
starvation	starve	-ation	V	N
starvation	starve	-tion	V	N
stewardess	steward	-ess	N	N
stocking	stock	-ing	N	N
stocking	stock	-ing	N	V
subjective	subject	-ive	N	ADJ
subtraction	subtract	-ion	V	N
sunburnt	sunburn	-t	N	ADJ
sunny	sun	-y	N	ADJ
superman	man	super-	N	N
sweater	sweat	-er	N	N
tanker	tank	-er	N	N
tasteless	taste	-less	N	ADJ
tasty	taste	-y	N	ADJ
teamwork	team	-work	N	N
temptation	tempt	-ation	V	N
thankful	thank	-ful	V	ADJ
theirs	their	-s	ADV	U
thirsty	thirst	-y	N	ADJ
thriller	thrill	-er	N	N
tidy	tide	-y	N	ADJ
tractor	tract	-or	N	N
translator	translate	-or	V	N
triangle	angle	tri-	N	N
troublesome	trouble	-some	ADJ	ADJ
twelfth	twelve	-th	N	ADJ
typewriter	typewrite	-er	V	N
typist	type	-ist	N	N
unbearable	bearable	un-	ADJ	ADJ
unbelievable	believable	un-	ADJ	ADJ
unconditional	conditional	un-	ADJ	ADJ
unconscious	conscious	un-	ADJ	ADJ
underground	ground	under-	N	ADV
underline	line	under-	N	N
underwear	wear	under-	N	N
undivided	divided	un-	V	ADJ
undo	do	un-	N	V
unfit	fit	un-	ADJ	ADJ
unfold	fold	un-	V	V
unhealthy	healthy	un-	ADJ	ADJ
unimportant	important	un-	ADJ	ADJ
unmarried	married	un-	ADJ	ADJ
unmarried	unmarry	-ed	V	ADJ
unpleasant	pleasant	un-	ADJ	ADJ
unrest	rest	un-	N	N
unsafe	safe	un-	ADJ	ADJ
unsuccessful	successful	un-	ADJ	ADJ
untrue	true	un-	ADJ	ADJ
unwilling	willing	un-	ADJ	ADJ
upward	up	-ward	ADJ	ADV
upward	up	-ward	ADJ	N
useless	use	-less	V	ADJ
vacant	vacate	-ant	V	ADJ
villager	village	-er	N	N
violin	viola	-in	N	N
violinist	violin	-ist	N	N
waiter	wait	-er	N	N
waitress	waiter	-ess	N	N
walkman	walk	-man	N	N
wayside	way	-side	N	ADJ
weatherman	weather	-man	N	N
website	web	-ite	N	N
westerner	western	-er	N	N
westwards	west	-wards	N	ADV
willingly	willing	-ly	ADJ	ADV
windy	wind	-y	N	ADJ
woollen	wool	-en	N	ADJ
workmate	work	-mate	N	N
worthless	worth	-less	N	ADJ
worthy	worth	-y	N	ADJ
wounded	wound	-ed	V	ADJ
wrestle	wrest	-le	V	N
yummy	yum	-y	ADJ	ADJ
zipper	zip	-er	N	N
