# UniMorph eng 66e0e9e8e2dcd196da081a25a48e5c1fe3d8b49b | sha256 743fff8ddb3ff26ae413af1fa859806106ffff69628be4cb7ed4d34f677deed2 | pack cet4 | entries 415
abnormal	normal	ab-	ADJ	ADJ
aboard	board	a-	N	ADV
aboard	board	a-	N	N
acceleration	accelerate	-ion	V	N
accessory	access	-ory	N	ADJ
accidental	accident	-al	N	ADJ
accordance	accord	-ance	N	N
accustomed	accustom	-ed	V	ADJ
acquaintance	acquaint	-ance	V	N
adverb	verb	ad-	N	N
advisable	advise	-able	V	ADJ
aloud	loud	a-	ADJ	ADV
aluminium	alumina	-ium	N	N
amaze	maze	a-	N	V
amplify	ample	-ify	ADJ	V
announcer	announce	-er	V	N
appliance	apply	-ance	V	N
arabian	arabia	-n	N	ADJ
arabian	arabia	-an	N	ADJ
arouse	rouse	a-	N	V
ascribe	scribe	a-	N	V
astonish	stun	a-	V	V
atmospheric	atmosphere	-ic	N	ADJ
atomic	atom	-ic	N	ADJ
attentive	attention	-ive	N	ADJ
autobiography	biography	auto-	N	N
automation	automatic	-ion	ADJ	N
automation	automate	-ion	ADJ	N
aviation	aviate	-ion	V	N
awake	wake	a-	N	V
awake	wake	a-	N	ADJ
awfully	awful	-ly	ADJ	ADV
backward	back	-ward	N	ADJ
baggage	bag	-age	N	N
banner	ban	-er	V	N
beggar	beg	-ar	N	N
beginner	begin	-er	V	N
beloved	belove	-ed	V	ADJ
beloved	love	be-	N	ADJ
betray	tray	be-	N	V
bitterly	bitter	-ly	N	ADV
breadth	broad	-th	ADJ	N
brighten	bright	-en	ADJ	V
brittle	brit	-le	U	ADJ
butcher	butch	-er	ADJ	ADJ
calculator	calculate	-or	V	N
careless	care	-less	N	ADJ
cautious	caution	-ous	N	ADJ
cent	c	-ent	V	N
centigrade	grade	centi-	N	ADJ
centimetre	metre	centi-	V	N
charming	charm	-ing	N	ADJ
cheerful	cheer	-ful	N	ADJ
childish	child	-ish	N	ADJ
chill	will	ch-	V	V
civilize	civil	-ize	ADJ	V
clarify	clarity	-fy	N	V
clarify	clarity	-ify	N	V
clumsy	clumse	-y	N	ADJ
communism	communise	-ism	V	N
comparative	compare	-ative	V	ADJ
comparatively	comparative	-ly	ADJ	ADV
conductor	conduct	-or	N	N
congratulation	congratulate	-ion	V	N
congratulation	gratulation	con-	N	N
conjunction	conjunct	-ion	N	N
considerate	consider	-ate	V	ADJ
continual	continue	-al	N	ADJ
convenience	convenient	-ence	ADJ	N
conversely	converse	-ly	N	ADV
correction	correct	-ion	ADJ	N
corresponding	correspond	-ing	V	ADJ
cripple	creep	-le	V	ADJ
cubic	cube	-ic	N	ADJ
cunning	con	-ing	V	ADJ
cunning	con	-ing	V	N
curiosity	curious	-ity	ADJ	N
daring	dare	-ing	V	ADJ
deepen	deep	-en	ADJ	V
depress	press	de-	N	V
destructive	destruct	-ive	V	ADJ
detection	detect	-ion	V	N
dictation	dictate	-ion	N	N
disable	able	dis-	N	V
disappoint	appoint	dis-	V	V
disapprove	approve	dis-	V	V
discard	card	dis-	N	V
dislike	like	dis-	ADJ	N
displease	please	dis-	V	V
dissatisfy	satisfy	dis-	V	V
doubtful	doubt	-ful	N	ADJ
doubtless	doubt	-less	N	ADJ
doubtless	doubt	-less	N	ADV
downward	down	-ward	ADV	ADV
dwelling	dwell	-ing	V	V
dwelling	dwell	-ing	V	N
dying	die	-ing	N	ADJ
dying	dye	-ing	N	V
earnest	earn	-est	V	V
economical	economic	-al	ADJ	ADJ
editorial	editor	-ial	N	ADJ
elimination	eliminate	-tion	V	N
elimination	eliminate	-ion	V	N
ending	end	-ing	N	N
ending	end	-ing	N	V
englishman	english	-man	ADJ	N
enlarge	large	en-	ADJ	V
exceedingly	exceeding	-ly	V	ADV
exhaustion	exhaust	-ion	N	N
explosive	explosion	-ive	N	ADJ
faithful	faith	-ful	N	ADJ
fashionable	fashion	-able	N	ADJ
fasten	fast	-en	N	V
faulty	fault	-y	N	ADJ
favorable	favor	-able	N	ADJ
fearful	fear	-ful	N	ADJ
fertilizer	fertilize	-er	V	N
fireman	fire	-man	N	N
fond	fon	-d	N	ADJ
foolish	fool	-ish	N	ADJ
forbid	bid	for-	V	V
foreigner	foreign	-er	ADJ	N
foremost	fore	-most	N	ADJ
fortunate	fortune	-ate	N	ADJ
freight	aught	for-	N	N
frighten	fright	-en	N	V
fruitful	fruit	-ful	N	ADJ
furious	fury	-ous	N	ADJ
gardener	garden	-er	N	N
gaseous	gas	-eous	N	ADJ
generator	generation	-or	N	N
geometry	geometer	-y	N	N
gloomy	gloom	-y	N	ADJ
glorious	glory	-ous	N	ADJ
graceful	grace	-ful	N	ADJ
gracious	grace	-ious	N	ADJ
grammatical	grammatic	-al	ADJ	ADJ
granddaughter	daughter	grand-	N	N
grandson	son	grand-	N	N
grandson	grand	-son	N	N
greedy	greed	-y	N	ADJ
greeting	greet	-ing	V	ADJ
habitual	habit	-ual	N	ADJ
hamburger	hamburg	-er	N	N
hammer	west ham	-er	N	N
handy	hand	-y	N	ADJ
handy	hand	-y	N	N
harden	hard	-en	ADJ	V
hardship	hard	-ship	ADV	N
harmful	harm	-ful	N	ADJ
hasten	haste	-en	N	V
hasty	haste	-y	N	ADJ
hateful	hate	-ful	N	ADJ
hatred	hate	-red	V	N
helpless	help	-less	V	ADJ
heroic	hero	-ic	N	ADJ
heroine	hero	-ine	N	N
hillside	hill	-side	N	N
honesty	honest	-y	ADJ	N
honourable	honour	-able	N	ADJ
hopeful	hope	-ful	N	ADJ
hopeless	hope	-less	N	ADJ
hopeless	home	-less	N	ADJ
hostess	host	-ess	N	N
humble	hum	-le	N	V
humorous	humor	-ous	N	ADJ
ignorant	ignore	-ant	V	ADJ
imaginary	imagine	-ary	V	ADJ
immigrate	migrate	im-	V	V
imprison	prison	im-	N	V
incorrect	correct	in-	ADJ	ADJ
indefinite	definite	in-	ADJ	ADJ
indifferent	different	in-	ADJ	ADJ
indispensable	dispensable	in-	ADJ	ADJ
indoor	door	in-	N	ADJ
indoors	indoor	-s	ADJ	N
industrialize	industrial	-ize	ADJ	V
inefficient	efficient	in-	ADJ	ADJ
inexpensive	expensive	in-	ADJ	ADJ
infamous	famous	in-	ADJ	ADJ
infinite	finite	in-	ADJ	ADJ
injection	inject	-ion	V	N
insignificant	significant	in-	ADJ	ADJ
insufficient	sufficient	in-	ADJ	ADJ
insure	sure	in-	ADJ	V
intentional	intention	-al	N	ADJ
interference	interfere	-ence	V	N
interpreter	interpret	-er	N	N
interruption	interrupt	-ion	V	N
invention	invent	-ion	V	N
inventor	invent	-or	V	N
inward	in	-ward	V	ADJ
irregular	regular	ir-	ADJ	ADJ
joyful	joy	-ful	N	ADJ
kilogram	gram	kilo-	N	N
kilometer	meter	kilo-	N	N
kindness	kind	-ness	N	N
lazy	lays	-y	N	ADJ
lazy	laze	-y	V	ADJ
learned	learn	-ed	V	U
learned	learn	-ed	V	ADJ
lessen	less	-en	N	V
lever	lief	-er	ADJ	N
leverage	lever	-age	N	N
librarian	library	-an	N	N
librarian	library	-ian	N	N
lighten	light	-en	ADJ	V
lightning	lighten	-ing	V	N
likelihood	likely	-hood	ADJ	N
likewise	like	-wise	ADJ	ADV
linen	line	-en	N	N
liner	line	-er	N	N
listener	listen	-er	N	N
loosen	loose	-en	N	V
luggage	lug	-age	N	N
mainland	main	-land	N	N
mankind	man	-kind	N	N
manly	man	-ly	V	ADJ
marvelous	marvel	-ous	N	ADJ
marxist	marx	-ist	N	ADJ
materialism	material	-ism	N	N
mathematical	mathematics	-al	N	ADJ
measurable	measure	-able	N	ADJ
mechanically	mechanical	-ly	ADJ	ADV
mechanics	mechanic	-s	N	N
messenger	message	-er	N	N
metric	metre	-ic	V	ADJ
microcomputer	computer	micro-	V	N
midday	day	mid-	N	N
millimetre	metre	milli-	V	N
miserable	miser	-able	N	ADJ
mislead	lead	mis-	V	V
mister	mist	-er	N	N
mistress	mister	-ess	N	N
misunderstand	understand	mis-	V	V
moisture	moist	-ure	ADJ	N
mouthful	mouth	-ful	N	N
mouthful	mouth	-ful	N	ADJ
muddy	mud	-y	ADJ	ADJ
multiply	multiple	-ly	ADJ	ADV
murderer	murder	-er	ADJ	N
nationality	national	-ity	ADJ	N
naughty	naught	-y	N	ADJ
navigation	navigate	-ion	ADJ	N
needless	need	-less	N	ADJ
noisy	noise	-y	N	ADJ
noticeable	notice	-able	N	ADJ
occurrence	occur	-ence	V	N
oneself	one	-self	N	U
optical	optic	-al	ADJ	ADJ
optics	optic	-ics	ADJ	N
optics	optic	-s	ADJ	N
optional	option	-al	N	ADJ
orderly	order	-ly	V	ADJ
oriental	orient	-al	N	ADJ
outdoors	outdoor	-s	N	N
outlet	let	out-	V	N
outlook	look	out-	N	N
outset	set#verb	out-	N	N
outset	set	out-	U	V
outset	set	out-	N	N
outskirt	skirt	out-	N	N
outskirt	skirt	out-	N	V
outward	out	-ward	ADV	ADJ
outward	ward	out-	N	V
outwards	outward	-s	ADJ	ADV
overcoat	coat	over-	N	N
overdue	due	over-	ADJ	ADJ
overhead	head	over-	ADJ	ADJ
overnight	night	over-	N	ADJ
overtake	take	over-	N	V
overtime	time	over-	V	N
permanently	permanent	-ly	ADJ	ADV
pessimistic	pessimist	-ic	N	ADJ
philosopher	philosophy	-er	N	N
photographic	photograph	-ic	N	ADJ
physicist	physics	-ist	N	N
pipeline	pipe	-ine	N	N
plantation	plant	-ation	N	N
plentiful	plenty	-ful	N	ADJ
plural	plus	-alis	N	ADJ
poisonous	poison	-ous	N	ADJ
porter	port	-er	N	N
postage	age	post-	N	N
postage	post	-age	N	N
postman	post	-man	N	N
precaution	caution	pre-	N	N
preceding	precede	-ing	V	ADJ
precision	precise	-ion	ADJ	N
preferable	prefer	-able	V	ADJ
preposition	position	pre-	N	U
presently	present	-ly	ADJ	ADV
pronoun	noun	pro-	N	N
proportional	proportion	-al	N	ADJ
prosperity	prosper	-ity	ADJ	N
prosperous	prosper	-ous	ADJ	ADJ
purify	pure	-ify	ADJ	V
purity	pure	-ity	N	N
quarterly	quarter	-ly	V	ADJ
quicken	quick	-en	ADJ	V
quotation	quote	-ation	N	N
radioactive	active	radio-	N	ADJ
radioactivity	radioactive	-ity	ADJ	U
radioactivity	activity	radio-	N	N
radioactivity	radioactive	-ity	ADJ	N
rainy	rain	-y	N	ADJ
recollect	collect	re-	U	V
recollect	collect	re-	V	V
recorder	record	-er	N	N
recreation	creation	re-	N	U
refine	fine	re-	ADJ	V
refresh	fresh	re-	ADJ	V
refreshment	refresh	-ment	V	N
rehearsal	rehearse	-al	V	N
relativity	relative	-ity	N	N
reliance	rely	-ance	V	N
reliance	reliant	-ce	ADJ	N
renew	new	re-	ADJ	V
repetition	petition	re-	N	N
resistant	resist	-ant	V	ADJ
respectful	respect	-ful	N	ADJ
respective	respect	-ive	N	ADJ
restless	rest	-less	N	ADJ
retell	tell	re-	V	V
retreat	treat	re-	V	V
retreat	treat	re-	V	N
riddle	rede	-le	N	N
ripen	ripe	-en	N	V
robber	rob	-er	N	N
robbery	rob	-ery	N	N
robbery	robber	-y	N	N
roller	roll	-er	N	N
rotation	rotate	-ion	V	N
rotten	rot	-en	N	ADJ
rubber	rub	-er	V	N
rusty	rust	-y	N	ADJ
sadness	sad	-ness	N	N
sailor	sail	-or	V	N
salesman	sale	-man	N	N
sandy	sand	-y	N	ADJ
saucer	sauce	-er	N	N
scenery	scene	-ry	N	N
seaman	sea	-man	N	N
selfish	self	-ish	N	ADJ
semiconductor	conductor	semi-	N	N
shady	shade	-y	N	ADJ
sharpen	sharp	-en	N	V
shilling	skill	-ing	N	N
sickness	sick	-ness	N	N
sightseeing	sightsee	-ing	N	N
simplicity	simple	-icity	ADJ	N
simplify	simple	-ify	ADJ	V
skillful	skill	-ful	N	ADJ
slavery	slave	-ery	ADJ	N
slavery	slaver	-y	V	ADJ
slavery	slave	-ry	ADJ	N
sleepy	sleep	-y	N	ADJ
slipper	slip	-er	N	N
smoothly	smooth	-ly	ADJ	ADV
snowy	snow	-y	N	ADJ
spacecraft	space	-craft	N	N
spaceship	space	-ship	ADJ	N
sparkle	spark	-le	N	N
sparkle	spark	-le	N	U
speciality	special	-ity	N	N
spelling	spell	-ing	N	V
sportsman	sports	-man	N	N
sportsman	sport	-man	N	N
sprinkle	sprink	-le	V	V
startle	start	-le	N	V
starvation	starve	-ation	V	N
starvation	starve	-tion	V	N
statesman	state	-man	N	N
steamer	steam	-er	N	N
stewardess	steward	-ess	N	N
sticky	stick	-y	N	ADJ
stiffen	stiff	-en	ADJ	V
stocking	stock	-ing	N	N
stocking	stock	-ing	N	V
stony	stone	-y	N	ADJ
stormy	storm	-y	N	ADJ
submarine	marine	sub-	N	ADJ
submerge	merge	sub-	V	V
subway	way	sub-	N	N
summarize	summary	-ize	ADJ	V
surname	name	sur-	N	N
surroundings	surrounding	-s	N	N
sweater	sweat	-er	N	N
sympathize	sympathy	-ize	N	V
synthetic	synthesis	-ic	N	ADJ
technician	technic	-ian	N	N
temptation	tempt	-ation	V	N
thickness	thick	-ness	ADJ	N
thirdly	third	-ly	ADJ	ADV
thoughtful	thought	-ful	N	ADJ
tidy	tide	-y	N	ADJ
tolerance	tolerant	-ce	ADJ	N
tractor	tract	-or	N	N
transformer	transform	-er	N	N
transplant	plant	trans-	N	V
triangle	angle	tri-	N	N
troublesome	trouble	-some	ADJ	ADJ
trumpet	trump	-et	N	N
turning	turn	-ing	N	N
twinkle	twink	-le	V	V
typewriter	typewrite	-er	V	N
typist	type	-ist	N	N
unbearable	bearable	un-	ADJ	ADJ
unconscious	conscious	un-	ADJ	ADJ
undergraduate	graduate	under-	N	N
underline	line	under-	N	N
undo	do	un-	N	V
uneasy	easy	un-	ADJ	ADJ
uneasy	unease	-y	N	ADJ
unjust	just	un-	ADV	ADJ
unkind	kind	un-	N	ADJ
unload	load	un-	N	V
unlucky	lucky	un-	ADJ	ADJ
unpleasant	pleasant	un-	ADJ	ADJ
unsatisfactory	satisfactory	un-	ADJ	ADJ
unstable	stable	un-	ADJ	ADJ
unsuitable	suitable	un-	ADJ	ADJ
unusually	unusual	-ly	ADJ	ADV
unusually	usually	un-	ADV	ADV
unwilling	willing	un-	ADJ	ADJ
upright	right	up-	ADJ	ADJ
upward	up	-ward	ADJ	ADV
upward	up	-ward	ADJ	N
usage	use	-age	N	N
useless	use	-less	V	ADJ
vacant	vacate	-ant	V	ADJ
vanity	vain	-ity	ADJ	N
vibration	vibrate	-ion	V	N
victorious	victory	-ous	N	ADJ
videotape	tape	video-	N	N
vigorous	vigor	-ous	N	ADJ
vigorous	vigour	-ous	N	ADJ
violin	viola	-in	N	N
vitally	vital	-ly	ADJ	ADV
voltage	volt	-age	N	N
waiter	wait	-er	N	N
waterproof	water	-proof	N	ADJ
westward	west	-ward	N	ADJ
whitewash	white	-wash	ADJ	N
widen	wide	-en	ADJ	V
width	wide	-th	ADJ	N
wireless	wire	-less	N	ADJ
withstand	stand	with-	V	V
woollen	wool	-en	N	ADJ
workman	work	-man	N	N
worship	worth	-ship	ADJ	N
worthless	worth	-less	N	ADJ
worthy	worth	-y	N	ADJ
wreckage	wreck	-age	N	N
yearly	year	-ly	N	ADJ
yearly	year	-ly	N	ADV
youthful	youth	-ful	N	ADJ
zealous	zeal	-ous	N	ADJ
