# UniMorph eng 66e0e9e8e2dcd196da081a25a48e5c1fe3d8b49b | sha256 743fff8ddb3ff26ae413af1fa859806106ffff69628be4cb7ed4d34f677deed2 | pack ielts | entries 745
abbreviation	abbreviate	-ion	V	N
abnormal	normal	ab-	ADJ	ADJ
aboriginal	aborigine	-al	N	ADJ
abrasion	abrade	-ion	V	N
abundance	abundant	-ce	ADJ	N
accessory	access	-ory	N	ADJ
accuser	accuse	-er	V	N
activate	active	-ate	ADJ	V
adolescence	adolescent	-ence	ADJ	N
affix	fix	ad-	V	N
agitation	agitate	-tion	ADJ	N
agitation	agitate	-ion	ADJ	N
agreeable	agree	-able	V	ADJ
alienate	alien	-ate	ADJ	ADJ
allergic	allergy	-ic	N	ADJ
alphabetical	alphabetic	-al	ADJ	ADJ
amaze	maze	a-	N	V
ambiguity	ambiguous	-ity	ADJ	N
amplify	ample	-ify	ADJ	V
analytical	analytic	-al	ADJ	ADJ
antagonism	antagonise	-ism	V	N
antibiotic	biotic	anti-	ADJ	N
anticipation	anticipate	-ion	V	N
apologetic	apology	-ic	N	ADJ
apologetic	apology	-etic	N	ADJ
appliance	apply	-ance	V	N
applied	apply	-ed	V	ADJ
appraisal	appraise	-al	V	N
appreciable	appreciate	-able	V	ADJ
aptitude	apt	-itude	ADJ	N
archaeological	archaeology	-ical	N	ADJ
arouse	rouse	a-	N	V
ascribe	scribe	a-	N	V
aspiration	aspire	-ation	V	N
aspiration	aspirate	-ion	N	N
assassination	assassinate	-ion	V	N
assorted	assort	-ed	V	ADJ
atmospheric	atmosphere	-ic	N	ADJ
attendant	attend	-ant	V	ADJ
attentive	attention	-ive	N	ADJ
audition	audit	-ion	N	N
auditorium	auditory	-ium	ADJ	N
auditorium	audit	-orium	N	N
authoritative	authority	-ative	N	ADJ
automation	automatic	-ion	ADJ	N
automation	automate	-ion	ADJ	N
aviation	aviate	-ion	V	N
backward	back	-ward	N	ADJ
baggage	bag	-age	N	N
baldness	bald	-ness	ADJ	N
bandage	band	-age	N	N
bands	band	-s	N	N
banner	ban	-er	V	N
batter	bat	-er	N	N
batter	batting	-er	N	N
bearing	bear	-ing	N	V
bearing	bear	-ing	N	N
beloved	belove	-ed	V	ADJ
beloved	love	be-	N	ADJ
bent	bend	-t	V	V
berth	bear	-th	N	N
beset	set	be-	ADJ	V
betray	tray	be-	N	V
bewilder	intensifier	be-	N	V
bewilder	wilder	be-	V	V
bilateral	lateral	bi-	ADJ	ADJ
bilingual	lingual	bi-	ADJ	ADJ
blunder	blend	-er	N	N
booking	book	-ing	N	N
bookkeeper	bookkeeping	-er	N	N
booklet	book	-let	N	N
bowling	bowl	-ing	N	N
brittle	brit	-le	U	ADJ
brothers	brother	-s	N	N
brutal	brute	-al	N	ADJ
buckle	buck	-le	N	V
bulletin	bullet	-in	N	N
bully	bull	-y	N	N
bumper	bump	-er	N	N
buoyant	buoy	-ant	N	ADJ
butcher	butch	-er	ADJ	ADJ
bypass	pass	by-	N	N
carving	carve	-ing	N	N
cashier	cash	-ier	N	N
catalyst	catalyse	-t	V	N
catching	catch	-ing	N	N
catering	cater	-ing	V	N
cautious	caution	-ous	N	ADJ
challenging	challenge	-ing	N	V
challenging	challenge	-ing	N	ADJ
cheerful	cheer	-ful	N	ADJ
children	child	-ren	N	N
chill	will	ch-	V	V
chronological	chronology	-ical	N	ADJ
clarify	clarity	-fy	N	V
clarify	clarity	-ify	N	V
cleaner	clean	-er	ADJ	N
cleaning	clean	-ing	ADJ	V
clearance	clear	-ance	ADJ	N
clockwise	clock	-wise	N	ADV
clockwise	clock	-wise	N	ADJ
clubs	club	-s	N	N
clumsy	clumse	-y	N	ADJ
co-operation	co-operate	-ion	V	N
coeducation	education	co-	N	N
coincidence	coincide	-ence	V	N
coincidence	coincident	-ence	ADJ	N
combustible	combust	-ible	V	ADJ
commentary	comment	-ary	N	N
commuter	commute	-er	V	N
compliance	comply	-ance	V	N
complication	complicate	-ion	V	N
condolence	condole	-ence	V	N
conducive	conduce	-ive	V	ADJ
configuration	configure	-ation	V	N
confirmation	confirm	-ation	V	N
congestion	congest	-tion	V	N
congestion	congest	-ion	V	N
conjunction	conjunct	-ion	N	N
conqueror	conquer	-or	V	N
consequent	sequent	con-	ADJ	ADJ
conservatory	conserve	-atory	V	ADJ
considerate	consider	-ate	V	ADJ
contents	content	-s	ADJ	N
contingency	contingent	-cy	N	N
continuity	continuous	-ity	ADJ	N
convenience	convenient	-ence	ADJ	N
converge	verge	con-	V	V
conversely	converse	-ly	N	ADV
corresponding	correspond	-ing	V	ADJ
cosmic	cosmos	-ic	N	ADJ
cosmopolitan	cosmopolite	-an	N	ADJ
counterbalance	balance	counter-	N	N
cripple	creep	-le	V	ADJ
crooked	crook	-ed	N	V
crooked	crook	-ed	N	ADJ
crumble	crumb	-le	N	V
crumple	crump	-le	N	N
cultivation	cultivate	-ion	V	N
cumbersome	cumber	-some	V	ADJ
cumulative	cumulate	-ive	V	ADJ
cunning	con	-ing	V	ADJ
cunning	con	-ing	V	N
curly	curl	-y	N	ADJ
custodian	custody	-ian	N	N
customary	custom	-ary	N	N
cycling	cycle	-ing	N	V
cynical	cynic	-al	N	ADJ
damages	damage	-s	N	N
dazzle	daze	-le	V	V
deadlock	dead	-lock	ADJ	N
dearth	dear	-th	ADJ	N
decipher	cipher	de-	N	V
decompose	compose	de-	V	V
decoration	decorate	-ion	ADJ	N
decoration	decor	-ation	N	N
dedicated	dedicate	-ed	V	ADJ
dedication	dedicate	-ion	V	N
defiance	defiant	-ce	ADJ	N
deficiency	deficit	-ency	N	N
deficiency	deficient	-cy	ADJ	N
defile	file	de-	N	V
definitive	definition	-ive	N	ADJ
deflate	inflate	de-	V	V
defraud	fraud	de-	N	V
delinquency	delinquent	-cy	ADJ	N
denial	deny	-al	N	N
departmental	department	-al	N	ADJ
depletion	deplete	-ion	V	N
depress	press	de-	N	V
destiny	destine	-y	V	N
destructive	destruct	-ive	V	ADJ
detrimental	detriment	-al	N	ADJ
devastating	devastation	-ing	N	ADJ
dictation	dictate	-ion	N	N
differentiate	differential	-ate	ADJ	V
dilapidated	dilapidate	-ed	V	ADJ
dingy	dung	-y	N	ADJ
dioxide	oxide	di-	N	N
disable	able	dis-	N	V
disagreement	agreement	dis-	N	N
disagreement	disagree	-ment	V	N
disarray	array	dis-	N	V
discard	card	dis-	N	V
discriminate	criminate	dis-	V	V
disposition	dispose	-ition	V	N
disposition	dispose	-tion	V	N
disregard	regard	dis-	N	N
disregard	regard	dis-	N	V
distraction	distract	-ion	V	N
diversion	diverse	-ion	ADJ	N
dormant	dorm	-ant	N	ADJ
doubtful	doubt	-ful	N	ADJ
doubtless	doubt	-less	N	ADJ
doubtless	doubt	-less	N	ADV
downpour	pour	down-	V	N
drainage	drain	-age	N	N
dreadful	dread	-ful	N	ADJ
dreary	drear	-y	ADJ	ADJ
dressing	dress	-ing	N	N
dressing	dress	-ing	N	V
drop-off	drop	-off	V	N
drowsiness	drowsy	-ness	ADJ	N
drudgery	drudge	-ery	N	N
drudgery	drudge	-ry	N	N
duly	due	-ly	ADJ	ADV
dwindle	dwine	-le	V	V
economical	economic	-al	ADJ	ADJ
eddy	ea	ed-	N	N
editorial	editor	-ial	N	ADJ
egyptian	egypt	-ian	N	ADJ
elated	elate	-ed	ADJ	ADJ
electrician	electric	-ian	ADJ	N
email	mail	e-	N	N
embed	bed	en-	N	V
embed	bed	em-	N	V
embody	body	em-	N	V
emigrate	emigre	-ate	N	V
enclosure	enclose	-ure	V	N
ending	end	-ing	N	N
ending	end	-ing	N	V
endurance	endure	-ance	V	N
energetic	energy	-etic	N	ADJ
engrave	grave	en-	N	V
enlighten	light	-en	ADJ	V
enrich	rich	en-	N	V
enrollment	enroll	-ment	V	N
enrolment	enrol	-ment	V	N
entail	tail	en-	N	V
entangle	tangle	en-	V	V
epidemic	demic	epi-	ADJ	N
equator	equation	-or	N	N
exacerbate	acerbate	ex-	V	V
exceedingly	exceeding	-ly	V	ADV
existent	exist	-ent	V	ADJ
expectancy	expectant	-cy	ADJ	N
explosive	explosion	-ive	N	ADJ
exposition	expose	-ition	V	N
exposition	expose	-tion	V	N
exterminate	terminate	ex-	V	V
fabulous	fable	-ous	N	ADJ
fallible	fall	-ible	N	ADJ
fatuous	fatuity	-ous	N	ADJ
fellowship	fellow	-ship	N	N
feud	foe	-d	ADJ	U
fickle	fike	-le	V	ADJ
filth	foul	-th	ADJ	N
fitting	fit	-ing	ADJ	V
fixture	fix	-ture	N	N
flabby	flap	-y	N	ADJ
flatter	flat	-er	V	ADJ
flatter	flat	-er	V	N
fleeting	fleet	-ing	N	ADJ
flicker	flick	-er	N	N
flourishment	flourish	-ment	V	N
flutter	float	-er	V	V
folder	fold	-er	V	N
foremost	fore	-most	N	ADJ
forerunner	runner	fore-	N	N
foresee	see	fore-	N	V
forestry	forest	-ry	N	N
fortify	fort	-ify	N	V
fragrance	fragrant	-ce	ADJ	N
freight	aught	for-	N	N
fret	eat	for-	V	V
fruition	fruit	-ion	N	N
furious	fury	-ous	N	ADJ
fusion	fuse	-ion	N	N
gaily	gay	-ly	N	ADV
gamble	game	-le	N	N
gaudy	gaud	-y	N	ADJ
generalize	general	-ize	ADJ	V
geographic	geography	-ic	N	ADJ
geometry	geometer	-y	N	N
ghastly	ghast	-ly	V	ADJ
glimmer	glim	-er	N	N
gloomy	gloom	-y	N	ADJ
glorious	glory	-ous	N	ADJ
glossary	gloss	-ary	N	N
gracious	grace	-ious	N	ADJ
granary	grain	-ary	N	N
granular	granule	-ar	N	ADJ
greedy	greed	-y	N	ADJ
handy	hand	-y	N	ADJ
handy	hand	-y	N	N
harassment	harass	-ment	V	N
hardy	hard	-y	ADV	ADJ
harmful	harm	-ful	N	ADJ
hasty	haste	-y	N	ADJ
hazardous	hazard	-ous	N	ADJ
heater	heat	-er	N	N
heighten	height	-en	N	V
helpline	help	-ine	N	N
hemisphere	sphere	hemi-	N	N
hereditary	heredity	-ary	N	ADJ
heroine	hero	-ine	N	N
higher	high	-er	ADJ	N
homework	home	-work	N	N
hospitality	hospital	-ity	N	N
hover	hove	-er	V	V
huddle	hide	-le	V	N
humble	hum	-le	N	V
humidity	humid	-ity	ADJ	N
hysterical	hysteric	-al	N	ADJ
ignorance	ignore	-ance	V	N
illiterate	literate	il-	ADJ	ADJ
imaginative	imagination	-ive	N	ADJ
imitation	imitate	-ion	V	N
imposing	impose	-ing	V	V
inability	ability	in-	N	N
inaccurate	accurate	in-	ADJ	ADJ
inapt	apt	in-	ADJ	ADJ
incidentally	incidental	-ly	ADJ	ADV
inclination	incline	-ation	V	N
incoming	income	-ing	N	ADJ
increment	increase	-ment	V	N
indefinite	definite	in-	ADJ	ADJ
indemnity	indemn	-ity	ADJ	N
indicative	indicate	-ive	V	ADJ
indifferent	different	in-	ADJ	ADJ
indispensable	dispensable	in-	ADJ	ADJ
infectious	infect	-ious	ADJ	ADJ
infectious	infection	-ous	N	ADJ
inference	infer	-ence	V	N
infinite	finite	in-	ADJ	ADJ
infirmary	infirm	-ary	ADJ	N
informative	inform	-ative	V	ADJ
injection	inject	-ion	V	N
inland	land	in-	N	ADJ
innumerable	numerable	in-	ADJ	ADJ
insane	sane	in-	ADJ	ADJ
insolvent	solvent	in-	ADJ	ADJ
instrumental	instrument	-al	N	ADJ
insure	sure	in-	ADJ	V
integral	integer	-al	N	ADJ
intensify	intense	-ify	ADJ	V
intersection	intersect	-ion	V	N
interviewee	interview	-ee	N	N
interviewer	interview	-er	N	N
invalid	valid	in-	ADJ	ADJ
invalid	valid	in-	ADJ	V
invaluable	valuable	in-	ADJ	ADJ
irregular	regular	ir-	ADJ	ADJ
irrespective	respective	ir-	ADJ	ADJ
irrigation	irrigate	-ion	V	N
irritable	irritate	-able	V	ADJ
jumble	jump	-le	V	V
kidnap	kid	-nap	N	V
laborious	labor	-ious	V	ADJ
latest	late	-est	ADJ	ADJ
laudable	laud	-able	N	ADJ
layman	lay	-man	ADJ	N
lender	lend	-er	N	N
lever	lief	-er	ADJ	N
lights	light	-s	V	N
likelihood	likely	-hood	ADJ	N
likewise	like	-wise	ADJ	ADV
linen	line	-en	N	N
liner	line	-er	N	N
linguistics	linguist	-ics	N	N
literacy	literate	-cy	ADJ	N
locality	local	-ity	ADJ	N
locker	lock	-er	N	N
lodging	lodge	-ing	V	N
lofty	loft	-y	N	ADJ
longitude	long	-itude	ADJ	N
lucrative	lucre	-ative	N	ADJ
madden	mad	-en	N	V
maiden	maid	-en	N	N
mails	mail	-s	N	V
majestic	majesty	-ic	N	ADJ
malaysia	malaya	-ia	N	N
malignant	malign	-ant	ADJ	ADJ
malnutrition	nutrition	mal-	N	N
maltreat	treat	mal-	V	V
mammal	mamma	-al	N	N
mandatory	mandate	-ory	N	ADJ
maniac	mania	-ac	N	N
manifold	many	-fold	U	ADJ
manifold	many	-fold	U	V
mannerism	manner	-ism	N	N
marvelous	marvel	-ous	N	ADJ
melodious	melody	-ous	N	ADJ
memorise	memory	-ise	N	V
mentality	mental	-ity	ADJ	N
metabolism	metabolic	-ism	ADJ	N
metallic	metal	-ic	N	ADJ
meteoric	meteor	-ic	N	ADJ
meteorology	meteor	-logy	N	N
meteorology	meteor	-ology	N	N
metric	metre	-ic	V	ADJ
microbiology	biology	micro-	N	N
microfilm	film	micro-	N	N
midmorning	morning	mid-	N	N
mighty	might	-y	N	N
migration	migrate	-ion	V	N
migratory	migrator	-y	N	ADJ
mileage	mile	-age	N	N
mingle	ming	-le	V	V
minutes	minute	-s	N	N
miscarriage	carriage	mis-	N	N
miscarriage	miscarry	-age	V	N
misconceive	conceive	mis-	V	V
misdeed	deed	mis-	N	N
miserable	miser	-able	N	ADJ
misfortune	fortune	mis-	N	N
misgiving	give	mis-	V	N
misgiving	giving	mis-	N	N
misgiving	misgive	-ing	V	N
mishap	hap	mis-	N	N
mishap	hap	mis-	N	V
misrepresent	represent	mis-	V	V
misuse	use	mis-	V	N
misuse	use	mis-	V	V
mobilize	mobile	-ize	N	V
momentous	moment	-ous	N	ADJ
monarchy	monarch	-y	N	N
monotonous	monotone	-ous	N	ADJ
monstrous	monster	-ous	N	ADJ
morality	moral	-ity	ADJ	N
movies	movie	-s	N	N
mucous	mucus	-ous	N	ADJ
muddle	mud	-le	N	V
multilateral	lateral	multi-	ADJ	ADJ
multiply	multiple	-ly	ADJ	ADV
muscular	musculous	-ar	ADJ	ADJ
muscular	muscle	-ar	N	ADJ
mutation	mutate	-ion	V	N
mythology	myth	-ology	N	N
narrator	narrate	-or	V	N
nationality	national	-ity	ADJ	N
navigable	navigate	-able	V	ADJ
navigation	navigate	-ion	ADJ	N
necessitate	necessity	-ate	N	V
negation	negate	-ion	V	N
negligence	negligent	-ence	ADJ	N
negotiable	negotiate	-able	V	ADJ
neighboring	neighbor	-ing	N	ADJ
neurotic	neuron	-otic	N	ADJ
neutralize	neutral	-ize	ADJ	V
nibble	nip	-le	N	N
nicety	nice	-ity	ADJ	N
nicety	nice	-ty	ADJ	N
nobility	noble	-ity	ADJ	N
noisy	noise	-y	N	ADJ
non-drinker	drinker	non-	N	N
nourishment	nourish	-ment	V	N
novelty	novel	-y	N	N
nullify	null	-ify	N	V
numerical	numeric	-al	ADJ	ADJ
nursing	nurse	-ing	N	ADJ
obligatory	obligate	-ory	V	ADJ
obliging	oblige	-ing	V	ADJ
oblivious	oblivion	-ous	N	ADJ
observance	observe	-ance	V	N
obsession	obsess	-ion	V	N
occurrence	occur	-ence	V	N
offset	set	off-	ADJ	N
offshore	shore	off-	N	ADJ
offspring	spring	off-	N	N
onset	set	on-	V	N
optical	optic	-al	ADJ	ADJ
optional	option	-al	N	ADJ
ordeal	deal	or-	N	N
orderly	order	-ly	V	ADJ
organizer	organize	-er	V	N
oriental	orient	-al	N	ADJ
outbreak	break	out-	N	N
outcast	cast	out-	ADJ	V
outcast	cast	out-	ADJ	N
outcry	cry	out-	V	N
outdated	dated	out-	ADJ	ADJ
outdo	do	out-	V	V
outlaw	law	out-	N	N
outlet	let	out-	V	N
outlying	outlie	-ing	U	ADJ
outrageous	outrage	-ous	N	ADJ
outright	right	out-	ADJ	ADJ
outset	set#verb	out-	N	N
outset	set	out-	U	V
outset	set	out-	N	N
outskirts	skirt	out-	N	N
outskirts	outskirt	-s	N	N
outspoken	spoken	out-	ADJ	ADJ
outstrip	prefix	out-	N	V
outstrip	strip	out-	N	V
outweigh	weigh	out-	V	V
overdue	due	over-	ADJ	ADJ
overflow	flow	over-	V	N
overhaul	haul	over-	N	N
overhead	head	over-	ADJ	ADJ
overhear	hear	over-	V	V
overlap	lap	over-	V	V
override	ride	over-	V	V
overrule	rule	over-	N	V
overrun	run	over-	V	V
overtake	take	over-	N	V
overthrow	throw	over-	N	V
overwhelm	whelm	over-	V	V
overwrought	wrought	over-	V	ADJ
painstaking	painstaker	-ing	N	ADJ
palatable	palate	-able	V	ADJ
pamper	pamp	-er	V	V
pathetic	path	-etic	N	ADJ
patriotism	patriot	-ism	N	N
perimeter	meter	peri-	N	N
periodical	period	-ical	N	N
periodical	period	-ical	N	ADJ
periodically	periodic	-ally	ADJ	ADV
periscope	scope	peri-	N	N
perishable	perish	-able	V	N
perishable	perish	-able	V	ADJ
perplexity	perplex	-ity	ADJ	N
pesticide	pest	-cide	N	N
pharmaceutical	pharmaceutic	-al	ADJ	ADJ
phenomenal	phenomenon	-al	N	ADJ
photocopy	copy	photo-	N	N
photojournalism	journalism	photo-	N	N
physiological	physiology	-ical	N	ADJ
pianist	piano	-ist	ADJ	N
picturesque	picture	-esque	N	ADJ
piecemeal	piece	-meal	N	ADJ
piety	pious	-ety	ADJ	N
piracy	pirate	-cy	N	N
placard	plaque	-ard	N	N
plagiarize	plagiary	-ize	N	U
plagiarize	plagiarism	-ize	N	V
planetarium	planet	-arium	N	N
planner	plan	-er	N	N
plantation	plant	-ation	N	N
pointed	point	-ed	N	V
pointless	point	-less	N	ADJ
polar	pole	-ar	N	ADJ
pollinate	pollen	-ate	N	V
pompous	pomp	-ous	N	ADJ
porous	pore	-ous	N	ADJ
postage	age	post-	N	N
postage	post	-age	N	N
postgraduate	graduate	post-	N	N
pottery	potter	-y	N	ADJ
poultry	poult	-ry	N	N
precaution	caution	pre-	N	N
precedence	precede	-ence	V	N
precedence	precedent	-ence	ADJ	N
precedent	precede	-ent	V	N
preceding	precede	-ing	V	ADJ
precision	precise	-ion	ADJ	N
predictable	predict	-able	V	ADJ
predisposition	disposition	pre-	N	N
predisposition	predispose	-ition	V	N
predisposition	predispose	-tion	V	N
preposition	position	pre-	N	U
prestigious	prestige	-ious	N	ADJ
presumption	presume	-ion	V	N
pretext	text	pre-	N	N
printed	print	-ed	ADJ	ADJ
printing	print	-ing	N	N
prodigious	prodigy	-ous	N	ADJ
proficiency	proficient	-cy	ADJ	N
projector	project	-or	N	N
prophecy	prophet	-cy	N	N
prospective	prospect	-ive	N	ADJ
protract	tract	pro-	N	V
provisional	provision	-al	N	ADJ
proximity	proximate	-ity	ADJ	N
psychiatric	psychiatry	-ic	N	ADJ
psycholinguistics	linguistics	psycho-	N	N
purity	pure	-ity	N	N
qualitative	quality	-ative	N	ADJ
quantitative	quantity	-ative	N	ADJ
quarterly	quarter	-ly	V	ADJ
ragged	rag	-ed	N	ADJ
rainwater	rain	-water	N	N
ramble	roam	-le	V	N
reassure	assure	re-	V	V
receptionist	reception	-ist	N	N
recital	recite	-al	V	N
reckless	reck	-less	V	ADJ
recorder	record	-er	N	N
recreation	creation	re-	N	U
recycle	cycle	re-	N	V
recycling	recycle	-ing	V	N
referee	refer	-ee	V	N
refine	fine	re-	ADJ	V
reflectance	reflect	-ance	V	N
refreshing	refresh	-ing	V	ADJ
refreshment	refresh	-ment	V	N
regeneration	generation	re-	N	N
regeneration	regenerate	-ion	V	N
rehearsal	rehearse	-al	V	N
reimburse	imburse	re-	V	V
reinforced	reinforce	-ed	V	V
relapse	lapse	re-	N	V
relaxation	relax	-ation	V	N
relay	lay	re-	V	V
relentless	relent	-less	N	ADJ
remittance	remit	-ance	V	N
renewal	renew	-al	V	N
renovation	renovate	-ion	V	N
renowned	renown	-ed	N	ADJ
rental	rent	-al	V	N
repetition	petition	re-	N	N
resemblance	resemble	-ance	V	N
resemblance	semblance	re-	N	N
resilience	resilient	-ence	ADJ	N
resistant	resist	-ant	V	ADJ
resonant	resonance	-ant	N	ADJ
respiration	respire	-ation	N	N
responsive	response	-ive	N	ADJ
restless	rest	-less	N	ADJ
retreat	treat	re-	V	V
retreat	treat	re-	V	N
revision	vision	re-	N	V
revision	revise	-ion	V	N
righteous	right	-wise	ADJ	ADJ
rigorous	rigor	-ous	N	ADJ
ripple	rip	-le	N	V
robber	rob	-er	N	N
roommate	room	-mate	N	N
rubber	rub	-er	V	N
ruinous	ruin	-ous	V	ADJ
ruthless	ruth	-less	N	ADJ
sailing	sail	-ing	N	ADJ
sailing	sail	-ing	N	N
sailing	sail	-ing	N	V
salvage	salve	-age	V	N
sanity	sane	-ity	ADJ	N
savings	saving	-s	N	N
scenery	scene	-ry	N	N
sceptical	sceptic	-al	N	ADJ
scotsman	scots	-man	ADJ	N
scrupulous	scruple	-ous	N	ADJ
seasoned	season	-ed	N	V
secretion	secrete	-ion	ADJ	N
sectional	section	-al	N	ADJ
self-defense	defense	self-	N	N
self-discipline	discipline	self-	N	N
self-sufficient	sufficient	self-	ADJ	ADJ
serial	series	-al	N	ADJ
sewage	sewer	-age	N	N
sewer	sew	-er	V	N
shabby	shab	-y	N	ADJ
shovel	shove	-el	V	N
shrewd	shrew	-d	N	ADJ
shutter	shut	-er	V	N
sicken	sick	-en	ADJ	V
sickness	sick	-ness	N	N
sightseeing	sightsee	-ing	N	N
simplify	simple	-ify	ADJ	V
situated	situate	-ed	V	ADJ
skating	skate	-ing	N	N
skiing	ski	-ing	N	V
slaughter	slay	-ter	V	N
sleeping	sleep	-ing	V	ADJ
sleepy	sleep	-y	N	ADJ
sluggish	slug	-ish	N	ADJ
smelly	smell	-y	V	ADJ
smelly	smell	-ly	V	ADJ
smoking	smoke	-ing	N	V
smoking	smoke	-ing	N	N
solvent	solve	-ent	V	N
soundproof	sound	-proof	N	ADJ
spacious	space	-ious	N	ADJ
sparkle	spark	-le	N	N
sparkle	spark	-le	N	U
speaking	speak	-ing	V	ADJ
speaking	speak	-ing	V	N
speaking	speaker	-ing	N	ADJ
speciality	special	-ity	N	N
spectator	spectate	-or	V	N
sports	sport	-s	N	N
sportsman	sports	-man	N	N
sportsman	sport	-man	N	N
sportswear	sports	-wear	N	N
stabilize	stable	-ize	ADJ	U
stabilize	stable	-ize	ADJ	V
stagnant	stagnate	-ant	V	ADJ
startle	start	-le	N	V
statesman	state	-man	N	N
stationary	station	-ary	N	ADJ
stationery	stationer	-y	N	N
steamer	steam	-er	N	N
steering	steer	-ing	N	V
stereotype	type	stereo-	N	N
sterilize	sterile	-ize	ADJ	V
stipulate	stipule	-ate	N	ADJ
stipulate	stipule	-ate	N	V
stressful	stress	-ful	N	ADJ
stronger	strong	-er	ADJ	ADJ
subcommittee	committee	sub-	N	N
subjective	subject	-ive	N	ADJ
submarine	marine	sub-	N	ADJ
submerge	merge	sub-	V	V
subtitle	title	sub-	N	N
supersonic	sonic	super-	ADJ	ADJ
superstructure	structure	super-	N	N
supplementary	supplement	-ary	N	ADJ
supposedly	supposed	-ly	ADJ	ADV
supposition	suppose	-ition	V	N
supposition	suppose	-tion	V	N
surcharge	charge	sur-	N	N
surname	name	sur-	N	N
surpass	pass	sur-	V	V
surroundings	surrounding	-s	N	N
sweater	sweat	-er	N	N
symbolize	symbol	-ize	N	V
synchronize	synchrony	-ize	N	V
synthetic	synthesis	-ic	N	ADJ
tamper	tamp	-er	V	N
technician	technic	-ian	N	N
telling	tell	-ing	V	N
telling	tell	-ing	V	V
temptation	tempt	-ation	V	N
tenancy	tenant	-cy	N	N
terminate	terminus	-ate	N	V
territorial	territory	-al	N	ADJ
thoughtful	thought	-ful	N	ADJ
thriller	thrill	-er	N	N
tidy	tide	-y	N	ADJ
timely	time	-ly	N	ADJ
timidity	timid	-ity	ADJ	N
tolerable	tolerate	-able	V	ADJ
tolerance	tolerant	-ce	ADJ	N
tonic	tone	-ic	N	ADJ
tonic	tone	-ic	N	N
touching	touch	-ing	V	V
touching	touch	-ing	V	N
touchy	touch	-y	V	ADJ
tractor	tract	-or	N	N
trample	tramp	-le	N	V
tranquility	tranquil	-ity	ADJ	N
transplant	plant	trans-	N	V
traveling	travel	-ing	N	V
treatise	treat	-ise	N	N
triangle	angle	tri-	N	N
tributary	tribute	-ary	N	N
trinity	trine	-ity	ADJ	N
trivial	trivium	-al	N	ADJ
trumpet	trump	-et	N	N
trustworthy	trust	-worthy	N	ADJ
turning	turn	-ing	N	N
tutorial	tutor	-ial	N	ADJ
tweezers	tweezer	-s	ADJ	N
twilight	light	twi-	N	N
twinkle	twink	-le	V	V
tyrannical	tyranny	-ical	N	ADJ
ultraviolet	violet	ultra-	ADJ	ADJ
unconditional	conditional	un-	ADJ	ADJ
unconscious	conscious	un-	ADJ	ADJ
unconvincing	convincing	un-	ADJ	ADJ
underestimate	estimate	under-	V	V
undergraduate	graduate	under-	N	N
underground	ground	under-	N	ADV
underline	line	under-	N	N
underwrite	write	under-	V	V
undo	do	un-	N	V
undue	due	un-	ADJ	ADJ
uneasy	easy	un-	ADJ	ADJ
uneasy	unease	-y	N	ADJ
uneven	even	un-	ADJ	ADJ
unfold	fold	un-	V	V
ungainly	gainly	un-	ADJ	ADJ
ungainly	ungain	-ly	ADJ	ADJ
unhealthy	healthy	un-	ADJ	ADJ
unilateral	lateral	uni-	ADJ	ADJ
unravel	ravel	un-	N	V
unreliable	reliable	un-	ADJ	ADJ
unrest	rest	un-	N	N
unsocial	social	un-	ADJ	ADJ
untold	told	un-	N	ADJ
uphold	hold	up-	N	V
upkeep	keep	up-	V	N
upright	right	up-	ADJ	ADJ
uprising	uprise	-ing	V	N
usage	use	-age	N	N
useless	use	-less	V	ADJ
utterly	utter	-ly	ADJ	ADV
vacancy	vacant	-ancy	ADJ	N
vacancy	vacant	-cy	ADJ	N
validity	valid	-ity	ADJ	N
valuation	valuate	-ion	V	N
valuation	value	-ation	N	N
vanity	vain	-ity	ADJ	N
variant	variance	-ant	N	ADJ
vegetarian	vegetable	-arian	N	N
vegetarian	vegetable	-arian	N	ADJ
vegetation	vegetate	-ion	V	N
vengeance	venge	-ance	V	N
veterinarian	veterinary	-an	ADJ	N
vicinity	vicine	-ity	N	N
vicious	vice	-ous	N	ADJ
vicious	vice	-ious	N	ADJ
videotape	tape	video-	N	N
vigilant	vigil	-ant	N	ADJ
vigorous	vigor	-ous	N	ADJ
vigorous	vigour	-ous	N	ADJ
virtuous	virtue	-ous	N	ADJ
visualize	visual	-ize	ADJ	V
vocational	vocation	-al	N	ADJ
voltage	volt	-age	N	N
voucher	vouch	-er	N	N
wager	wage	-er	N	N
wager	wage	-er	N	V
waiter	wait	-er	N	N
waitress	waiter	-ess	N	N
warden	ward	-en	N	N
warming	warm	-ing	ADJ	V
warming	warm	-ing	ADJ	N
warranty	warrant	-y	N	N
wary	ware	-y	ADJ	ADJ
waver	wave	-er	N	V
website	web	-ite	N	N
westerner	western	-er	N	N
wetland	wet	-land	ADJ	N
wholesome	whole	-some	ADJ	ADJ
width	wide	-th	ADJ	N
withhold	hold	with-	N	V
withstand	stand	with-	V	V
woods	wood	-s	N	N
wording	word	-ing	N	N
worship	worth	-ship	ADJ	N
wrestle	wrest	-le	V	N
wretched	wretch	-ed	N	ADJ
zoology	zoo	-logy	N	N
