# UniMorph eng 66e0e9e8e2dcd196da081a25a48e5c1fe3d8b49b | sha256 743fff8ddb3ff26ae413af1fa859806106ffff69628be4cb7ed4d34f677deed2 | pack core | entries 1688
ability	able	-ity	N	N
abortion	abort	-ion	N	N
abroad	broad	a-	ADJ	ADV
abroad	broad	a-	ADJ	N
absence	absent	-ence	ADJ	N
absolutely	absolute	-ly	ADJ	ADV
abuse	use	ab-	V	N
academic	academy	-ic	N	ADJ
acceptable	accept	-able	V	ADJ
acceptance	accept	-ance	V	N
accessible	access	-ible	N	ADJ
accommodation	accommodate	-ion	V	N
accompany	company	ac-	N	V
accomplishment	accomplish	-ment	V	N
according	accord	-ing	N	V
accordingly	according	-ly	V	ADV
accountant	account	-ant	N	N
accounting	account	-ing	N	V
accuracy	accurate	-cy	ADJ	N
accurately	accurate	-ly	ADJ	ADV
achievement	achieve	-ment	V	N
acknowledge	knowledge	ac-	N	V
acquisition	acquire	-ition	V	N
across	cross	a-	N	U
action	act	-ion	N	N
active	act	-ive	N	ADJ
actively	active	-ly	N	ADV
activist	active	-ist	ADJ	N
activity	active	-ity	N	N
actor	act	-or	N	N
actress	actor	-ess	N	N
actual	act	-ual	N	ADJ
actually	actual	-ly	ADJ	ADV
additional	addition	-al	N	ADJ
adjustment	adjust	-ment	V	N
administration	administrate	-ion	V	N
administrative	administrate	-ive	V	ADJ
adopt	opt	ad-	V	V
adoption	adopt	-ion	ADJ	N
advanced	advance	-ed	N	V
advanced	advance	-ed	N	ADJ
advantage	vantage	ad-	N	N
advertise	advert	-ise	N	V
advertisement	advertise	-ment	V	N
advertising	advertise	-ing	V	N
adviser	advise	-er	V	N
advisory	advise	-ory	V	ADJ
advisory	advisor	-y	N	ADJ
aesthetic	aesthete	-ic	N	N
affection	affect	-ion	N	N
afford	forth	a-	ADJ	V
african	africa	-an	N	ADJ
afternoon	noon	after-	N	N
afterward	after	-ward	ADV	ADV
afterwards	after	-wards	N	ADV
against	again	-st	ADV	U
aged	age	-ed	N	ADJ
agency	agent	-cy	N	N
aggressive	aggress	-ive	N	ADJ
aggressive	aggression	-ive	N	ADJ
ago	gone	a-	V	ADJ
agreement	agree	-ment	N	N
agricultural	agriculture	-al	N	ADJ
ahead	head	a-	N	ADV
aircraft	air	-craft	N	N
airline	air	-ine	N	N
alike	like	a-	ADJ	ADV
alive	live	a-	ADJ	ADJ
allegation	allege	-ation	V	N
alleged	allege	-ed	V	ADJ
alliance	ally	-ance	N	N
allocation	allocate	-ion	V	N
allowance	allow	-ance	V	N
almost	most	al-	N	ADV
alone	one	al-	N	ADJ
alone	lone	a-	ADJ	ADJ
already	ready	al-	ADJ	ADV
alright	right	al-	ADJ	ADJ
alright	right	al-	ADJ	ADV
alteration	alter	-ation	V	N
alternative	alternate	-ive	ADJ	ADJ
alternatively	alternative	-ly	N	ADV
altogether	together	al-	ADV	ADV
amazing	amaze	-ing	V	V
amazing	amaze	-ing	V	ADJ
ambitious	ambition	-ous	N	ADJ
amendment	amend	-ment	V	N
american	america	-n	N	N
american	america	-an	N	N
amid	midamid	a-	U	U
amid	mid	a-	ADJ	ADJ
among	mongamong	a-	U	U
an	a	-an	N	N
analyst	analyse	-t	V	N
andy	android	-y	N	N
angry	anger	-y	N	ADJ
announcement	announce	-ment	V	N
annually	annual	-ly	ADJ	ADV
anonymous	anonym	-ous	N	ADJ
another	other	an-	ADJ	ADJ
antibody	body	anti-	N	N
anxiety	anxious	-ety	ADJ	N
any	one	-y	N	ADV
anyone	any	-one	N	N
apologize	apology	-ize	N	V
apparently	apparent	-ly	ADJ	ADV
appearance	appear	-ance	V	N
application	apply	-ation	V	N
apply	apple	-y	N	ADJ
appointment	appoint	-ment	V	N
appreciation	appreciate	-ion	V	N
approval	approve	-al	V	N
approximately	approximate	-ly	ADJ	ADV
archbishop	bishop	arch-	N	N
architecture	architect	-ure	N	N
argument	argue	-ment	N	N
arise	rise	a-	V	V
armed	arm	-ed	N	ADJ
army	arm	-y	N	N
around	roundaround	a-	U	U
around	round	a-	N	ADJ
arrangement	arrange	-ment	V	N
arrest	rest	ad-	N	N
arrival	arrive	-al	V	N
artificial	artifice	-ial	N	ADJ
artist	art	-ist	N	N
artistic	artist	-ic	N	ADJ
as	a	-s	N	N
asian	asia	-an	N	N
aside	side	a-	ADJ	ADV
aside	side	a-	ADJ	N
asleep	sleep	a-	N	ADJ
assembly	assemble	-y	V	N
assessment	assess	-ment	V	N
assignment	assign	-ment	V	N
assistance	assist	-ance	V	N
assistant	assist	-ant	V	ADJ
association	associate	-ion	ADJ	N
assumption	assume	-ion	V	N
assurance	assure	-ance	V	N
astronomer	astronomy	-er	N	N
athletic	athlete	-ic	N	ADJ
attend	tend	a-	V	V
attend	tend	at-	V	V
attendance	attend	-ance	V	N
attraction	attract	-ion	V	N
attractive	attract	-ive	V	ADJ
auditor	audit	-or	N	N
australian	australia	-an	N	N
automatic	automaton	-ic	N	ADJ
automatically	automatic	-ally	ADJ	ADV
automatically	automatic	-ly	ADJ	ADV
automobile	auto	-mobile	N	N
availability	available	-ity	ADJ	N
available	avail	-able	V	ADJ
await	wait	a-	N	V
aware	ware	a-	ADJ	ADJ
awareness	aware	-ness	ADJ	N
away	way	a-	N	ADV
awful	awe	-ful	N	ADJ
awkward	awk	-ward	U	ADV
awkward	awk	-ward	U	ADJ
baby	babe	-y	N	N
backwards	backward	-s	ADJ	ADJ
backwards	backward	-s	ADJ	ADV
backwards	back	-wards	ADJ	ADJ
backyard	yard	back-	N	N
badly	bad	-ly	N	ADV
baker	bake	-er	V	N
banker	bank	-er	N	N
banking	bank	-ing	N	N
bankruptcy	bankrupt	-cy	ADJ	N
barely	bare	-ly	V	ADV
barrier	bar	-ier	N	N
basement	base	-ment	ADJ	N
basic	base	-ic	N	ADJ
basically	basic	-ally	N	ADV
bastard	bast	-ard	N	N
beautiful	beauty	-ful	N	ADJ
become	come	be-	V	V
beer	be	-er	V	N
beginning	begin	-ing	V	N
beginning	begin	-ing	V	V
behalf	half	be-	ADJ	N
behave	have	be-	V	V
behavior	behave	-ior	V	N
behavioral	behavior	-al	N	ADJ
behind	hind	be-	ADJ	U
being	be	-ing	N	N
belong	long	be-	V	V
below	low	be-	ADJ	U
ben	in	be-	V	N
beneath	neath	be-	ADV	ADV
bernard	bear	-ard	N	N
beside	side	be-	N	U
besides	beside	-s	U	U
between	twain	be-	ADJ	U
billy	bill	-y	N	N
biological	biology	-ical	N	ADJ
birth	bear	-th	N	N
bitter	bite	-er	V	ADJ
bitter	bit	-er	N	N
bloody	blood	-y	ADJ	ADJ
body	bode	-y	V	N
bombing	bomb	-ing	N	N
boring	bore	-ing	N	N
bound	boun	-d	V	V
boundary	bound	-ary	ADJ	N
breeding	breed	-ing	V	N
breeding	breed	-ing	V	ADJ
briefly	brief	-ly	N	ADV
british	britain	-ish	N	ADJ
british	brit	-ish	N	ADJ
broadcasting	broadcast	-ing	N	ADJ
broadly	broad	-ly	ADJ	ADV
broken	broke	-n	ADJ	V
broker	broke	-er	V	ADJ
broker	brook	-er	V	N
bucket	bouk	-et	N	N
buddy	bud	-y	N	ADJ
buddy	bud	-y	N	N
builder	build	-er	N	N
building	build	-ing	N	N
bullet	bull	-let	U	N
bureaucracy	bureau	-cracy	N	N
bureaucracy	bureaucrat	-cy	N	N
burning	burn	-ing	N	ADJ
business	busy	-ness	ADJ	N
businessman	business	-man	N	N
but	out	be-	N	ADJ
butter	butt	-er	N	N
buyer	buy	-er	V	N
cabinet	cabin	-et	N	N
calculate	calculus	-ate	N	V
calculation	calculate	-ion	V	N
caller	call	-er	N	N
canadian	canada	-ian	N	ADJ
capability	capable	-ity	ADJ	N
capitalism	capital	-ism	ADJ	N
capitalist	capital	-ist	ADJ	ADJ
carbohydrate	hydrate	carbo-	N	N
careful	care	-ful	N	ADJ
carefully	careful	-ly	ADJ	ADV
carer	care	-er	N	N
carrier	carry	-er	N	N
casualty	casual	-ty	ADJ	N
cater	cate	-er	N	V
ceiling	ceil	-ing	V	N
celebration	celebrate	-ion	V	N
central	centre	-al	N	ADJ
certainly	certain	-ly	ADJ	ADV
certainty	certain	-ty	ADJ	N
chairman	chair	-man	N	N
championship	champion	-ship	N	N
changing	change	-ing	N	ADJ
characteristic	character	-istic	N	ADJ
characterize	character	-ize	N	V
charter	chart	-er	N	N
chemical	chemic	-al	ADJ	ADJ
chemistry	chemist	-ry	N	N
chicken	cock	-en	N	N
chicken	chick	-en	N	N
chicken	chick	-en	N	V
childhood	child	-hood	N	N
chinese	china	-ese	N	N
cholesterol	cholesteric	-ol	ADJ	N
christian	christ	-ian	N	ADJ
christianity	christian	-ity	N	N
christmas	christ	-mas	N	N
cigarette	cigar	-ette	N	N
circulation	circulate	-ion	V	N
civilian	civil	-ian	ADJ	N
civilization	civilize	-ation	V	N
classic	class	-ic	N	ADJ
classical	class	-ical	N	ADJ
classical	classic	-al	ADJ	ADJ
classification	class	-ification	ADJ	N
classify	class	-ify	ADJ	V
clearly	clear	-ly	ADJ	ADV
clinical	clinic	-al	N	ADJ
closed	close	-ed	ADJ	ADJ
closely	close	-ly	ADJ	ADV
closer	close	-er	ADJ	N
clothes	cloth	-es	N	N
clothing	clothe	-ing	V	V
clothing	clothe	-ing	V	N
coastal	coast	-al	N	ADJ
cocaine	coca	-ine	N	N
cognitive	cognition	-ive	N	ADJ
collaboration	collaborate	-ion	V	N
collection	collect	-ion	N	N
collective	collect	-ive	N	ADJ
collector	collect	-or	N	N
colonial	colony	-al	N	ADJ
colorful	color	-ful	N	ADJ
coloured	colour	-ed	N	ADJ
columnist	column	-ist	N	N
combination	combine	-ation	N	N
combined	combine	-ed	N	ADJ
comfortable	comfort	-able	N	ADJ
commander	command	-er	N	N
commercial	commerce	-ial	N	N
commissioner	commission	-er	N	N
commitment	commit	-ment	N	N
committee	commit	-ee	V	N
commonly	common	-ly	ADJ	ADV
commons	common	-s	ADJ	N
commonwealth	commonweal	-th	N	N
communication	communicate	-ion	V	N
communist	commune	-ist	N	ADJ
communist	communism	-ist	N	ADJ
community	commune	-ity	N	N
comparable	compare	-able	V	ADJ
compensation	compensate	-ion	V	N
competence	competent	-ence	ADJ	N
competitive	compete	-ive	V	ADJ
competitive	competition	-ive	N	ADJ
competitor	competition	-or	N	N
complaint	complain	-t	V	N
completely	complete	-ly	ADJ	ADV
completion	complete	-ion	ADJ	N
complexity	complex	-ity	N	N
complicated	complicate	-ed	V	ADJ
composer	compose	-er	V	N
composition	composite	-ion	ADJ	N
comprehensive	comprehend	-ive	V	ADJ
comprehensive	comprehension	-ive	N	ADJ
compulsory	compulsion	-ory	N	ADJ
computer	compute	-er	V	N
computer	compute	-er	V	ADJ
computing	compute	-ing	V	N
concentration	concentrate	-ion	ADJ	N
conception	concept	-ion	N	N
concerned	concern	-ed	N	ADJ
concerning	concern	-ing	N	ADJ
conclusion	conclude	-ion	V	N
conference	confer	-ence	V	N
confidence	confide	-ence	V	N
confidence	confident	-ence	ADJ	N
confirm	firm	con-	N	V
confront	front	con-	N	V
confrontation	confront	-ation	V	N
confused	confuse	-ed	ADJ	V
confusion	confuse	-ion	ADJ	N
congressional	congression	-al	N	ADJ
congressional	congress	-al	N	ADJ
connection	connect	-ion	V	N
consciousness	conscious	-ness	ADJ	N
consequence	sequence	con-	N	N
consequence	consequent	-ence	ADJ	N
consequently	consequent	-ly	ADJ	ADV
conservation	conserve	-ation	N	N
conservative	conserve	-ative	N	N
considerable	consider	-able	V	ADJ
considerably	considerable	-ly	ADJ	ADV
consideration	consider	-ation	V	N
consistent	consist	-ent	N	ADJ
consistently	consistent	-ly	ADJ	ADV
conspiracy	conspire	-cy	V	N
constantly	constant	-ly	ADJ	ADV
constituency	constituent	-ency	ADJ	N
constituency	constituent	-cy	ADJ	N
constitution	constitute	-ion	V	N
constitutional	constitution	-al	N	ADJ
constraint	constrain	-t	V	N
construction	construct	-ion	N	N
consultant	consult	-ant	N	N
consultation	consult	-ation	N	N
consumer	consume	-er	V	N
consumption	consume	-ion	V	N
container	contain	-er	V	N
continental	continent	-al	ADJ	ADJ
continental	continent	-al	N	ADJ
continued	continue	-ed	V	ADJ
continuous	continue	-ous	N	ADJ
contractor	contract	-or	N	N
contradiction	contradict	-ion	V	N
contribution	contribute	-ion	V	N
controversial	controversy	-al	N	ADJ
convention	convene	-ion	V	N
convention	convene	-tion	V	N
conventional	convention	-al	N	ADJ
conversation	converse	-ation	N	N
conversion	converse	-ion	V	N
conviction	convict	-ion	V	N
convinced	convince	-ed	V	ADJ
cookie	cook	-ie	N	N
cooking	cook	-ing	N	N
cooperation	cooperate	-ion	V	N
cooperative	cooperate	-ive	V	ADJ
coordinator	coordinate	-or	N	N
copper	cop	-er	N	N
corporation	corporate	-ion	ADJ	N
correctly	correct	-ly	ADJ	ADV
correlation	correlate	-ion	V	N
correspondence	correspond	-ence	V	N
correspondent	correspond	-ent	V	N
corruption	corrupt	-ion	ADJ	N
costly	cost	-ly	N	ADJ
councillor	council	-or	N	N
counseling	counsel	-ing	N	N
counselor	counsel	-or	N	N
counterpart	part	counter-	N	N
countryside	country	-side	N	N
county	count	-y	N	N
coverage	cover	-age	N	N
crazy	craze	-y	N	ADJ
creation	create	-ion	V	N
creative	create	-ive	V	ADJ
creativity	creative	-ity	ADJ	N
creature	create	-ure	V	N
credibility	credible	-ity	ADJ	N
creditor	credit	-or	N	N
criminal	crime	-al	N	ADJ
critical	critic	-al	N	ADJ
criticism	critic	-ism	N	N
criticize	critic	-ize	N	V
cuban	cuba	-an	N	N
cuban	cuba	-an	N	ADJ
cultural	culture	-al	N	ADJ
curious	curium	-ous	N	ADJ
currently	current	-ly	ADJ	ADV
customer	custom	-er	N	N
cutting	cut	-ing	ADJ	N
daddy	dad	-y	N	N
daily	day	-ly	N	ADJ
daily	day	-ly	N	ADV
dancer	dance	-er	N	N
dangerous	danger	-ous	N	ADJ
darkness	dark	-ness	ADJ	N
darling	dear	-ling	ADJ	N
data	datum	-a	N	N
david	dav	-id	N	N
deadly	dead	-ly	ADJ	ADJ
deadly	dead	-ly	ADJ	ADV
dealer	deal	-er	V	N
decision	decide	-ion	V	N
declaration	declare	-ation	V	N
deeply	deep	-ly	ADJ	ADV
defendant	defend	-ant	V	ADJ
defender	defend	-er	V	N
defensive	defense	-ive	N	N
defensive	defend	-ive	V	ADJ
definitely	definite	-ly	ADJ	ADV
definition	define	-tion	V	N
definition	definite	-ion	ADJ	N
delegation	delegate	-ion	N	N
deliberately	deliberate	-ly	ADJ	ADV
delighted	delight	-ed	N	ADJ
delivery	deliver	-y	V	N
democracy	democrat	-cy	N	N
democratic	democrat	-ic	N	ADJ
demonstration	demonstrate	-ion	V	N
density	dense	-ity	ADJ	N
department	depart	-ment	V	N
departure	depart	-ure	V	N
depend	pend	de-	V	V
dependent	depend	-ent	V	ADJ
depending	depend	-ing	V	V
depressed	depress	-ed	V	ADJ
depression	depress	-tion	V	N
depression	depress	-ion	V	N
depth	deep	-th	ADJ	N
deputy	depute	-y	V	N
designer	design	-er	N	N
desperately	desperate	-ly	ADJ	ADV
despite	spite	de-	N	N
destination	destine	-ation	V	N
destruction	destruct	-ion	V	N
detailed	detail	-ed	N	ADJ
detective	detect	-ive	V	N
determination	determine	-ation	V	N
determined	determine	-ed	V	ADJ
developer	develop	-er	V	N
development	develop	-ment	V	N
difference	differ	-ence	V	N
difference	different	-ence	ADJ	N
different	differ	-ent	V	ADJ
differently	different	-ly	ADJ	ADV
difficulty	difficult	-y	ADJ	N
digital	digit	-al	N	ADJ
dining	dine	-ing	V	N
diplomatic	diplomat	-ic	N	ADJ
direction	direct	-ion	ADJ	N
directive	direct	-ive	ADJ	ADJ
directive	direction	-ive	N	ADJ
directly	direct	-ly	ADJ	ADV
director	direct	-or	ADJ	N
dirty	dirt	-y	N	ADJ
disability	disable	-ity	V	N
disabled	disable	-ed	V	ADJ
disadvantage	advantage	dis-	N	N
disagree	agree	dis-	V	V
disappear	appear	dis-	V	V
disappointed	disappoint	-ed	V	ADJ
disappointment	disappoint	-ment	V	N
discharge	charge	dis-	V	V
discipline	disciple	-ine	N	N
disclose	close	dis-	V	V
discourage	courage	dis-	N	V
discover	cover	dis-	V	V
discovery	discover	-y	V	N
discretion	discern	-ion	V	N
discretion	discrete	-ion	ADJ	N
discrimination	discriminate	-ion	V	N
discussion	discuss	-ion	V	N
disease	ease	dis-	N	N
dismissal	dismiss	-al	V	N
disorder	order	dis-	N	N
disposal	dispose	-al	ADJ	N
distance	distant	-ce	ADJ	N
distinction	distinct	-ion	ADJ	N
distinctive	distinction	-ive	N	ADJ
distribution	distribute	-ion	V	N
disturbance	disturb	-ance	V	N
diversity	diverse	-ity	ADJ	N
divine	diva	-ine	N	ADJ
documentary	document	-ary	N	ADJ
dominant	dominate	-ant	V	ADJ
donation	donate	-ion	V	N
downstairs	stairs	down-	N	ADV
downtown	town	down-	N	ADJ
dramatic	drama	-ic	N	ADJ
dramatically	dramatic	-ally	ADJ	ADV
drawer	draw	-er	N	N
drawing	draw	-ing	N	V
drawing	draw	-ing	N	N
dried	dry	-ed	ADJ	ADJ
drinking	drink	-ing	V	V
driver	drive	-er	V	N
driving	drive	-ing	V	V
driving	drive	-ing	V	N
driving	drive	-ing	V	ADJ
during	dure	-ing	V	U
during	dure	-ing	V	V
dynamics	dynamic	-ics	ADJ	N
dynamics	dynamic	-s	ADJ	N
early	ere	-ly	N	ADJ
early	ere	-ly	N	ADV
earnings	earning	-s	N	N
easily	easy	-ly	ADJ	ADV
easy	ease	-y	N	ADJ
eating	eat	-ing	V	N
ecological	ecology	-ical	N	ADJ
economics	economy	-ics	ADJ	N
economics	economic	-s	ADJ	N
economist	economy	-ist	N	N
economy	economic	-y	ADJ	N
edition	edit	-ion	V	N
editor	edit	-or	V	N
education	educate	-ion	V	N
educational	education	-al	N	ADJ
educator	educate	-or	V	N
effective	effect	-ive	N	ADJ
effectively	effective	-ly	ADJ	ADV
effectiveness	effective	-ness	ADJ	N
efficiency	efficient	-cy	ADJ	N
eighteen	eight	-teen	N	N
eighteen	eight	-een	N	N
eighteenth	eighteen	-th	N	ADJ
eighth	eight	-th	N	ADJ
eighty	eight	-ty	N	N
eighty	eight	-y	N	U
elderly	elder	-ly	ADJ	ADJ
election	elect	-ion	V	N
electoral	elector	-al	N	ADJ
electrical	electric	-al	ADJ	ADJ
electricity	electric	-ity	ADJ	N
electronic	electron	-ic	N	ADJ
electronics	electron	-ics	N	N
elementary	element	-ary	N	ADJ
elevator	elevate	-or	V	N
embarrassment	embarrass	-ment	V	N
embrace	brace	em-	N	V
emergency	emergent	-cy	ADJ	N
emergency	emergence	-y	N	N
emotion	emote	-ion	V	N
emotional	emotion	-al	N	ADJ
emphasize	emphasis	-ize	N	V
empirical	empiric	-al	ADJ	ADJ
employee	employ	-ee	V	N
employer	employ	-er	V	N
employment	employ	-ment	V	N
enable	able	en-	N	V
enclose	close	en-	V	V
encourage	courage	en-	N	V
encouragement	encourage	-ment	V	N
encouraging	encourage	-ing	V	ADJ
endless	end	-less	N	ADJ
enforce	force	en-	N	V
enforcement	enforce	-ment	V	N
engage	gage	en-	V	V
engagement	engage	-ment	V	N
engineer	engine	-eer	N	N
engineer	engine	-eer	N	V
engineering	engineer	-ing	N	V
english	angle	-ish	N	ADJ
enjoy	joy	en-	N	V
enquiry	enquire	-y	V	N
ensure	sure	en-	ADJ	V
entertainment	entertain	-ment	V	N
enthusiastic	enthusiast	-ic	N	ADJ
entirely	entire	-ly	ADJ	ADV
entitle	title	en-	N	V
entitled	entitle	-ed	V	V
entrance	trance	en-	N	V
entry	enter	-y	N	N
environment	environ	-ment	V	N
environmental	environment	-al	N	ADJ
envision	vision	en-	V	V
equality	equal	-ity	ADJ	N
equally	equal	-ly	ADJ	ADV
equation	equate	-ion	V	N
equipment	equip	-ment	N	N
error	err	-or	V	N
especially	especial	-ly	ADJ	ADV
essentially	essential	-ly	ADJ	ADV
established	establish	-ed	V	V
established	establish	-ed	V	ADJ
establishment	establish	-ment	V	N
estimated	estimate	-ed	N	V
ethical	ethic	-al	ADJ	ADJ
ethics	ethic	-s	ADJ	N
european	europe	-an	N	ADJ
evaluation	evaluate	-ion	V	N
evaluation	valuation	e-	N	N
even	eve	-n	N	ADJ
evening	even	-ing	ADJ	N
evening	eve	-ing	N	N
eventually	eventual	-ly	ADJ	ADV
everyone	every	-one	ADJ	N
evidence	evident	-ence	ADJ	N
evidently	evident	-ly	ADJ	ADV
exactly	exact	-ly	ADJ	ADV
examination	examine	-ation	V	N
excellent	excel	-ent	V	ADJ
exception	except	-ion	V	N
exceptional	exception	-al	N	ADJ
excessive	excess	-ive	N	ADJ
excited	excite	-ed	V	ADJ
excitement	excite	-ment	V	N
exciting	excite	-ing	V	V
exclusion	exclude	-ion	V	N
exclusive	exclusion	-ive	N	ADJ
exclusively	exclusive	-ly	ADJ	ADV
execution	execute	-ion	V	N
executive	execute	-ive	V	ADJ
exhibition	exhibit	-ion	V	N
existence	exist	-ence	V	N
existence	existent	-ence	ADJ	N
existing	exist	-ing	V	ADJ
expectation	expect	-ation	ADJ	N
expected	expect	-ed	V	ADJ
expensive	expense	-ive	N	ADJ
experienced	experience	-ed	N	ADJ
experimental	experiment	-al	N	ADJ
explanation	explain	-ation	V	N
exploration	explore	-ation	V	N
explosion	explode	-ion	V	N
exposure	expose	-ure	V	N
expression	express	-ion	V	N
extensive	extension	-ive	N	ADJ
extraordinary	ordinary	extra-	N	ADJ
extremely	extreme	-ly	ADJ	ADV
facilitate	facility	-ate	N	V
factory	factor	-y	N	N
failure	fail	-ure	V	N
fairly	fair	-ly	ADJ	ADV
faith	fay	-th	V	N
famous	fame	-ous	N	ADJ
farmer	farm	-er	N	N
farming	farm	-ing	N	N
fascinating	fascinate	-ing	V	ADJ
faster	fast	-er	ADJ	ADJ
faster	fast	-er	ADJ	N
fatal	fate	-al	N	ADJ
favorite	favor	-ite	N	ADJ
favourable	favour	-able	N	ADJ
favourite	favour	-ite	N	ADJ
federation	federate	-ion	ADJ	N
feeling	feel	-ing	N	ADJ
fifth	five	-th	N	ADJ
fighter	fight	-er	V	N
fighting	fight	-ing	V	ADJ
fighting	fight	-ing	V	N
finally	final	-ly	N	ADV
financial	finance	-ial	N	ADJ
finding	find	-ing	V	N
firmly	firm	-ly	ADJ	ADV
firstly	first	-ly	ADJ	ADV
fisherman	fisher	-man	N	N
fishing	fish	-ing	ADJ	N
fishing	fish	-ing	ADJ	V
fitness	fit	-ness	ADJ	N
fixed	fix	-ed	N	V
flexibility	flexible	-ity	ADJ	N
flexible	flex	-ible	N	ADJ
flight	fly	-t	N	N
flight	flee	-t	V	N
flower	flow	-er	N	U
flying	fly	-ing	N	ADJ
flying	fly	-ing	N	N
following	follow	-ing	V	ADJ
forecast	cast	fore-	ADJ	V
forehead	head	fore-	N	U
forehead	head	fore-	N	N
forget	get	for-	V	V
forgive	give	for-	V	V
formally	formal	-ly	ADJ	ADV
formation	form	-ation	N	N
former	form	-er	N	N
formerly	former	-ly	N	ADV
formulate	formula	-ate	V	V
forthcoming	forthcome	-ing	V	V
forthcoming	forthcome	-ing	V	ADJ
fortunately	fortunate	-ly	ADJ	ADV
forward	fore	-ward	ADJ	ADJ
forward	ward	fore-	N	N
foundation	found	-ation	N	N
founder	found	-er	V	N
fourteen	four	-teen	N	N
fourth	four	-th	ADJ	ADJ
framework	frame	-work	N	N
frankly	frank	-ly	ADJ	ADV
freedom	free	-dom	ADJ	N
freely	free	-ly	N	ADJ
frequently	frequent	-ly	ADJ	ADV
freshman	fresh	-man	ADJ	N
friendly	friend	-ly	N	ADJ
friendly	friend	-ly	N	ADV
friendship	friend	-ship	N	N
frightened	frighten	-ed	V	ADJ
frozen	froze	-n	V	ADJ
frustration	frustrate	-ion	V	N
fucking	fuck	-ing	N	V
fully	full	-ly	ADJ	ADV
functional	function	-al	N	ADJ
fundamental	fundament	-al	N	N
funding	fund	-ing	N	N
funny	fun	-y	ADJ	ADJ
further	forth	-er	ADJ	U
furthermore	further	-more	ADJ	ADV
gasoline	gas	-ol	N	N
gathering	gather	-ing	N	N
gathering	gather	-ing	N	V
generally	general	-ly	ADJ	ADV
generation	generate	-ion	V	N
genetic	gene	-ic	N	ADJ
gentleman	gentle	-man	ADJ	N
gently	gentle	-ly	ADJ	ADV
genuinely	genuine	-ly	ADJ	ADV
geographical	geography	-ical	N	ADJ
germany	german	-y	N	N
gift	give	-t	V	N
gifted	gift	-ed	N	ADJ
given	give	-n	N	ADJ
given	give	-en	N	V
global	globe	-al	N	ADJ
gloucestershire	gloucester	-shire	N	N
golden	gold	-en	N	ADJ
golden	gold	-en	N	V
goodness	good	-ness	N	N
government	govern	-ment	N	N
governor	govern	-or	V	N
gradually	gradual	-ly	ADJ	ADV
grandchild	child	grand-	N	N
grandfather	father	grand-	N	N
grandmother	mother	grand-	N	N
graphics	graphic	-s	ADJ	N
grateful	grate	-ful	N	ADJ
gravity	grave	-ity	ADJ	N
greatly	great	-ly	ADJ	ADV
grocery	grocer	-y	N	N
growing	grow	-ing	V	ADJ
growth	grow	-th	V	N
guidance	guide	-ance	N	N
guideline	guide	-ine	N	N
guilty	guilt	-y	N	ADJ
handful	hand	-ful	N	N
handle	hand	-le	N	V
handling	handle	-ing	N	N
handsome	hand	-some	N	ADJ
happen	hap	-en	N	V
happily	happy	-ly	ADJ	ADV
happiness	happy	-ness	ADJ	N
happy	hap	-y	N	ADJ
hardly	hard	-ly	ADJ	ADV
hardware	hard	-ware	ADJ	N
heading	head	-ing	N	N
headquarters	headquarter	-s	V	N
health	whole	-th	ADJ	U
health	heal	-th	V	N
healthy	health	-y	N	ADJ
hearing	hear	-ing	V	N
heating	heat	-ing	N	N
heavily	heavy	-ly	ADJ	ADV
heavy	heave	-y	V	ADJ
helmet	helm	-et	N	N
helpful	help	-ful	V	ADJ
hers	her	-s	N	N
herself	her	-self	N	U
hidden	hid	-en	V	V
hierarchy	hierarch	-y	N	N
highly	high	-ly	ADJ	ADV
himself	him	-self	N	U
historian	history	-ian	N	N
historic	history	-ic	N	ADJ
historical	historic	-al	ADJ	ADJ
historical	history	-ical	N	ADJ
historically	historical	-ly	ADJ	ADV
holder	hold	-er	N	N
holding	hold	-ing	N	N
holy	whole	-y	ADJ	ADJ
homeland	home	-land	N	N
homeless	home	-less	N	ADJ
honey	hon	-y	N	N
honey	hon	-ey	N	N
hopefully	hopeful	-ly	ADJ	ADV
hostility	hostile	-ity	ADJ	N
housing	house	-ing	N	V
housing	house	-ing	N	N
humanity	human	-ity	N	N
hungry	hunger	-y	N	ADJ
hunter	hunt	-er	N	N
hunting	hunt	-ing	V	N
hunting	hunt	-ing	V	V
ideal	idea	-al	N	ADJ
identical	identic	-al	ADJ	ADJ
identification	identify	-ification	V	N
identify	identity	-fy	N	V
identify	identity	-ify	N	V
ideological	ideology	-ical	N	ADJ
ideology	idea	-ology	N	N
illegal	legal	il-	ADJ	ADJ
illness	ill	-ness	ADJ	N
illustration	illustrate	-ion	V	N
imagination	imagine	-ation	V	N
immediate	mediate	im-	ADJ	ADJ
immediately	immediate	-ly	ADJ	ADV
immigrant	immigrate	-ant	V	N
immigration	immigrate	-ion	V	N
imperial	imperium	-al	N	ADJ
implementation	implement	-ation	V	N
implication	implicate	-ion	V	N
importance	import	-ance	N	N
important	import	-ant	N	ADJ
impossible	possible	im-	ADJ	ADJ
impress	press	im-	N	V
impression	impress	-ion	V	N
impressive	impression	-ive	N	ADJ
impressive	impress	-ive	V	ADJ
imprisonment	imprison	-ment	V	N
improved	improve	-ed	V	ADJ
improvement	improve	-ment	V	N
inadequate	adequate	in-	ADJ	ADJ
including	include	-ing	V	V
income	come	in-	V	N
incorporate	corporate	in-	ADJ	ADJ
increasing	increase	-ing	V	ADJ
increasing	increase	-ing	V	N
increasingly	increasing	-ly	ADJ	ADV
incredibly	incredible	-ly	ADJ	ADV
indeed	deed	in-	N	N
independence	independent	-ence	ADJ	N
independent	dependent	in-	ADJ	N
india	indus	-ia	N	N
indian	ind	-ian	N	ADJ
indian	india	-an	N	ADJ
indication	indicate	-ion	V	N
indicator	indicate	-or	V	N
indigenous	indigene	-ous	N	ADJ
indirect	direct	in-	ADJ	ADJ
industrial	industry	-al	N	ADJ
inequality	inequal	-ity	ADJ	N
inequality	equality	in-	N	N
inevitable	evitable	in-	ADJ	ADJ
inevitably	inevitable	-ly	ADJ	ADV
inevitably	inevitable	-ly	ADJ	U
infection	infect	-ion	ADJ	N
inflation	inflate	-ion	V	N
influential	influence	-ial	N	ADJ
inform	form	in-	N	ADJ
informal	formal	in-	ADJ	ADJ
information	inform	-ation	V	N
infrastructure	structure	infra-	N	N
inhabitant	inhabit	-ant	V	N
initially	initial	-ly	ADJ	ADV
initiative	initiate	-ive	V	ADJ
injury	injure	-y	V	N
inmate	mate	in-	N	N
innovation	innovate	-ion	V	N
input	put	in-	V	N
inquiry	inquire	-y	V	N
inside	side	in-	N	N
inside	in	-side	ADJ	N
insight	sight	in-	N	N
inspection	inspect	-ion	V	N
inspector	inspect	-or	V	N
inspiration	inspire	-ation	V	N
installation	install	-ation	V	N
instantly	instant	-ly	ADJ	ADV
instead	stead	in-	N	N
institution	institute	-ion	N	N
institutional	institution	-al	N	ADJ
instruction	instruct	-ion	V	N
instructional	instruction	-al	N	ADJ
instructor	instruct	-or	V	N
insurance	insure	-ance	V	N
integrated	integrate	-ed	ADJ	ADJ
integration	integrate	-ion	ADJ	N
integration	integrate	-ation	ADJ	N
intellectual	intellect	-ual	N	ADJ
intelligence	intelligent	-ence	ADJ	N
intensity	intense	-ity	ADJ	N
intensive	intense	-ive	ADJ	ADJ
intention	intent	-ion	N	N
interact	act	inter-	V	V
interaction	action	inter-	N	N
interaction	interact	-ion	V	N
interested	interest	-ed	N	ADJ
interesting	interest	-ing	N	ADJ
interface	face	inter-	N	N
internal	intern	-al	N	ADJ
international	national	inter-	ADJ	ADJ
internet	network	inter-	N	N
internet	net	inter-	N	N
interpretation	interpret	-ation	V	N
intervention	intervene	-tion	V	N
intervention	intervene	-ion	V	N
into	to	in-	N	N
introduction	introduce	-ion	V	N
introduction	introduce	-tion	V	N
invariably	invariable	-ly	ADJ	ADV
invariably	variably	in-	ADV	ADV
invasion	invade	-ion	V	N
investigate	vestigate	in-	V	V
investigation	investigate	-ion	V	N
investigator	investigate	-or	V	N
investment	invest	-ment	V	N
investment	invest	-ment	V	ADJ
investor	invest	-or	V	N
invisible	visible	in-	ADJ	ADJ
invitation	invite	-ation	V	N
involved	involve	-ed	V	ADJ
involvement	involve	-ment	V	N
iraqi	iraq	-i	N	N
iraqi	iraq	-i	N	ADJ
irish	ireland	-ish	N	N
irony	iron	-y	ADJ	ADJ
irony	iron	-y	ADJ	N
islamic	islam	-ic	N	ADJ
isolated	isolate	-ed	N	ADJ
isolation	isolate	-ion	N	N
israeli	israel	-i	N	N
israeli	israel	-i	N	ADJ
italian	italy	-an	N	N
italian	italy	-ian	N	N
its	it	-s	N	N
itself	it	-self	N	U
jackson	jack	-son	N	N
japan	jap	-an	N	N
japanese	japan	-ese	N	ADJ
japanese	japan	-ese	N	N
jeans	jean	-s	N	N
jenny	jenna	-y	N	N
jewelry	jewel	-ry	N	N
jewish	jew	-ish	N	ADJ
jimmy	jim	-y	N	N
johnny	john	-y	N	N
johnson	john	-son	N	N
joint	join	-t	V	ADJ
journalist	journal	-ist	N	N
judgement	judge	-ment	N	N
judgment	judge	-ment	N	N
junction	join	-tion	N	N
justification	justify	-ification	V	N
justify	just	-ify	ADV	V
keeper	keep	-er	V	N
killer	kill	-er	N	N
killing	kill	-ing	V	V
killing	kill	-ing	V	ADJ
king	kin	-ing	N	N
kingdom	king	-dom	N	N
known	know	-n	V	ADJ
korean	korea	-an	N	ADJ
laboratory	labor	-atory	V	ADJ
landing	land	-ing	N	N
landscape	land	-scape	N	N
largely	large	-ly	ADJ	ADV
laser	lase	-er	V	N
lately	late	-ly	ADJ	ADV
later	late	-er	ADJ	ADV
laughter	laugh	-er	N	N
lawyer	law	-yer	N	N
lawyer	law	-er	N	N
layer	lay	-er	V	N
leader	lead	-er	N	N
leadership	leader	-ship	N	N
leading	lead	-ing	V	V
leading	lead	-ing	V	N
leaflet	leaf	-let	N	N
learning	learn	-ing	V	N
lecturer	lecture	-er	N	N
legislation	legislate	-ion	V	N
legislative	legislate	-ive	V	ADJ
legislature	legislate	-ure	V	N
length	long	-th	ADJ	N
lesser	less	-er	N	ADJ
letter	let	-er	V	N
liability	liable	-ity	ADJ	N
liberation	liberate	-ion	V	N
lighting	light	-ing	ADJ	N
lightly	light	-ly	V	ADV
likely	like	-ly	V	ADJ
likely	like	-ly	V	ADV
limitation	limit	-ation	N	N
linguistic	linguist	-ic	N	ADJ
literally	literal	-ly	ADJ	ADV
lively	live	-ly	N	ADJ
liver	live	-er	ADJ	N
liver	live	-er	ADJ	ADJ
living	live	-ing	N	V
locally	local	-ly	ADJ	ADV
location	locate	-ion	V	N
logical	logic	-al	N	ADJ
lonely	lone	-ly	ADJ	ADJ
longer	long	-er	ADJ	ADJ
longer	long	-er	ADJ	N
lords	lord	-s	N	N
lost	lose	-t	V	V
lots	lot	-s	N	N
lovely	love	-ly	V	ADJ
lovely	love	-ly	V	ADV
lovely	lofe	-ly	N	ADJ
lover	love	-er	V	N
lower	low	-er	ADJ	ADJ
lower	low	-er	ADJ	V
loyalty	loyal	-ty	ADJ	N
lucky	luck	-y	N	ADJ
machinery	machine	-ry	N	N
maggie	magpie	-ie	N	N
magnetic	magnet	-ic	N	ADJ
mainly	main	-ly	N	ADV
maintenance	maintain	-ance	V	N
majority	major	-ity	N	N
maker	make	-er	N	N
making	make	-ing	N	N
making	make	-ing	N	V
management	manage	-ment	V	N
manager	manage	-er	V	N
manufacturer	manufacture	-er	N	N
manufacturing	manufacture	-ing	N	N
margaret	groat	mer-	N	N
marginal	margin	-al	N	ADJ
marked	mark	-ed	N	ADJ
marketing	market	-ing	N	N
marriage	marry	-age	V	N
married	marry	-ed	V	ADJ
master	mast	-er	N	N
math	mow	-th	V	N
maturity	mature	-ity	ADJ	N
meaning	mean	-ing	ADJ	N
meaning	mean	-ing	ADJ	V
meaningful	meaning	-ful	N	ADJ
measurement	measure	-ment	N	N
mechanical	mechanic	-al	N	ADJ
medication	medical	-ation	ADJ	N
medicine	medical	-ine	ADJ	N
meeting	meet	-ing	V	N
meeting	meet	-ing	V	V
membership	member	-ship	N	N
memorial	memory	-al	N	ADJ
mental	mentum	-al	N	ADJ
mentally	mental	-ly	ADJ	ADV
merely	mere	-ly	ADJ	ADV
merger	merge	-er	V	N
mexican	mexico	-an	N	N
midland	land	mid-	N	N
midnight	night	mid-	N	N
miller	mill	-er	N	N
miner	mine	-er	N	N
minimal	minimum	-al	N	ADJ
mining	mine	-ing	N	N
ministry	minister	-y	N	N
minority	minor	-ity	N	N
missing	miss	-ing	N	V
mistake	take	mis-	V	V
mixed	mix	-ed	V	V
mobility	mobile	-ity	ADJ	N
modification	modify	-ification	V	N
monitoring	monitor	-ing	N	V
monitoring	monitor	-ing	N	N
month	moon	-th	N	N
monthly	month	-ly	N	ADJ
morning	morn	-ing	N	N
mortality	mortal	-ity	ADJ	N
mostly	most	-ly	N	ADV
motivate	motive	-ate	V	V
motivation	motivate	-ion	V	N
motivation	motive	-ation	V	N
movement	move	-ment	N	N
movie	move	-ie	N	N
ms	m	-s	N	N
ms	m	-s	ADJ	U
mummy	mum	-y	N	N
music	muse	-ic	N	N
musical	music	-al	N	ADJ
musician	music	-ian	N	N
myself	self	my-	N	N
myself	my	-self	N	U
mysterious	mystery	-ous	N	ADJ
namely	name	-ly	N	ADV
narrative	narrate	-ive	V	ADJ
national	nation	-al	N	ADJ
natural	nature	-al	N	ADJ
naturally	natural	-ly	ADJ	ADV
naval	navy	-al	N	ADJ
nearly	near	-ly	ADJ	ADV
necessarily	necessary	-ly	ADJ	ADV
negotiation	negotiate	-ion	V	N
neighborhood	neighbor	-hood	N	N
neighbourhood	neighbour	-hood	N	N
nervous	nerve	-ous	V	ADJ
network	net	-work	N	N
newly	new	-ly	ADJ	ADV
news	new	-s	ADJ	N
nicholas	nichola	-s	N	N
nineteen	nine	-teen	N	N
nineteenth	nineteen	-th	N	ADJ
ninety	nine	-ty	N	N
ninety	nine	-y	N	U
nomination	nominate	-ion	ADJ	N
nominee	nominate	-ee	ADJ	N
nonprofit	profit	non-	N	ADJ
nonsense	sense	non-	N	N
normal	norm	-al	N	ADJ
normally	normal	-ly	ADJ	ADV
northern	north	-ern	ADJ	ADJ
not	no	-t	V	N
notable	note	-able	N	ADJ
notably	notable	-ly	ADJ	ADV
nuclear	nucleus	-ar	N	ADJ
nursery	nurse	-ery	N	N
nursery	nurse	-ry	N	N
objection	object	-ion	N	N
objective	object	-ive	N	ADJ
obligation	oblige	-ation	V	N
obliged	oblige	-ed	V	ADJ
observation	observe	-ation	V	N
observer	observe	-er	V	N
obviously	obvious	-ly	ADJ	ADV
occasional	occasion	-al	N	ADJ
occasionally	occasional	-ly	ADJ	ADV
occupational	occupation	-al	N	ADJ
odds	odd	-s	ADJ	N
offender	offend	-er	V	N
offensive	offend	-ive	V	ADJ
offensive	offense	-ive	N	N
offer	off	-er	ADJ	N
offering	offer	-ing	N	N
officer	office	-er	N	N
official	office	-ial	N	ADJ
officially	official	-ly	N	ADV
olympics	olympic	-s	ADJ	N
online	line	on-	N	ADJ
only	one	-ly	U	ADJ
onto	to	on-	N	ADJ
onwards	on	-wards	ADJ	ADV
onwards	onward	-s	ADV	ADV
opening	open	-ing	ADJ	ADJ
openly	open	-ly	ADJ	ADV
operate	opera	-ate	N	V
operating	operate	-ing	V	ADJ
operation	operate	-ion	V	N
operational	operation	-al	N	ADJ
operator	operate	-or	V	N
opportunity	opportune	-ity	ADJ	N
opposition	oppose	-ition	V	N
opposition	oppose	-tion	V	N
optimistic	optimist	-ic	N	ADJ
option	opt	-ion	V	N
organic	organ	-ic	N	ADJ
organisation	organise	-ation	V	N
organiser	organise	-er	V	N
organism	organ	-ism	N	N
organization	organize	-ation	V	N
organizational	organization	-al	N	ADJ
orientation	orient	-ation	N	N
orientation	orientate	-ion	V	N
original	origin	-al	N	ADJ
originally	original	-ly	ADJ	ADV
originate	origin	-ate	N	V
others	other	-s	N	N
otherwise	other	-wise	ADJ	ADV
otherwise	other	-wise	ADJ	ADJ
ought	owe	-t	V	V
ours	our	-s	N	N
ourselves	our	-selves	N	U
outcome	come	out-	V	N
outdoor	door	out-	N	ADJ
outer	out	-er	ADV	ADJ
outer	out	-er	ADV	N
outfit	fit	out-	ADJ	N
outline	line	out-	N	N
output	put	out-	V	N
outside	side	out-	N	N
outsider	outside	-er	ADJ	N
outstanding	standing	out-	V	V
outstanding	outstand	-ing	V	V
overcome	come	over-	V	V
overlook	look	over-	N	N
overseas	oversea	-s	ADV	ADJ
oversee	see	over-	N	V
overwhelming	overwhelm	-ing	V	V
owner	own	-er	ADJ	N
ownership	owner	-ship	N	N
oxfordshire	oxford	-shire	N	N
package	pack	-age	N	N
painful	pain	-ful	N	ADJ
painter	paint	-er	N	N
painting	paint	-ing	N	V
palestinian	palestine	-ian	N	ADJ
panel	pane	-el	V	N
panic	pan	-ic	N	ADJ
parental	parent	-al	N	ADJ
parish	οἶκοσ	παρά-	N	N
parking	park	-ing	N	ADJ
parliamentary	parliament	-ary	N	ADJ
partial	part	-ial	N	ADJ
partially	partial	-ly	ADJ	ADV
participant	participate	-ant	V	N
participation	participate	-ion	V	N
particular	particle	-ar	N	ADJ
particularly	particular	-ly	ADJ	ADV
partly	part	-ly	N	ADV
partnership	partner	-ship	N	N
passage	pass	-age	N	N
passenger	passage	-er	N	N
passing	pass	-ing	N	V
patience	patient	-ence	ADJ	N
pavement	pave	-ment	V	N
payable	pay	-able	V	ADJ
payment	pay	-ment	V	N
peaceful	peace	-ful	N	ADJ
peer	pee	-er	N	N
pensioner	pension	-er	N	N
percentage	percent	-age	N	N
perception	percept	-ion	N	N
perfectly	perfect	-ly	N	ADV
performance	perform	-ance	V	N
performer	perform	-er	V	N
permission	mission	per-	N	N
personal	person	-al	N	ADJ
personality	personal	-ity	ADJ	N
personally	personal	-ly	ADJ	ADV
peter	pete	-er	N	N
photographer	photograph	-er	N	N
photography	photograph	-y	N	N
physical	physics	-al	N	ADJ
physically	physic	-ally	ADJ	ADV
physically	physical	-ly	ADJ	ADV
physician	physic	-ian	N	N
pitcher	pitch	-er	N	N
placement	place	-ment	N	N
planning	plan	-ing	N	N
player	play	-er	N	N
playoff	play	-off	N	N
pleased	please	-ed	V	ADJ
pleased	please	-ed	V	V
poetry	poet	-ry	N	N
policeman	police	-man	N	N
polish	pole	-ish	N	ADJ
political	politic	-al	ADJ	ADJ
politically	political	-ly	ADJ	ADV
politician	politic	-ian	ADJ	N
politics	politic	-s	ADJ	N
pollution	pollute	-ion	V	N
popular	populous	-ar	ADJ	ADJ
popularity	popular	-ity	ADJ	N
population	populate	-ion	V	N
possession	possess	-ion	V	N
possibility	possible	-ity	ADJ	N
possibly	possible	-ly	ADJ	ADV
possibly	possible	-ly	ADJ	U
poster	post	-er	V	N
potential	potent	-ial	ADJ	N
potentially	potential	-ly	N	ADV
powerful	power	-ful	N	ADJ
practical	practic	-al	ADJ	N
practically	practical	-ly	ADJ	ADV
prayer	pray	-er	V	N
precisely	precise	-ly	ADJ	ADV
prediction	predict	-ion	V	N
preference	prefer	-ence	V	N
pregnancy	pregnant	-cy	ADJ	N
preparation	prepare	-ation	V	N
presence	present	-ence	ADJ	N
presentation	present	-ation	N	N
presidency	president	-cy	N	N
presidential	president	-ial	N	ADJ
presumably	presume	-ably	V	ADV
prevention	prevent	-ion	V	N
previously	previous	-ly	ADJ	ADV
primarily	primary	-ly	ADJ	ADV
primary	prime	-ary	N	ADJ
princess	prince	-ess	N	N
printer	print	-er	N	N
priority	prior	-ity	ADJ	N
prisoner	prison	-er	N	N
privacy	private	-cy	ADJ	N
probability	probable	-ity	ADJ	N
probably	probable	-ly	ADJ	ADV
proceeding	proceed	-ing	V	N
processing	process	-ing	N	N
processor	process	-or	N	N
producer	produce	-er	V	N
product	produce	-t	V	N
production	product	-ion	N	N
productive	product	-ive	N	ADJ
productivity	productive	-ity	ADJ	N
professional	profession	-al	N	N
professor	profession	-or	N	N
profitable	profit	-able	N	ADJ
progressive	progress	-ive	N	ADJ
promising	promise	-ing	ADJ	ADJ
promotion	promote	-ion	V	N
properly	proper	-ly	ADJ	ADV
property	proper	-ty	V	N
proportion	portion	pro-	N	N
proposal	propose	-al	V	N
proposition	propose	-ition	V	N
proposition	propose	-tion	V	N
prosecution	prosecute	-ion	V	N
prosecutor	prosecute	-or	V	N
protection	protect	-ion	V	N
protective	protect	-ive	V	ADJ
provided	provide	-ed	V	V
provider	provide	-er	ADJ	N
provincial	province	-ial	N	ADJ
psychological	psychology	-ical	N	ADJ
psychologist	psychology	-ist	N	N
publication	public	-ation	ADJ	N
publicity	public	-ity	ADJ	N
publicly	public	-ly	ADJ	ADV
publisher	publish	-er	V	N
publishing	publish	-ing	V	ADJ
punishment	punish	-ment	V	N
purchaser	purchase	-er	N	N
purely	pure	-ly	ADJ	ADV
puzzle	pose	-le	N	N
qualification	qualify	-ification	V	N
qualify	quality	-fy	N	V
qualify	quality	-ify	N	V
questionnaire	question	-aire	N	N
quickly	quick	-ly	ADJ	ADV
quietly	quiet	-ly	ADJ	ADV
racial	race	-ial	N	ADJ
racism	race	-ism	N	N
radiation	radiate	-ion	ADJ	N
rapidly	rapid	-ly	ADJ	ADV
rarely	rare	-ly	ADJ	ADV
rather	rathe	-er	U	ADV
rating	rate	-ing	N	ADJ
react	act	re-	N	V
reaction	react	-ion	V	N
reader	read	-er	V	N
readily	ready	-ly	ADJ	ADV
reading	read	-ing	V	V
reading	read	-ing	V	N
realistic	realist	-ic	N	ADJ
reality	real	-ity	N	N
realize	real	-ize	ADJ	V
really	real	-ly	N	V
reasonable	reason	-able	N	ADJ
reasonably	reasonable	-ly	ADJ	ADV
rebuild	build	re-	V	V
recall	call	re-	N	V
receiver	receive	-er	V	N
recently	recent	-ly	ADJ	ADV
reception	receive	-ion	V	N
recognition	cognition	re-	N	N
recognize	cognize	re-	V	U
recommend	commend	re-	V	V
recommendation	recommend	-ation	V	N
recording	record	-ing	N	V
recover	cover	re-	V	N
recover	cover	re-	V	V
recovery	recover	-y	V	N
recruitment	recruit	-ment	N	N
reduction	reduct	-ion	V	N
redundancy	redundant	-cy	ADJ	N
reference	refer	-ence	V	N
reference	referent	-ence	N	N
reflection	reflect	-tion	V	N
reflection	reflect	-ion	V	N
refrigerator	refrigerate	-or	V	N
refugee	refuge	-ee	N	N
refusal	refuse	-al	V	N
refuse	fuse	re-	N	V
regarding	respect	-ing	N	V
regarding	regard	-ing	N	V
regardless	regard	-less	N	ADJ
regardless	regard	-less	N	ADV
regional	region	-al	N	ADJ
registration	register	-ation	N	N
registration	registry	-ation	N	N
regret	greet	re-	V	V
regularly	regular	-ly	ADJ	ADV
regulation	regulate	-ion	V	N
regulatory	regulator	-y	N	ADJ
reinforce	inforce	re-	V	V
rejection	reject	-ion	V	N
related	relate	-ed	V	ADJ
relation	relate	-ion	V	N
relationship	relation	-ship	N	N
relative	relate	-ive	V	ADJ
relatively	relative	-ly	N	ADV
relaxed	relax	-ed	V	ADJ
release	lease	re-	V	V
release	lease	re-	V	N
relevance	relevant	-ance	ADJ	N
relevance	relevant	-ce	ADJ	N
reliability	reliable	-ity	ADJ	N
reliable	rely	-able	V	ADJ
reluctant	reluct	-ant	V	ADJ
remainder	remain	-er	V	N
remaining	remain	-ing	N	ADJ
remains	remain	-s	N	N
remark	mark	re-	N	N
remarkable	remark	-able	N	ADJ
remarkably	remarkable	-ly	ADJ	ADV
remarkably	remark	-ably	N	ADV
remember	member	re-	N	V
remind	mind	re-	V	V
reminder	remind	-er	V	N
removal	remove	-al	V	N
remove	move	re-	V	V
render	rend	-er	V	N
repair	pair	re-	N	V
repeatedly	repeated	-ly	ADJ	ADV
replace	place	re-	N	V
replacement	replace	-ment	V	N
report	port	re-	N	V
reportedly	reported	-ly	V	ADV
reporter	report	-er	N	N
reporting	report	-ing	N	N
represent	present	re-	N	U
represent	present	re-	N	V
representation	presentation	re-	N	U
representation	represent	-ation	V	N
representative	represent	-ative	V	ADJ
reproduce	produce	re-	N	V
republic	public	re-	ADJ	N
republican	republic	-an	N	ADJ
reputation	repute	-ation	N	N
required	require	-ed	V	ADJ
requirement	require	-ment	V	N
research	search	re-	N	N
researcher	research	-er	N	N
resemble	semble	re-	V	V
reservation	reserve	-ation	N	N
residence	reside	-ence	V	N
residential	resident	-ial	N	ADJ
resign	sign	re-	N	V
resignation	resign	-ation	V	N
resistance	resist	-ance	V	N
resolution	solution	re-	N	N
resolution	resolute	-ion	ADJ	N
resolve	solve	re-	V	V
resolve	solve	re-	V	N
resort	sort	re-	V	V
resort	sort	re-	V	N
resource	source	re-	N	N
respectively	respective	-ly	ADJ	ADV
responsibility	responsible	-ity	ADJ	N
responsible	response	-ible	N	ADJ
restoration	restore	-ation	V	N
restraint	restrain	-t	V	N
restriction	restrict	-ion	V	N
retire	tire	re-	N	U
retire	tire	re-	N	V
retired	retire	-ed	V	ADJ
retirement	retire	-ment	V	N
return	turn	re-	N	V
review	view	re-	N	N
revolutionary	revolution	-ary	N	ADJ
rider	ride	-er	N	N
rider	rider	-er	N	N
ridiculous	ridicule	-ous	N	ADJ
rightly	right	-ly	ADJ	ADV
risky	risk	-y	N	ADJ
river	rive	-er	V	N
roberts	robert	-s	N	N
robinson	robin	-son	N	N
roman	rome	-an	N	ADJ
romantic	romant	-ic	N	ADJ
roughly	rough	-ly	N	ADV
royal	roy	-al	N	N
rugby	rook	-by	N	N
ruler	rule	-er	N	N
ruling	rule	-ing	N	N
runner	run	-er	V	N
running	run	-ing	N	ADJ
running	runner	-ing	N	N
russian	russia	-an	N	ADJ
ruth	rue	-th	N	N
sacred	sacre	-ed	V	ADJ
sadly	sad	-ly	N	ADV
safely	safe	-ly	ADJ	ADV
safety	safe	-ty	ADJ	N
sales	sale	-s	N	N
sally	salvation	-y	N	N
satisfaction	satisfy	-tion	V	N
satisfactory	satisfaction	-ory	N	ADJ
satisfied	satisfy	-ed	V	V
satisfied	satisfy	-ed	V	ADJ
saving	save	-ing	N	N
scarcely	scarce	-ly	ADJ	ADV
scared	scare	-ed	N	ADJ
scary	scare	-y	N	ADJ
scholarship	scholar	-ship	N	N
scientist	science	-ist	N	N
scotland	scot	-land	N	N
scottish	scot	-ish	N	ADJ
secondary	second	-ary	N	ADJ
secondly	second	-ly	N	ADV
security	secure	-ity	ADJ	N
seed	see	-d	V	V
seemingly	seeming	-ly	ADJ	ADV
selection	select	-ion	V	N
seller	sell	-er	N	N
senator	senate	-or	N	N
sensation	sense	-ation	N	N
sensible	sense	-ible	N	ADJ
sensitivity	sensitive	-ity	N	N
separately	separate	-ly	ADJ	ADV
separation	separate	-ion	ADJ	N
seriously	serious	-ly	ADJ	ADV
servant	serve	-ant	N	N
server	serve	-er	N	N
serving	serve	-ing	V	N
setting	set	-ing	N	V
settlement	settle	-ment	N	N
seventh	seven	-th	N	ADJ
seventy	seven	-ty	N	N
severely	severe	-ly	ADJ	ADV
sexual	sex	-ual	N	ADJ
sexually	sexual	-ly	ADJ	ADV
sexy	sex	-y	N	ADJ
shared	share	-ed	N	ADJ
sharply	sharp	-ly	ADJ	ADV
shocked	shock	-ed	N	ADJ
shooting	shoot	-ing	N	V
shooting	shoot	-ing	N	N
shopping	shop	-ing	N	N
shortage	short	-age	ADJ	N
shortly	short	-ly	ADJ	ADV
shower	show	-er	V	U
shower	show	-er	V	N
shuttle	shut	-le	V	N
sibling	sib	-ling	N	N
significance	significant	-ce	ADJ	N
significantly	significant	-ly	ADJ	ADV
silly	seel	-y	ADJ	ADJ
similarity	similar	-ity	ADJ	N
similarly	similar	-ly	ADJ	ADV
simply	simple	-ly	ADJ	ADV
simply	simple	-ly	ADJ	U
simultaneously	simultaneous	-ly	ADJ	ADV
singer	sing	-er	N	N
singer	singe	-er	V	N
situation	situate	-ion	V	N
sixteen	six	-teen	U	N
sixth	six	-th	N	ADJ
sixty	six	-ty	U	N
skilled	skill	-ed	N	ADJ
slightly	slight	-ly	ADJ	ADV
slowly	slow	-ly	ADJ	ADV
soccer	assoc.	-er	N	N
socialism	social	-ism	ADJ	N
socialist	social	-ist	ADJ	ADJ
socially	social	-ly	ADJ	ADV
sodium	soda	-ium	N	N
softly	soft	-ly	ADJ	ADV
software	soft	-ware	ADJ	N
sole	sow	-le	N	ADJ
solely	sole	-ly	N	ADV
solicitor	solicit	-or	V	N
sometimes	sometime	-s	ADV	ADV
sophisticated	sophisticate	-ed	N	ADJ
sorry	sore	-y	ADJ	ADJ
spanish	spain	-ish	N	ADJ
speaker	speak	-er	N	N
specialist	special	-ist	ADJ	ADJ
specialize	special	-ize	N	V
specially	special	-ly	N	ADV
specific	specify	-ic	V	ADJ
specifically	specific	-ally	ADJ	ADV
specification	specific	-ation	ADJ	N
spectacular	spectacle	-ar	N	ADJ
speculation	speculate	-ion	V	N
spending	spend	-ing	V	N
spending	spend	-ing	V	V
stability	stable	-ity	ADJ	N
stairs	stair	-s	N	N
standard	stand	-ard	V	ADJ
standing	stand	-ing	N	V
standing	stand	-ing	N	N
starter	start	-er	N	N
starting	start	-ing	N	V
statement	state	-ment	N	N
statistical	statistic	-al	N	ADJ
statistics	statistic	-s	N	N
statutory	statute	-ory	N	ADJ
steadily	steady	-ly	ADJ	ADV
steady	stathe	-y	N	ADJ
sterling	star	-ling	N	N
stop	top	s-	N	ADJ
storage	store	-age	N	N
stranger	strange	-er	ADJ	ADJ
strategic	strategy	-ic	N	ADJ
strength	strong	-th	ADJ	N
strengthen	strength	-en	N	V
strictly	strict	-ly	ADJ	ADV
striker	strike	-er	N	N
striking	strike	-ing	N	ADJ
strongly	strong	-ly	ADJ	ADV
structural	structure	-al	N	ADJ
student	study	-ent	N	N
submission	mission	sub-	N	N
subsequent	sequent	sub-	ADJ	ADJ
subsequently	subsequent	-ly	ADJ	ADV
subsidiary	subside	-ary	V	ADJ
subsidy	subside	-y	V	N
substantial	substance	-ial	N	ADJ
substantially	substantial	-ly	ADJ	ADV
suburban	suburb	-an	N	ADJ
suburban	urban	sub-	ADJ	ADJ
successful	success	-ful	N	ADJ
successfully	successful	-ly	ADJ	ADV
succession	success	-ion	N	N
successive	successor	-ive	N	ADJ
suddenly	sudden	-ly	ADJ	ADV
suffering	suffer	-ing	V	N
sufficiently	sufficient	-ly	ADJ	ADV
suggestion	suggest	-ion	V	N
suitable	suit	-able	N	ADJ
summer	sum	-er	N	N
supermarket	market	super-	N	N
supervision	supervise	-ion	V	N
supervisor	supervise	-or	V	N
supper	sup	-er	N	N
supplier	supply	-er	N	N
supply	supple	-ly	ADJ	U
supporter	support	-er	N	N
supposed	suppose	-ed	V	V
surely	sure	-ly	ADJ	ADV
surprised	surprise	-ed	N	ADJ
surprising	surprise	-ing	N	V
surprising	surprise	-ing	N	ADJ
surprisingly	surprising	-ly	ADJ	ADV
surrounding	surround	-ing	N	ADJ
survival	survive	-al	V	N
survivor	survive	-or	V	N
suspension	suspensio	-n	N	N
suspicion	suspect	-ion	ADJ	N
suspicious	suspicion	-ous	N	ADJ
sweden	swede	-n	N	N
swimming	swim	-ing	V	N
swimming	swimmer	-ing	N	N
switzerland	switzer	-land	N	N
symbolic	symbol	-ic	N	ADJ
sympathetic	sympathy	-etic	N	ADJ
systematic	system	-atic	N	ADJ
talented	talent	-ed	N	ADJ
target	targe	-et	N	N
taxation	tax	-ation	N	N
teacher	teach	-er	N	N
teaching	teach	-ing	V	N
teaching	teach	-ing	V	V
teaching	teach	-ing	V	ADJ
teammate	team	-mate	N	N
technological	technology	-ical	N	ADJ
technology	techno	-logy	N	N
teenager	teenage	-er	ADJ	N
telephone	phone	tele-	N	V
television	vision	tele-	N	N
tendency	tend	-ency	V	N
tender	tend	-er	V	N
tender	tend	-er	V	ADJ
tension	tense	-ion	N	N
terrorism	terror	-ism	N	N
terrorist	terror	-ist	N	N
testing	test	-ing	N	ADJ
thanks	thank	-s	N	N
thatcher	thatch	-er	N	N
themselves	them	-selves	V	U
theoretical	theoretic	-al	ADJ	ADJ
therapist	therapy	-ist	N	N
thinking	think	-ing	V	N
thinking	think	-ing	V	V
thirty	three	-ty	N	N
thoroughly	thorough	-ly	ADJ	ADV
threaten	threat	-en	N	V
tighten	tight	-en	ADJ	V
tightly	tight	-ly	ADJ	ADV
timing	time	-ing	N	N
tiny	tine	-y	U	ADJ
tired	tire	-ed	N	V
today	day	to-	N	N
together	gather	to#Etymology_2-	V	ADV
tomorrow	morrow	to-	N	ADV
tomorrow	morrow	to-	N	N
tonight	night	to-	N	N
tony	tone	-y	V	ADJ
totally	total	-ly	ADJ	ADV
tourism	tour	-ism	N	N
tourist	tour	-ist	N	N
towards	toward	-s	ADJ	U
towards	to	-wards	N	ADJ
tower	tow	-er	V	N
trader	trade	-er	N	N
trading	trade	-ing	N	ADJ
traditional	tradition	-al	N	ADJ
traditionally	traditional	-ly	ADJ	ADV
trailer	trail	-er	V	N
trainer	train	-er	N	N
training	train	-ing	N	V
transaction	transact	-ion	V	N
transform	form	trans-	N	V
transformation	transform	-ation	N	N
translation	translate	-ion	V	N
transmission	mission	trans-	N	N
transportation	transport	-ation	N	N
traveler	travel	-er	N	N
traveller	travel	-er	N	N
treasury	treasure	-y	N	N
treatment	treat	-ment	V	N
trial	try	-al	N	N
tribal	tribe	-al	N	ADJ
tropical	tropic	-al	N	ADJ
trousers	trouser	-s	N	N
truly	true	-ly	ADJ	ADV
trustee	trust	-ee	N	N
truth	true	-th	ADJ	N
turkey	turk	-y	N	N
turkey	turk	-ey	N	N
twentieth	twenty	-eth	N	ADJ
typical	type	-ical	N	ADJ
typically	typical	-ly	ADJ	ADV
ugly	ug	-ly	N	ADJ
ultimately	ultimate	-ly	ADJ	ADV
unable	able	un-	ADJ	ADJ
unable	able	un-	ADJ	V
uncertain	certain	un-	ADJ	ADJ
uncertainty	certainty	un-	N	N
uncertainty	uncertain	-ty	ADJ	N
uncomfortable	comfortable	un-	ADJ	ADJ
uncover	cover	un-	N	V
undergo	go	under-	N	V
underlying	underly	-ing	V	ADJ
undermine	mine	under-	N	V
understand	stand	under-	N	V
understanding	understand	-ing	V	N
undertake	take	under-	N	V
undertaking	undertake	-ing	V	N
undoubtedly	undoubted	-ly	ADJ	ADV
unemployed	employed	un-	ADJ	ADJ
unemployment	employment	un-	N	N
unemployment	employ	un-	V	N
unexpected	expected	un-	ADJ	ADJ
unfair	fair	un-	ADJ	ADJ
unfortunate	fortunate	un-	ADJ	ADJ
unfortunately	unfortunate	-ly	ADJ	ADV
unfortunately	fortunately	un-	ADV	ADV
unhappy	happy	un-	ADJ	ADJ
united	unite	-ed	V	ADJ
united	unit	-ed	N	ADJ
unity	unite	-y	V	N
universal	universe	-al	N	ADJ
unknown	known	un-	ADJ	ADJ
unlike	like	un-	ADV	ADJ
unlike	like	un-	ADV	V
unlikely	likely	un-	ADJ	ADJ
unlikely	likely	un-	ADJ	ADV
unnecessary	necessary	un-	ADJ	ADJ
until	till	un-	N	U
until	til	un-	N	N
unusual	usual	un-	ADJ	ADJ
update	date	up-	N	N
upon	up	-on	ADJ	N
upset	set	up-	ADJ	ADJ
upset	set	up-	ADJ	V
upstairs	stairs	up-	N	ADV
upwards	up	-wards	ADJ	ADV
urgent	urge	-ent	N	ADJ
used	use	-ed	V	V
useful	use	-ful	V	ADJ
useful	use	-full	V	ADJ
user	use	-er	V	N
usually	usual	-ly	ADJ	ADV
utility	utile	-ity	ADJ	N
vacation	vacate	-ion	V	N
valuable	value	-able	N	ADJ
variable	vary	-able	N	ADJ
variation	vary	-ation	N	N
vendor	vend	-or	N	N
verbal	verb	-al	N	ADJ
victorian	victoria	-an	N	ADJ
victory	victor	-y	N	N
viewer	view	-er	N	N
violation	violate	-ion	ADJ	N
violence	violent	-ence	ADJ	N
virtually	virtual	-ly	ADJ	ADV
visitor	visit	-or	N	N
visual	vision	-ual	N	ADJ
volunteer	voluntary	-eer	ADJ	N
voter	vote	-er	V	N
voting	vote	-ing	N	V
walker	walk	-er	N	N
walking	walk	-ing	N	V
walking	walk	-ing	N	N
walter	walt	-er	V	V
warmth	warm	-th	ADJ	N
warning	warn	-ing	N	V
washing	wash	-ing	V	N
weaken	weak	-en	ADJ	V
weakness	weak	-ness	ADJ	N
wealth	weal	-th	U	N
wealthy	wealth	-y	N	ADJ
wedding	wed	-ing	V	V
wedding	wed	-ing	V	N
weekly	week	-ly	N	ADV
weekly	week	-ly	N	ADJ
weight	weigh	-t	V	N
whatever	what	-ever	ADV	U
whereby	where	-y	N	ADJ
whilst	whiles	-t	N	U
wholly	whole	-ly	N	ADV
widely	wide	-ly	ADJ	ADV
williams	william	-s	N	N
willing	will	-ing	N	ADJ
willingness	willing	-ness	ADJ	N
win	won	-in	N	N
winner	win	-er	N	N
wisdom	wise	-dom	ADJ	N
withdraw	draw	with-	V	V
withdrawal	withdraw	-al	V	N
witness	wit	-ness	V	N
wonderful	wonder	-ful	N	ADJ
wooden	wood	-en	N	ADJ
worker	work	-er	V	N
working	work	-ing	V	N
working	work	-ing	V	V
works	work	-s	N	N
worldwide	world	-wide	N	ADJ
worried	worry	-ed	N	ADJ
writer	write	-er	V	N
writing	write	-ing	V	N
writing	write	-ing	V	V
written	write	-en	V	ADJ
yesterday	day	yester-	N	N
yorkshire	york	-shire	N	N
youngster	young	-ster	ADJ	N
youth	young	-th	ADJ	N
