# WordNet 3.1 | sha256 3f7d8be8ef6ecc7167d39b10d66954ec734280b5bdcd57f7d9eafe429d11c22a | pack cet4 | entries 980
abnormal	unnatural
aboard	on boardalongside
accelerate	speed upspeedquicken
acceleration	quickeningspeedup
accessory	appurtenancesupplementadd-onaccoutrementaccoutermentaccessaryadjunctancillaryadjuvantappurtenantauxiliary
accidental	incidentalnonessentialinadvertent
accord	treatypactconformityaccordanceagreementallotgrantharmonizeharmoniseconsortconcordfit inagree
accordance	accordance of rightsaccordconformity
accumulate	cumulateconglomeratepile upgatheramassroll upcollectcompilehoard
accustom	habituate
accustomed	customaryhabitualwonted(a)
ache	achingyearnyenpinelanguishhurtsuffersmart
acquaintance	familiarityconversanceconversancyfriendacquaintanceship
adhere	clingcleavestickcoherehold fastbondbindstick tostand bystick by
adjective	proceduraladjectival
aeroplane	airplaneplane
affluent	feedertributaryconfluentflushloadedmoneyedwealthysubstantial
agony	tormenttorturesufferingexcruciation
alert	alarmwarning signalalarumalertingqui vivewatchfulalive(p)awake(p)brisklivelymerryrattlingsnappyspankingzippy
alloy	admixturemetaldebase
aloud	out loudloudlyloud
alphabet	rudimentsfirst principlesabcabc'sabcs
altitude	heightelevationelalt
aluminium	aluminumalatomic number 13
amaze	perplexvexstickgetpuzzlemystifybafflebeatposebewilderflummoxstupefynonplusgraveldumbfoundastonishastound
ampere	ampainternational ampere
amplify	inflateblow upexpandmagnifyoverstateexaggerateoverdrawhyperbolizehyperbolise
amuse	divertdisport
anchor	ground tacklemainstaykeystonebackbonelinchpinlynchpinanchormananchorpersoncast anchordrop anchorground
ant	emmetpismire
anyhow	anywayanywaysin any caseat any ratein any event
apology	excuseapologia
apparatus	setup
appetite	appetencyappetence
applause	hand clappingclapping
appliance	contraptioncontrivanceconveniencegadgetgizmogismowidget
approximate	estimategaugeguessjudgecome closeclose together(p)nearapproximativerough
arabian	arab
arithmetic	arithmetical
arouse	wake upawakeawakenwakecome alivewakenrousestimulatebraceenergizeenergiseperk upraiseconjureconjure upinvokeevokestircall downbring upput forwardcall forthelicitenkindlekindlefireprovokesexexciteturn onwind up
ascribe	imputeassignattribute
ash	ash tree
astonish	amazeastound
astronaut	spacemancosmonaut
atmospheric	atmospherical
atomic	nuclear
attain	reachhitmakearrive atgainfall uponstrikecome uponlight uponchance uponcome acrosschance onhappen upondiscoverachieveaccomplish
attentive	heedfulthoughtfulpaying attention
audio	sound recordingaudio recordingaudio frequencysound
automation	mechanizationmechanisation
auxiliary	aidesubsidiarysupplementalsupplementaryaccessoryadjunctancillaryadjuvantappurtenant
aviation	air travelairairmanshipair power
awake	wake uparouseawakenwakecome alivewaken
awfully	terriblyawfulfrightfullyatrociouslyabominablyabysmallyrottenlydreadfullyhorribly
ax	axe
axis	axis of rotationaxis vertebrabloc
b.c.	bcbefore christ
bachelor	unmarried manknight bachelorbachelor-at-armsbach
backward	half-wittedslow-wittedfeeblemindedbackbackwardsrearwardrearwards
baggage	luggage
balloon	inflatebillow
bang	hitsmashsmasherstrikefringeclaperuptionblastbamknockbashbeltbootchargerushflushthrillkickspangslamsleep togetherroll in the haylovemake outmake lovesleep withget laidhave sexknowdo itbe intimatehave intercoursehave it awayhave it offscrewfuckjazzeffhumplie withbedhave a go at itget it onbonkslapslapdashsmackbolt
banner	streamerstandard
barber	samuel barber
bargain	dealbuystealdicker
bark	barqueskin
beard	byssusface funguswhiskers
beforehand	aheadin advance
beggar	mendicantpauperizepauperise
beginner	founderfounding fatherfathernovicetyrotiroinitiate
beloved	deardearesthoneylovedarling
beneficial	good
berry	chuck berrycharles edward berry
betray	denouncetell ongive awayratgrassshitshopsnitchstagdeceivelead astraybewrayfailsellcheat oncheatcuckoldwander
bitterly	piercinglybitinglybitter
blast	fireattackflakflackgood timebangclaperuptionbamgustblowknock downsavagepillorycrucifyshootshellsmashnailboomblare
blaze	hellglarebrillianceblazingblaze awayblaze out
bleed	shed bloodhemorrhageleechphlebotomizephlebotomiserun
bloom	efflorescenceflowerblossombloomingblushflushrosinessbloom of youthsalad daysprimepeakheyday
blossom	flowerbloomprimepeakheydayefflorescenceflushblossom outblossom forthunfold
boast	boastingself-praisejactitationtoutswashshoot a linebraggasblowblustervauntgasconadesportfeature
bolt	dashdeadboltthunderboltbolt of lightninggobblerun offrun outbolt outbeetle offabscondabsquatulatedecampgo offmake offrigidlystifflybangslapslapdashsmack
bore	bore-holedrill holegaugecalibercalibretidal boreeagreaegireagerdullarddrilltire
bosom	embracebreastknockerboobtittittyhearthugsqueeze
brake	brackenpasture brakepteridium aquilinum
breadth	widthcomprehensivenesslargeness
brighten	lighten uplightenclear upclearlight up
brim	rimlip
brisk	brisk upbriskenalertlivelymerryrattlingsnappyspankingzippybracingfreshrefreshingrefreshfultonic
bristle	uprisestand upaboundburst
brittle	toffeetoffybricklebricklyunannealed
brood	hatchcoverincubatedwellgrizzlestewsulkpouthoverloombulk large
brook	creekdigestendurestick outstomachbearstandtoleratesupportabidesufferput up
broom	heatherlingscots heathercalluna vulgarissweep
brow	eyebrowsuperciliumforeheadhilltop
bruise	contusioncontusehurtwoundinjureoffendspite
brute	animalanimate beingbeastcreaturefaunawolfsavagewildcat
bulb	light bulblightbulbincandescent lampelectric lightelectric-light bulbmedulla oblongatamedulla
bundle	sheafpackagepacketparcelpilebig bucksmegabucksbig moneypractice bundlingpackwadcompactbunchclusterclumpbundle uproll up
butcher	bunglerblundererfumblerbumblerstumblersad sackbotcherfuckupslaughterermeatmanslaughter
butterfly	butterfly strokechat upflirtdallycoquetcoquetteromancephilandermash
cabbage	choucultivated cabbagebrassica oleraceaboodlebreadclamsdinerodoughgeltkalelettucelollylucrelootmoolahpelfscratchshekelssimoleonssugarwampumpilferpurloinpinchabstractsnarfswipehooksneakfilchnobblelift
cafe	coffeehousecoffee shopcoffee bar
calculator	calculating machinereckonerfigurerestimatorcomputer
cannon	caromshank
canteen	mobile canteen
captive	prisonerabsorbedengrossedenwrappedintentwrappedconfinedimprisonedjailed
cargo	ladingfreightloadloadingpayloadshipmentconsignment
carrot	cultivated carrotdaucus carota sativa
cautious	timidconservative
cellar	basementwine cellarroot cellar
cement	cementum
cent	pennycentime
centimetre	centimetercm
chalk	methamphetaminemethamphetamine hydrochloridemethedrinemethdeoxyephedrinechicken feedcrankglassiceshabutrash
charming	magicmagicalsorcerouswitching(a)wizard(a)wizardly
cheer	cheerfulnesssunninesssunshineroot oninspireurgebarrackurge onexhortpep upcheer upchirk upjolly alongjolly upheartenrecreateembolden
cheerful	pollyannaishupbeat
chemist	pharmacistdruggistapothecarypill pusherpill roller
cherry	cerisecherry redcherry treeredreddishruddyblood-redcarminecherry-redcrimsonrubyruby-redscarlet
chess	chess gamecheatbromus secalinus
chew	chewingmasticationmanductionchawcudquidplugwadmasticatemanducatejaw
childish	infantile
chill	icinessgelidityfrissonshiverquivershudderthrilltinglepallshiveringcoolcool down
chimney	lamp chimney
choke	choke coilchoking coilgagstranglesuffocatethrottlediedeceaseperishgoexitpass awayexpirepasskick the bucketcash in one's chipsbuy the farmconkgive-up the ghostdrop deadpop offcroaksnuff itstifleasphyxiateclogchoke offclog upback upcongestfoulfretscrag
circular	handbillbillbroadsidebroadsheetflierflyerthrowawayrotaryorbitualround
circumference	perimetercircuit
civilize	civiliseeducateschooltraincultivate
clap	bangeruptionblastbamclackgonorrheagonorrhoeaspatapplaudacclaim
clarify	clear upelucidate
clasp	clenchclutchclutchesgraspgripholdbucklebrooch
classmate	schoolmateschoolfellowclass fellow
claw	chelanipperpincerhook
cloak	clothedraperobedissemblemask
clothe	dressenclothegarbraimenttoggarmenthabilitatefit outapparelcloakdraperobeinvestadorn
clumsy	awkwardcumbersomeinaptineptill-chosengawkyclunkyungainlyunwieldybunglingfumblingincompetentbunglesome
coarse	commonrough-cutuncouthvulgarharsh
cock	roosterhammerstopcockturncockprickdickshaftpeckertoolputztittupswaggerruffleprancestrutsashay
coil	spiralvolutewhorlhelixrollcurlcurlicueringletgyrescrollloophandbuildhand-buildgyrate
collaborate	join forcescooperateget together
collision	hit
comb	combingcockscombcoxcombcomb outdisentangleransack
comparative	comparative degreerelative
comparatively	relatively
compass	scoperangereachorbitambitgraspgrokget the picturecomprehendsavvydigapprehendcircumnavigate
compile	composeroll upcollectaccumulatepile upamasshoard
complicate	refinerarifyelaborateperplex
comprehension	inclusion
compress	constrictsqueezecompactcontractpresspack together
compute	calculateciphercypherwork outreckonfigure
comrade	brothercompanionfellowfamiliarassociate
condense	digestconcentratedistilldistilcontract
conductor	music directordirector
congratulate	complimentfelicitatepreenprideplume
congratulation	felicitation
conjunction	junctionconcurrencecoincidenceco-occurrenceconjunctiveconnectivecontinuativealignmentconjugationcolligation
conquer	suppressstamp downsubdueappropriatecaptureseize
conquest	conqueringsubjectionsubjugationseduction
conserve	preserveconservespreserveshusbandeconomizeeconomisemaintainkeep up
contempt	disrespectscorndisdaindespite
contrary	reverseoppositeadverseobstinateperversewayward
convenience	appliancecontraptioncontrivancegadgetgizmogismowidgetpublic toiletcomfort stationpublic conveniencepublic lavatoryrestroomtoilet facilitywash room
coordinate	co-ordinateorganizeorganisealignordinate
cordial	liqueuraffableamiablegenial
correction	rectificationdisciplinechasteningchastisementfudge factor
corresponding	comparablelike
cough	coughing
coward	noel cowardsir noel pierce coward
crane	grushart craneharold hart cranestephen cranestretch out
cripple	lamestultify
crow	bragbraggingcrowingvaporingline-shootinggasconadecorvusgloattriumph
crude	petroleumcrude oilrock oilfossil oiloilrawearthygrossvulgarprimitiverudeunrefinedunprocessedrough
crust	gallimpertinenceimpudenceinsolencecheekinessfreshnessearth's crustincrustationencrustation
cube	square blockthird powerblockregular hexahedrondice
cubic	three-dimensional
cucumber	cukecucumber vinecucumis sativus
cue	cue stickpool cuepool stickdiscriminative stimulusclueclewpromptremind
cultivate	domesticatenaturalizenaturalisetamecropworkeducateschooltraincivilizecivilise
cunning	craftcraftinessfoxinessguileslynesswilinesscleveringeniouscraftydodgyfoxyguilefulknavishslickslytricksytrickywilycute
cure	remedycurativetherapeuticbring aroundheal
curiosity	curiooddityoddmentpeculiarityraritywonder
curl	lockringletwhorlrobert curlrobert f. curlrobert floyd curl jr.coilrollcurlicuegyrescrollcurvekinkwaveloopcurl updraw in
curse	curse wordexpletiveoathswearingswearwordcusshexjinxwhammyexecrationcondemnationtormentbanescourgenemesisblasphemeswearimprecatebeshrewdamnbedamnanathemizeanathemisemaledictexcommunicateunchurch
cushion	shock absorbershockbuffersoften
dairy	dairy farm
daring	boldnesshardinesshardihooddareaudaciousventuresomeventurousavant-garde
dash	sprintboltelanflairpanachestyledahhyphensmashcrashdauntscare offpallfrighten offscare awayfrighten awayscaredartscootscudflashshoot
daylight	daydaytime
decay	decompositiondeclineradioactive decaydisintegrationcrumbledilapidatedisintegratedecompose
deceit	deceptiondissemblingdissimulationfraudulencemisrepresentation
deceive	betraylead astraylead ondeludecozen
deduce	inferdeductderive
deed	acthuman actionhuman activitydeed of conveyancetitle
deepen	intensifycompoundheightenchange
delete	editblue-pencilerasecancel
deliberate	debateconsidermootturn overcarefulmeasuredcalculatedintentionalknowing
delicious	delightfuldelectablelusciouspleasant-tastingscrumptioustoothsomeyummy
dense	dimdulldumbobtuseslowthickheavyimpenetrable
depart	gogo awaytake leavequitpartstartstart outset forthset offset outtake offsidetrackdigressstraggleleavepull up stakesdeviatevarydiverge
depress	press downlowerdejectcast downget downdismaydispiritdemoralizedemoralise
despair	desperation
despise	contemnscorndisdain
detection	catchingespialspyingspottingdetectingdetective worksleuthingsensingsignal detection
dial	telephone dial
dialect	idiomaccent
dialog	dialogueduologue
diameter	diam
dictate	orderprescribe
dictation	commandbidbidding
digest	compilationcondenseconcentrateendurestick outstomachbearstandtoleratesupportbrookabidesufferput up
diligent	persevering
dim	blurslurblinddipsubdueddimmeddensedulldumbobtuseslowfaintshadowyvaguewispyblackbleak
dip	plungedropfallfree fallpickpocketcutpurseangle of dipmagnetic dipmagnetic inclinationinclinationdunksousedouseducksinkdim
disable	invalidincapacitatehandicapdisenable
disappoint	let down
disapprove	reject
discard	throwing awayflingtosstoss outtoss awaychuck outcast asidedisposethrow outcast outthrow awaycast awayput away
disguise	camouflagemask
disgust	revoltnauseatesickenchurn upgross outrepel
dishonour	dishonordisgraceattaintshameraperavishviolateassaultoutrage
dislike	disfavordisfavourdisapproval
ditch	trenchdumpchuck
dive	nose divenosedivedivinghonkytonkplungeplunk
donkey	domestic assequus asinus
dorm	dormitoryresidence hallhallstudent residence
dormitory	dormresidence hallhallstudent residencedormitory roomdorm room
doubtful	dubiousdubitablein question(p)tentative
doubtless	undoubtedlydoubtlessly
downward	downdownwardsdownwardly
dragon	flying dragonflying lizarddracofiredraketartar
dread	apprehensionapprehensivenessfear
drill	exercisepracticepractice sessionrecitationmandrillus leucophaeuspractisebore
drip	drip molddrip moulddrippingtrickledribbledrop
drought	drouth
dumb	mutesilentspeechlessdensedimdullobtuseslow
durable	lastinglong-lastinglong-livedindestructibleperdurableundestroyablelong-wearing
dusk	twilightgloaminggloamnightfallevenfallfallcrepusculecrepuscle
dwelling	homedomicileabodehabitationdwelling house
dye	dyestuff
dying	deathdemise
earnest	businesslikesinceresolemndeardevoutheartfelt
economical	economicfrugalscotchsparingstinting
editorial	columnnewspaper column
elaborate	work outcomplicaterefinerarifylucubrateexpatiateexpositenlargeflesh outexpandexpounddilatedetailedelaboratedluxuriant
elastic	rubber bandelastic bandflexiblepliablepliant
elimination	liquidationriddancereasoning by eliminationevacuationexcretionexcretingvoiding
embarrass	abashobstructblockadeblockhinderstymiestymy
emit	breathepass offutterlet outlet loosegive outgive off
ending	terminationconclusionendcloseclosingfinish
enlarge	blow upmagnifyelaboratelucubrateexpatiateexpositflesh outexpandexpounddilate
envy	invidiaenviousnessbegrudge
evacuate	voidempty
evaporate	meltdisappearvaporizevaporise
eve	eveningeveneventide
exaggerate	overstateoverdrawhyperbolizehyperbolisemagnifyamplifyoverdo
exceedingly	extremelysuperdeathly
excess	overindulgenceexcessivenessinordinatenesssurplussurplusagenimietysurfeitoverabundanceextraredundantsparesupererogatorysuperfluoussupernumerary
excite	stimulateenergizeenergiseshakeshake upstirarousesexturn onwind upagitaterousechargecommovecharge up
exclaim	crycry outoutcrycall outshoutproclaimpromulgate
excursion	digressionjauntoutingjunketpleasure tripexpeditionsashay
exert	exercisewieldmaintain
exhaust	exhaust systemexhaust fumesfumeswash upbeattuckertucker outdischargeexpelejectreleaseconsumeeat upuse upeatdepleterun throughwipe outrun downplay outsaptire
exhaustion	debilitationenervationenfeeblement
expel	exhaustdischargeejectreleaseroutrout outoustthrow outdrum outboot outkick out
expend	usespenddrop
explosive	volatile
exterior	outside
extinct	out(p)nonextant
eyesight	seeingsightedness
fahrenheit	gabriel daniel fahrenheit
faithful	congregationfoldclose
fame	celebrityrenown
famine	dearthshortage
farewell	leaveleave-takingpartingword of farewell
farther	further
fashionable	stylishin fashion
fasten	tightenfixsecure
fatigue	fatigue dutywearinesstirednesstirewear upontire outwearwearyjadewear outoutwearwear downfag outfagpall
faulty	incorrectwrongdefective
favorable	advantageousfavourablegoldenluckyprosperous
fax	facsimilefacsimile machinetelefax
fearful	awfuldiredirefuldread(a)dreadeddreadfulfearsomefrighteninghorrendoushorrificterribletimoroustrepidcowardlyfrightful
feasible	executablepracticableviableworkable
feast	fetefiestabanquetspreadfeedjunket
feather	featheringplumeplumagefledgesquare
feeble	nervelessdecrepitdebileinfirmricketysaplessweakweaklyfaintlame
fertile	fatproductiverichprolificfecund
fertilizer	fertiliserplant food
fireman	firefighterfire fighterfire-eaterrelieverrelief pitcherstoker
flare	flare passflashsolar flareflairflare outeruptirruptflare upbreak openburst outflame upblaze upburn upflame
flock	foldtroopbatchdealgood dealgreat dealhatfulheaplotmassmessmicklemintmountainmucklepasselpeckpileplentypotquite a littleraftsightslewspatestacktidy sumwadclusterconstellateclump
flourish	fanfaretucketbrandishboomthriveexpandwaveprosperfly high
flu	influenzagrippe
fluent	eloquentfacilesilversilver-tonguedsmooth-spokenfluidliquidsmooth
flush	blushgushoutpouringbangbootchargerushthrillkickbloomrosinesshot flashflowerprimepeakheydayblossomefflorescencecrimsonreddensluicescourpurgeleveleven outevenaffluentloadedmoneyedwealthysubstantial
fog	dazehazefogginessmurkmurkinessobscurebefogbecloudobnubilatehaze overcloudmist
fond	adoringdotingaffectionatelovesometender
foolish	anserinedopydopeygooseygoosygooselikejerky
footstep	footfallsteppacestride
forbid	prohibitinterdictproscribevetodisallownixpreventforestallforeclosepreclude
foreigner	aliennoncitizenoutlanderoutsider
foremost	frontmostfirstworld-classfirstlyfirst of allfirst off
fortunate	rosygolden
fountain	fountjetspringoutflowoutpouringnatural spring
fox	dodgerslybootsgeorge foxcharles james foxconfusethrowbefuddlefuddlebedevilconfounddiscombobulateflim-flamplay a joke onplay trickstrickfobpull a fast one onplay a trick on
freight	freightagecargoladingloadloadingpayloadshipmentconsignmentfreight rate
friction	detritionrubbingclash
fridge	electric refrigerator
frighten	frightscareaffright
frog	toadtoad froganuranbatrachiansalientiangaul
frost	robert frostrobert lee frostfreezeicinghoarhoarfrostrimeice
frustrate	tormentragbedevilcrucifydunthwartqueerspoilscotchfoilcrossbafflebilk
fry	childkidyoungsterminorshavernippersmall frytiddlertiketykenestlingchristopher fryroger fryroger eliot fryelectrocute
fur	pelt
furious	angeredenragedinfuriatedmaddenedangryragingtempestuouswildferociousfiercesavage
furnish	supplyproviderender
gallon	galimperial galloncongius
gardener	nurseryman
gasp	pantpuffheave
gauge	gageborecalibercalibrestandard of measurementestimateapproximateguessjudge
generator	sourceauthor
germ	microbebugsourceseed
glare	glowerblazebrilliancelimelightspotlightpublic eye
glide	glidingsailplaningsoaringsailingslidecoastsemivowel
glimpse	glancecoup d'oeil
glitter	glisterglistenscintillationsparklecoruscationglintgleamshine
globe	earthworldballorb
gloomy	gloominggloomfulsulkybluedarkdingydisconsolatedismalgrimsorrydrabdreardrearydepresseddispiriteddown(p)downcastdownhearteddown in the mouthlowlow-spirited
glorious	resplendentsplendidsplendiferousbrilliantmagnificent
glow	gleamgleaminglambencyluminescenceradianceglowingincandescencefreshnessbeamradiateshineburn
glue	gummucilagepaste
goat	caprine animalcapricorncapricorn the goatbuttlaughingstockstooge
goose	fatheadgoofgoofballbozojackasscuckootwatzany
gown	robesurgical gownscrubsnightgownnightienight-robenightdress
graceful	elegantrefined
gracious	courteousnicebenignant
grammatical	well-formedgrammatic
gramme	gramgmg
grape	grapeshotgrapevinegrape vine
graph	charactergraphemegraphic symbolchartgraphical recordgraphical recording
greedy	avariciouscovetousgrabbygraspingprehensileaviddevouring(a)esurient
greenhouse	glasshouse
greeting	salutation
grieve	sorrowaggrieve
grind	millpulverizationpulverisationdrudgeryploddingdonkeyworkswotnerdwonkdweebmashcrunchbraycomminutegratecranchcraunchlaborlabourtoilfagtravaildrudgedigmoil
groan	moan
gum	gingivachewing gumgum treegumwoodgluemucilagemumble
gunpowder	powder
gymnasium	gymsecondary schoollyceumlyceemiddle school
habitual	accustomedcustomarywonted(a)
hamburger	ground beefbeefburgerburger
hammer	poundhammeringpoundingpower hammercockmalletmalleusforge
handkerchief	hankiehankyhankey
handwriting	handscript
handy	w. c. handywilliam christopher handyready to hand(p)
harden	inureindurateseasontemper
hardship	asperitygrimnessrigorrigourseverityseverenessrigorousnessrigourousnessadversityhard knocks
hare	rabbit
harmony	harmoniousnessmusical harmonyconcordconcordance
harness	rulereintacklerein indraw rein
harvest	harvest timeharvestingharvest homecropreapglean
haste	hurryrushrushinghastinesshurriednessprecipitation
hasten	rushhurrylook sharpfestinateinducestimulatehotfoothiespeedracepelt alongrush alongcannonball alongbucket alongbelt alongstep on itexpedite
hasty	headlongoverhastyprecipitateprecipitantprecipitous
hatch	hatchbackhatchback doorliftgatehatchingcrosshatchhachurebroodcoverincubatethink upthink ofdream upconcoct
hateful	mean
hatred	hate
hawk	mortarboardwar hawkclear the throatpeddlemongerhuckstervendpitch
headache	concernworryvexationhead achecephalalgia
headmaster	schoolmastermaster
heap	busjalopypilemoundagglomeratecumulationcumulusbatchdealflockgood dealgreat dealhatfullotmassmessmicklemintmountainmucklepasselpeckplentypotquite a littleraftsightslewspatestacktidy sumwad
heir	inheritorheritorsuccessor
helpless	lostincapacitated
hen	biddy
herd	ruckcrowd
heroic	heroic verseheroic meterheroicaldesperateexpansivegrandepiclarger-than-life
hollow	holehollerhollow outcore outexcavatedigemptyvacuous
honesty	honestnesssilver dollarmoney plantsatin flowersatinpodlunaria annua
honourable	honorableethical
hopeful	aspirantaspirerwannabewannabeebrightpromising
horsepower	hph.p.
hostess	stewardessair hostess
housewife	homemakerlady of the housewoman of the house
humble	humiliatemortifychagrinabasebasebasebornlowlymeniallowmodestsmall
humorous	humourous
hunger	hungrinessthirstthirstinessstarvefamishcravelust
hydrogen	hatomic number 1
i.e.	ieid est
idiom	artistic styleparlanceidiomatic expressionphrasal idiomset phrasephrasedialectaccent
idle	tick overlazeslugstagnateunusedjoblessout of workdeadlooselightbaselessgroundlessunfoundedunwarrantedwild
ignorant	illiteratenescientunlearnedunletteredunknowledgeableunknowingunwitting
imaginary	complex numbercomplex quantityimaginary numberfancifulnotional
imitate	copysimulate
immense	hugevastbrobdingnagian
imprison	incarceratelagimmureput behind barsjailjuggaolput awayremand
incline	rampslopesidedisposepitchtendbe givenleanrun
incorrect	faultywrong
indifferent	immaterialapatheticso-so(p)unbiasedunbiassedinertneutral
indignant	incensedoutragedumbrageous
indispensable	essential
indoors	inside
industrialize	industrialise
inefficient	ineffective
inexpensive	cheap
infamous	ill-famednotorious
infect	taint
infer	understandguessdeducedeductderivegeneralizegeneraliseextrapolate
inferior	subscriptdeficientsubstandard
infinite	spacecountlessinnumerableinnumerousmultitudinousmyriadnumberlessuncountedunnumberableunnumberedunnumerablenon-finitenonfinite
inhabit	populatedwelllive
injection	shotinjectant
inquire	wonderenquireinvestigateask
insignificant	dinkypeanutunimportant
insufficient	deficient
insult	affrontabuserevilementcontumelyvilificationdiss
insure	seechecksee to itensurecontrolascertainassureguaranteesecurecoverunderwrite
intentional	knowingdeliberatedesignedunintentional
interference	hindrancehinderancehitchpreventivepreventativeencumbranceincumbranceinterventionnoisedisturbance
intermediate	intercedemediateliaisearbitrateaveragemedium
intern	internehousemanmedical intern
interpreter	interpretive programtranslatorspokespersonrepresentativevoice
interruption	breakdisruptiongappauseintermissionsuspension
invade	occupyintrude onobtrude uponencroach uponoverruninfest
invention	innovationexcogitationconceptiondesign
inventor	discovererartificer
inverse	oppositereverse
inward	inboundinwardsin
irregular	secondguerrillaguerillainsurgentunpredictablemaverickunorthodoxtemporaryatypical
jam	jammingelectronic jammingcrushpressfixholemessmuddlepicklekettle of fishblockobstructobturateimpedeoccludeclose upjampackramchock upcramwadthrongmobpackpile
jealous	covetousenviousgreen-eyedoverjealous
jewel	gemprecious stonebejewel
jolly	jolly boatkidchaffjoshbantergayjocundjovialmerrymirthfulreasonablymoderatelyprettysomewhatfairlymiddlingpassably
joyful	elatedgleefuljubilant
jungle	hobo camp
kettle	boilerkettledrumtympanumtympanitimpanikettle holekettleful
kilogram	kgkilo
kilometer	kilometrekmklick
kindness	benignityforgivingness
kneel	kneeling
knob	bosspommelnodethickening
knot	greybackgraybackcalidris canutusslubburlgnarlraveltangle
lace	lacingspikefortifyintertwinetwineentwineenlaceinterlacelace upbraidplait
lag	slowdownretardationstaveinterimmeantimemeanwhiledawdlefall backfall behindimprisonincarcerateimmureput behind barsjailjuggaolput awayremand
lame	squarecripplecrippledhalthaltinggimpygamefeeble
laundry	washwashingwashables
lavatory	flush toilettoiletlavcanjohnprivybathroomwashbasinbasinwashbowlwashstand
lazy	faineantindolentotioseslothfulwork-shy
leak	news leakescapeleakageoutflowwettingmaking waterpassing waterleak out
learned	knowingknowledgeableletteredwell-educatedwell-readconditionederudite
lessen	decreasediminishfallsubsideminify
lever	lever tumblerprypriseprizejimmy
leverage	leveragingpurchase
liar	prevaricator
liberate	releasefreeunlooseunloosenlooseset freeemancipate
librarian	bibliothec
lick	punchcloutpokebiffsluglapsalt licksolvework outfigure outpuzzle outworklap upcreambatclobberdrubthrash
lid	hatchapeaueyelidpalpebra
lieutenant	deputypolice lieutenant
lighten	relievelighten upbrightenbuoy up
likelihood	likeliness
likewise	besidestooalsoas wellalikesimilarly
lime	lindenlinden treebasswoodlime treecitrus aurantifoliabirdlimecalcium oxidequicklimecalxcalcined limefluxing limeunslaked limeburnt limecalcium hydroxideslaked limehydrated limecalcium hydratecaustic limelime hydrate
linen	linen paper
liner	line driveocean linerlining
liquor	pot liquorpot likkerspiritsboozehard drinkhard liquorjohn barleycornstrong drink
listener	hearerauditorattender
liter	litrelcubic decimetercubic decimetre
livestock	stockfarm animal
living-room	living roomsitting roomfront roomparlorparlour
loaf	loaf of breadloiterloungefootlelollygaglallygaghang aroundmess abouttarrylingerlurkmill aboutmill aroundbumbum aroundbum aboutarse aroundarse aboutfuck offfrig aroundwaste one's timelounge aroundlollloll aroundlounge about
locomotive	enginelocomotive enginerailway locomotivelocomotor
lodge	hostelhostelryinnaubergeindian lodgehunting lodgeclubsocial clubsocietyguildgildordersir oliver lodgesir oliver joseph lodgechargefilewedgestickdepositaccommodate
loosen	relaxlooseuntieundoteasetease apart
loudspeaker	speakerspeaker unitloudspeaker systemspeaker system
lubricate	lube
luggage	baggage
lumber	baseball battimberlogpound
luxury	lavishnesssumptuositysumptuousnessluxuriousnessopulence
madam	damema'amladygentlewomanbrothel keeper
magnet	attractionattractorattracterattractive feature
maid	maidenmaidservanthousemaidamah
mankind	worldhuman racehumanityhumankindhuman beingshumansman
manly	manfulmanlikemalevirilemanfully
manufacture	industryfabricationmanufacturingfabricatecook upmake upinventconstruct
marvelous	improbablemarvelloustall(a)miraculousfantasticgrandhowling(a)rattling(a)terrifictremendouswonderfulwondrous
marxist	bolshevikredbolshiebolshy
masterpiece	chef-d'oeuvre
mat	gym matmattingraft foundationraftflatnesslusterlessnesslustrelessnessmattmattemaster of arts in teachingfeltfelt upmat upmatt-upmatte upentangletanglesnarlflatmatted
materialism	physicalismphilistinism
mathematical	numerical
maths	mathematicsmath
meadow	hayfield
measurable	mensurable
mechanically	automatically
mechanics	mechanism
mediterranean	mediterranean sea
melon	melon vine
mercury	quicksilverhydrargyrumhgatomic number 80
mercy	clemencymercifulness
merry	alertbrisklivelyrattlingsnappyspankingzippygayfestalfestivejocundjollyjovialmirthful
messenger	courier
metric	system of measurementmetric unitmetric functionmeasuredmetrical
microcomputer	personal computerpc
microphone	mikemic
midday	noontwelve noonhigh noonnoondaynoontide
millimetre	millimetermm
minus	subtractionnegative
miserable	measlypaltrywretchedabjectlowlow-downscummyscurvyhaplessmisfortunatepatheticpiteouspitiablepitifulpoorsufferingdeplorableexecrablewoeful
mislead	misinformmisdirectmisguidelead astray
mist	mist overobscurebefogbecloudobnubilatehaze overfogcloud
mister	mrmr.
mistress	kept womanfancy womanschoolmarmschoolma'amschoolmistress
misunderstand	misconstruemisinterpretmisconceivemisapprehendbe amiss
moan	groan
moist	dampdampish
moisture	wet
monkey	impscamprascalrapscallionscalawagscallywagputtermess aroundpottertinkermonkey aroundmuck aboutmuck aroundtamperfiddle
mortal	personindividualsomeonesomebodysouldeadlydeathly
mould	moldcastmoldingmouldingmodelingclay sculpturemildewstampshapeformworkforgemodel
mouthful	taste
muddy	muddy upmuckycloudymirkymurkyturbiddirtydingymuddiedboggymarshymiryquaggysloppysloughysoggysquashyswampywaterlogged
mug	countenancephysiognomyphizvisagekissersmilerchumpfoolgullmarkpatsyfall guysuckersoft touchmugful
multiply	reproduceprocreatebreedmanifold
murderer	liquidatormanslayer
mute	deaf-mutedeaf-and-dumb personmuffledulldampdampentone downdumbsilenttonguelessunspokenwordless
mutton	mouton
nap	napoleoncatnaplight sleepshort sleepforty winkssnoozepilesleepcatch a wink
naughty	bluegamygameyjuicyracyrisquespicy
navigation	seafaringsailingpilotagepiloting
needless	gratuitousuncalled-for
negro	blackafrican-americannegroidcoloredcoloured
nitrogen	natomic number 7
noble	lordnoblemanbaronialimposingstately
noticeable	detectable
notify	advisegive noticesend wordappriseapprize
nucleus	lens nucleuscell nucleuskaryoncorecore group
nuisance	painpain in the neck
oblige	bindholdobligateaccommodatecompel
obscure	bedimovercloudblot outobliterateveilhideconfuseblurobnubilatebefogbecloudhaze overfogcloudmistvaguedarkapart(p)isolatedunnoticeableunknownunsunghidden
occurrence	happeningoccurrentnatural event
oceania	oceanica
odour	olfactory propertysmellaromaodorscentolfactory sensationolfactory perception
offend	piquehurtwoundinjurebruisespiteshockscandalizescandaliseappalappalloutragetransgressinfractviolatego againstbreachbreak
oppress	suppresscrushpersecute
optical	ocularopticvisualophthalmic
orderly	hospital attendantneat
orient	eastern hemisphereeasttailororientatepoint
ornament	decorationornamentationdecorateadorngraceembellishbeautify
ounce	snow leopardpanthera unciaoz.troy ounceapothecaries' ounce
outdoors	out-of-doorsopen airopenoutsideout of doorsalfresco
outlet	releaseventexitissueway outmercantile establishmentretail storesales outletwall socketwall plugelectric outletelectrical outletelectric receptacle
outlook	lookoutexpectationprospectmentalitymindsetmind-set
outset	beginningcommencementfirstget-gostartkickoffstarting timeshowtimeoffset
outskirt	fringe
outward	outboundoutward-boundoutwards
outwards	outward
oval	ellipseegg-shapedellipticellipticaloval-shapedovateoviformovoidprolate
overcoat	greatcoattopcoatovercoating
overdue	delinquent
overhead	smashviewgraphdisk overheadoperating expenseoperating costbudget itemscommand processing overhead timecommand processing overheadcommand overhead
overnight	nightlongall-night
overtake	catchcatch up withoverwhelmoverpowersweep overwhelmovercomepassoverhaul
overtime	extra time
ox	wild ox
p.m.	post meridiem
pail	bucketpailful
panda	lesser pandared pandabear catcat bearailurus fulgensgiant pandapanda bearcoon bearailuropoda melanoleuca
pane	acidback breakerbattery-aciddosedotelvisloony toonslucy in the sky with diamondssupermanwindow panezenpane of glasswindow glasspanelingpanelling
pants	bloomersdrawersknickers
paradise	edennirvanaheavenpromised landshangri-la
parcel	portionsharepackagebundlepackettractpiece of landpiece of groundparcel of land
parlor	living roomliving-roomsitting roomfront roomparlour
passive	passive voiceinactivepeaceful
paste	spreadlibrary pasteglue
pastime	interestpursuit
paw	handmanusmitt
pea	pea plant
peach	yellowish pinkapricotsalmon pinksmasherstunnerknockoutbeautyravishersweetheartlululookermantrapdishpeach treeprunus persicaspill the beanslet the cat out of the bagtalktattleblabbabblesingbabble outblab out
pear	pear treepyrus communis
pearl	boneivoryoff-whitedropbead
peep	peekcheepchirpchirrup
penetrate	clickget throughdawncome homeget acrosssink infall into placefathombottomperforatepermeatepervadeinterpenetratediffuseimbueriddleinfiltrate
perfume	essencearomafragrancescentaromatizearomatise
permanently	for good
petroleum	crude oilcruderock oilfossil oiloil
picnic	cinchbreezesnapduck soupchild's playpushoverwalkoverpiece of cakefield dayouting
pierce	franklin piercepresident piercethrust
pillar	columnmainstaytower
pinch	apprehensionarrestcatchcollartaking into custodytweaknipemergencyexigencytouchhinttingemitejotspecksoupconvellicatetopsqueezetwingetweettwitchcrimppilfercabbagepurloinabstractsnarfswipehooksneakfilchnobblelift
pipeline	linegrapevineword of mouth
pistol	handgunside armshooting iron
plantation	grovewoodletorchard
plaster	adhesive plastersticking plasterplasterworkpoulticecataplasmplaster of parisdaubplaster overstick onbeplaster
playground	resort areavacation spot
plentiful	amplecopiousplenteousrichbountiful
plough	plowbig dipperdippercharles's wainwainwagonturn
pluck	gutsinesspluckinesspickcullpullteardeplumedeplumatedisplumeplunktweakpull offpick offoverchargesoaksurchargegazumpfleeceplumerobhookhustleroll
plug	hackjadenagfireplugfire hydrantstopperstopplemale plugspark plugsparking plugballyhoohooplahypechewchawcudquidwadplug awaypunchstop upsecure
plunge	diplaunchsteepimmerseengulfengrossabsorbsoak updunksousedousediveplunkdump
plural	plural form
poison	toxicantpoisonous substanceenvenom
poisonous	venomousvicioustoxicant
poke	punchcloutlickbiffslugjabjabbingpokingthrustthrustingsackpaper bagcarrier bagdawdlerdronelaggardlaggertrailerpigeon berrygargetscokephytolacca americanaprodstabdigthumppoundintrudehorn inprynose
pollute	foulcontaminate
porter	porter's beerdoorkeeperdoormandoor guardhall portergatekeeperostiarypullman porterwilliam sydney portero. henrycole portercole albert porterkatherine anne porter
portuguese	lusitanian
postage	postage stampstamp
postman	mailmanmail carrierletter carriercarrier
postpone	proroguehold overput overtableshelveset backdeferremitput off
practicable	feasibleexecutableviableworkableoperable
precaution	safeguardguardcautioncareforethought
precision	preciseness
preface	forewordprolusionprecedepremiseintroduce
preferable	preferred
prescribe	orderdictate
presently	soonshortlybefore longcurrently
prevail	triumphpredominatedominaterulereignpersistdie hardrunendureholdobtain
probable	likely
procession	progressprogressionadvanceadvancementforward motiononward motionemanationrise
pronounce	labeljudgearticulateenouncesound outenunciatesay
pronunciation	orthoepy
proportional	relative
prosperity	successfulness
prosperous	goldenfavorablefavourableluckyhalcyoncomfortableeasywell-fixedwell-heeledwell-offwell-situatedwell-to-doboomingflourishingpalmyprosperingroaringthriving
pudding	pud
puff	blowdragpullottomanpoufpouffehassockpowderpuffquiltcomfortercomfortpuff of airwhiffpantgaspheavehuffchuffpuff upblow uppuff outdrawpuffed
punctual	on time
puppet	marionettecreaturetool
purify	sublimatemake puredistillpurgesanctify
purity	honorhonourpurenesssinlessnessinnocencewhiteness
quarrel	wranglerowwordsrun-industupdisputescrapargufyaltercate
quart	dry quart
quarterly	every quarter
queer	fagotfaggotfagfairynancepansyqueenpoofpoovepoufexposescupperendangerperilthwartspoilscotchfoilcrossfrustratebafflebilkcuriousfunnyoddpeculiarrumrummysingulargayhomophile(a)
queue	waiting lineline upqueue up
quicken	animaterecreatereanimatereviverenovaterepairvivifyrevivifyacceleratespeed upspeedinvigoratewhet
quilt	comfortercomfortpuff
quiz	test
quotation	quotecitationciteacknowledgmentcreditreferencemention
racket	fraudulent schemeillegitimate enterpriseracquetnoisedissonancerevelmake whoopiemake merrymake happywhoop it upjollifywassail
radar	microwave radarradio detection and rangingradiolocation
radiate	diversifyglowbeamshinerayradialstellate
radioactivity	radiation
radish	radish plantraphanus sativusdaikonjapanese radishraphanus sativus longipinnatus
radium	raatomic number 88
radius	spokewheel spoker
rag	shredtagtag endtattertabloidsheetragtimerag weekcall on the carpettake to taskrebuketrouncelecturereprimandjawdress downcall downscoldchideberatebawl outremonstratechew outchew uphave wordslambastelambastteaserazzcodtantalizetantalisebaittaunttwitrallyrideannoyget tobotherget atirritaterilenarknettlegravelvexchafedeviltormentbedevilcrucifydunfrustrate
rainy	showery
rake	pitchslantrakehellprofligateripbloodrouegrazecreasescanskimglance overrun down
reap	harvestgleandraw
rebellion	insurrectionrevoltrisinguprising
recite	enumerateitemizeitemisetellnarraterecountdeclaimretell
recollect	rememberretrieverecallcall backcall upthink
recorder	fipple flutefipple pipevertical fluterecording equipmentrecording machineregistrarrecord-keeper
recreation	refreshmentdiversion
reed	beating-reed instrumentreed instrumentvibrating reedwalter reedjohn reed
reel	virginia reelscottish reelbobbinspoolstaggerkeellurchswagcareenspinspin aroundwhirlgyrate
refine	complicaterarifyelaboratepolishfine-tunedownrectify
reflexion	reflectionmirror imagereflectivitycontemplationruminationmusingthoughtfulnessobservationexpressionmanifestation
refresh	freshenrefreshenfreshen upreviewbrush up
refreshment	recreation
refuge	recourseresortsanctuaryasylumsafety
refute	rebutcontrovert
rehearsal	dry run
rein	ruleharnessrein indraw rein
rejoice	exuberateexulttriumphjubilatejoywallow
relativity	theory of relativityrelativity theoryeinstein's theory of relativity
reliance	trust
renew	reincarnateregenerate
repent	regretrueatone
repetition	repeatingrepeat
reproach	upbraid
resistant	repellentinsubordinateresistiveimmunetolerant
respectful	reverentialvenerating
restless	ungratifiedunsatisfieduneasy
restrain	keepkeep backhold backencumbercumberconfineholdconstrain
retell	repeatreiterateingeminateiteraterestatefictionalizefictionaliserecite
retreat	retirementhideawaypull backback outback awaycrawfishcrawfish outpull in one's hornswithdrawpull awaydraw backrecederetiremove backretrograde
retrieve	rememberrecallcall backcall uprecollectthinkrecoverfindregain
revenge	retaliationavengeretaliate
revise	revisionrevisalrescriptretool
revolt	rebellioninsurrectionrisinguprisingdisgustnauseatesickenchurn upgross outrepel
rib	costaridiculeroastguyblackguardlaugh atjest atmake funpoke fun
ribbon	typewriter ribbondecorationlaurel wreathmedalmedallionpalmthread
riddle	conundrumenigmabrain-teaserpermeatepervadepenetrateinterpenetratediffuseimbuescreen
ripe	advancedmaturegoodright
ripen	mature
roar	bellowbellowinghollahollerholleringholloholloaroaringyowlboomthunderhowlululatewailyawlyaup
roast	knockjointridiculeguyblackguardlaugh atjest atribmake funpoke funroasted
rob	overchargesoaksurchargegazumpfleeceplumepluckhook
robbery	looting
robe	gownvestclothecloakdrape
robot	automatongolem
roller	tumblertumbler pigeoncurlerhair curlercrimperrollrolling wave
rot	bunkbunkumbuncombeguffhogwashdecompositionrottingputrefactionbreakdownwastedecomposemoldermoulder
rotary	synchronous converterrotary convertertraffic circlecircleroundaboutcircularorbitual
rotate	revolvego aroundturn outsplayspread outcircumvolve
rotation	rotary motionrevolutiongyration
rotten	ickycrappylousyshittystinkingstinkydecayedrotted
rouse	awakenwakewakenwake uparouseagitateturn onchargecommoveexcitecharge uprout outdrive outforce outbestir
rubber	arcticgaloshgoloshgumshoecondomsafetysafeprophylacticrubber eraserpencil erasernatural rubberindia rubbergum elasticcaoutchoucsynthetic rubberrubberizerubberiseno-good
rude	ill-manneredbad-manneredunmanneredunmannerlyuncivilcrudeprimitiveill-bredbounderishlowbredunderbredyokelish
rug	carpetcarpeting
rust	rust fungusrustingcorrodeeatrustyrust-brown
rusty	rustrust-brownhoaryout of practice(p)
saddle	bicycle seatsaddlebackchargeburden
sadness	gloominesslugubriousnessunhappinesssorrowsorrowfulness
sailor	boaterleghornpanamapanama hatskimmerstraw hatbluejacketnavy mansailor boycrewman
saint	idealparagonnonpareilapotheosisnonesuchnonsuchholy manholy personangelcanonizecanoniseenshrine
salute	military greetingsalutationpresenttoastdrinkpledgewassail
sandy	arenaceoussandlikeflaxen
saucer	discusdishdish aerialdish antennadiskdisc
sausage	blimpsausage balloon
saw	power sawsawing machineproverbadagebyword
scar	scratchscrapemarkcicatrixcicatricepockpit
scarce	barelyhardlyjustscarcely
scarf	scarf joint
scenery	scene
scissors	scissors holdscissor holdscissor gripscissors grippair of scissors
scold	scoldernagnaggercommon scoldcall on the carpettake to taskrebukeragtrouncelecturereprimandjawdress downcall downchideberatebawl outremonstratechew outchew uphave wordslambastelambastgrouchgrumble
scorn	contemptdisdaindespiterejectspurnfreeze offpooh-poohturn downcontemndespise
scout	lookoutlookout mansentinelsentrywatchspotterpicketpathfinderguidetalent scoutreconnoiterreconnoitre
scrape	scratchscarmarkscrapingscratchingabrasionexcoriationgratescratch upskinscrape upcome upkowtowgenuflect
scratch	scrapescarmarkscribblescrawlcacographyscrapingscratchingchicken feedstartstarting linescratch lineboodlebreadcabbageclamsdinerodoughgeltkalelettucelollylucrelootmoolahpelfshekelssimoleonssugarwampumincisionprickslitdentabrasionexcoriationrubfrayfretchafescratch upengravegraveinscribescrape upcome upstrikeexpungeexciseitchcancelcall offscrub
screw	fuckfuckingscrewingassnookynookiepiece of asspiece of tailroll in the hayshagshtupscrew propellerprison guardjailerjailorgaolerturnkeycheatchouseshaftchicanejockeydrive insleep togetherlovemake outmake lovesleep withget laidhave sexknowdo itbe intimatehave intercoursehave it awayhave it offjazzeffhumplie withbedhave a go at itbangget it onbonk
seaman	marinertarjack-tarjackold saltseafarergobsea dogelizabeth seamanelizabeth cochrane seamannellie bly
seaport	havenharborharbour
semiconductor	semiconductor devicesemiconductor unitsemiconducting material
sew	run upsew togetherstitchtailortailor-make
shady	shadowedshadowyumbrageousfishyfunnysuspectsuspicious
sharpen	focusfocalizefocaliseheightentaperpoint
shave	shavingtrimplaneknock off
shear	fleece
shepherd	sheepherdersheepman
shilling	british shillingbobkenyan shillingsomalian shillingtanzanian shillingugandan shilling
shiver	trembleshakefrissonchillquivershudderthrilltinglethrob
shopkeeper	tradesmanstorekeepermarket keeper
shortcoming	defect
shriek	screamscreamingshriekingscreechscreechingshrillpipe uppipe
sickness	illnessunwellnessmaladynausea
sideways	crabwisesidelongobliquelysidewaysidewise
sightseeing	rubber-necking
simplicity	chastenessrestraintsimplenesseaseeasinesssimmplenesssimple mindedness
sincere	earnestsolemn
singular	singular formcuriousfunnyoddpeculiarqueerrumrummyremarkableunique
sketch	studysurveyresumecartoonvignetteoutlineadumbratechalk out
skillful	niceadeptexpertgoodpracticedproficientskilful
skim	skimmingskim overskim offcream offcreamskipskitterplanescanrakeglance overrun downskimmed
slavery	slaveholdingbondagethrallthralldomthraldom
sleepy	sleepy-eyedsleepyheaded
slender	slightslimsveltethin
slipper	carpet slipperskidderslider
slippery	slippytricky
slit	cuntpusspussysnatchtwatincisionscratchprickdentslice
slogan	mottocatchwordshibboleth
slum	slum area
sly	craftycunningdodgyfoxyguilefulknavishslicktricksytrickywily
smog	smogginess
smoothly	swimmingly
snowstorm	blizzard
snowy	snow-whitesnow-cladsnow-coveredwhite
so-called	alleged(a)supposed
soak	soakingsoakagedrenchdousedowsesopsouseimbueinebriatehit it upintoxicateoverchargesurchargegazumpfleeceplumepluckrobhookpawnhock
sob	sobbingassholebastardcocksuckerdickheadshitmother fuckermotherfuckerprickwhoresonson of a bitchshortness of breathbreathlessness
sober	sober updrabsombersombregravesedatesolemnunplayfulserious
soda	popsoda popsoda watertonicsodium carbonatewashing sodasal sodasoda ash
solemn	earnestsinceregravesedatesober
sore	huffymadsensitiverawtenderafflictivepainful
sorrow	griefregretrueruefulnesssadnesssorrowfulnessgrieve
sour	sournessaciditytartnessturnfermentworkacidifyacidulateacetifyranciddarkdourgloweringglummoodymorosesaturninesullenfalseoff-keyoffturned
sow	seedinseminatesow in
spacecraft	ballistic capsulespace vehicle
spaceship	starship
span	straddlebridgecouplepairtwosometwainbraceyokecoupletdistichduoduetdyadduadcrosstraversesweep
spark	sparkletwinklelightflickerglintmuriel sparkdame muriel sparkmuriel sarah sparkdischargearcelectric arcelectric dischargetripactuatetriggeractivateset offspark offtrigger offtouch off
sparkle	glitterglisterglistenscintillationtwinklesparklightcoruscationscintillatecoruscatefoamfrothfizzeffervesceform bubbles
sparrow	hedge sparrowdunnockprunella modularistrue sparrow
spear	lanceshaftgigfizgigfishgigspear up
speciality	specializationspecialisationspecialtyspecialismpeculiarityspecialnessdistinctivenessfortestrong suitlong suitmetierstrong pointstrength
spider	wanderer
spit	spittingexpectorationsalivaspittletongueptyalizeptyalisespewspuespit outskewersprinklespatterpatterpitter-patter
splash	splashingspatterspatteringsplatteringplashdabsplatterstirsploshswashsprinklesquelchsquishsloshslopslush
sponge	poriferanparazoanleechparasitespongerquick studymoochbumcadgegrub
spontaneous	ad-libunwrittenself-generated
sportsman	sportsportswoman
springtime	spring
sprinkle	sprinklingspargescatteringbesprinklesplashsploshscatterdotdustdispersespitspatterpatterpitter-patter
spur	branch linespur trackgadgoadgoadingprodproddingurgingspurringspineacantha
spy	undercover agentstagsnoopsleuthdescryspotespysight
stab	shotthrustknife thrustpangtwingejabprodpokedigknife
stain	blotsmearsmirchspotdiscolorationdiscolourationmarkstigmabranddirtfilthgrimesoilgreasegrungetarnishmaculatesullydefile
staircase	stairway
stale	colddustymoth-eaten
standpoint	point of viewviewpointstand
startle	jumpstartgalvanizegalvanise
starvation	starvingfamishment
starve	famishhungercravethirstlust
statesman	solonnational leader
static	atmosphericsatmospheric staticstableunchanginginactivemotionlessstillelectrostatic
steamer	soft-shell clamsteamer clamlong-neck clammya arenariasteamshipsteam
steer	bullocktipleadconfidential informationwindhintmaneuvermanoeuvermanoeuvredirectpointheadguidechannelizechannelise
stern	after partquarterpooptailbuttocksnatesarsebuttbacksidebumbunscanfundamenthindquartershind endkeisterposteriorpratrearrear endrumpseattail endtooshietushbottombehindderrierefannyassisaac sternstrictexactingausteregriminexorablerelentlessunappeasableunforgivingunrelentingseverestark
steward	custodiankeepershop stewardflight attendant
stewardess	air hostesshostess
sticky	glueyglutinousgummymucilaginouspastyviscidviscousawkwardembarrassingunenviablemuggysteamy
stiffen	tightentighten upconstrain
sting	sting operationbuncobunco gamebunkobunko gameconconfidence trickconfidence gamecon gamehustleflimflambiteinsect bitepangstingingstickprickburntwinge
stony	graniticgranitelikerocklikeflintyflintobduraterockyboulderybouldered
stool	toiletcancommodecrapperpotpottythronefecal matterfaecal matterfecesfaecesbmorduredejectiondefecateshittake a shittake a crapca-cacrapmaketiller
stoop	stoepstoupcrouchbendbowcondescendlower oneself
storey	floorlevelstory
stormy	tempestuous
strap	shoulder strapflogweltwhiplatherlashslashtrounce
strawberry	strawberry markhemangioma simplex
stripe	bandbandingstreakbarchevronstripesgrade insignia
submarine	pigboatsubu-boatbombergrinderherohero sandwichhoagiehoagycuban sandwichitalian sandwichpoor boysubmarine sandwichtorpedowedgezepundersea
submerge	inundatedelugedrownoverwhelmsubmerse
substitute	replacementstand-inreliefrelieverbackupbackup manfill-inreservesecond-stringerreplaceinterchangeexchangesubstand infill indeputizedeputisestep inersatzalternatealternative
subtract	deducttake off
subway	metrotubeundergroundsubway systemunderpass
sulphur	sulfursatomic number 16
summarize	sum upsummariseresumesum
sunrise	dawndawningmorningaurorafirst lightdaybreakbreak of daybreak of the daydayspringsunupcockcrow
sunset	sundown
sunshine	cheerfulnesscheersunninessfair weathertemperatenesssunlightsun
superficial	casualcursorypassing(a)perfunctorytrivial
surname	family namecognomenlast name
surplus	excesssurplusagenimietyextraredundantsparesupererogatorysuperfluoussupernumerary
surrender	capitulationfallgiving upyieldingresignationgive upcededeliver
surroundings	environmentenvironssurroundmilieu
swamp	swamplanddelugefloodinundatedrench
swan	affirmverifyassertavowaverswearrollwanderstraytramproamcastrambleroverangedriftvagabond
swarm	clouddrovehordepourstreamteempullulate
sway	rockcareentiltshakeswingcarrypersuade
sweater	jumperperspirer
swell	crestless wavedandydudefopgallantsheikbeaufashion plateclotheshorseswell upintumescetumefytumescewellpuff upwell upbang-upbullycorkingcrackinggreatgroovykeenneatniftynot bad(p)peachyslap-upsmashingold(a)
swift	western fence lizardblue-bellysceloporus occidentalisjonathan swiftdean swiftgustavus franklin swiftfleet
swiss	swiss people
sympathize	sympathiseempathizeempathiseunderstandcommiserate
synthetic	synthetic substancesyntheticalcelluloidman-madesemisynthetic
tablet	pilllozengetabpadpad of paper
tailor	seamstersartororientsewtailor-makecut
tame	chastensubduedomesticatedomesticizedomesticisereclaimcultivatenaturalizenaturalisetone downmoderatemeektamed
tan	topaztangentsuntansunburnburnbronze
tedious	long-windedverbosewindywordyboringdeadeningdullho-humirksomeslowtiresomewearisome
telegram	wire
telegraph	telegraphycablewire
temper	biliousnessirritabilitypeevishnesspettishnesssnappishnesssurlinesstoughnesspiqueirritationmoodhumorhumourchastenseasonmollifymoderatehardenannealnormalize
temptation	enticement
tense	straintense up
textile	fabricclothmaterial
thickness	heaviness
thirdly	third
thirst	hungerhungrinessthirstinesscravestarvelust
thorn	irritantspineprickleprickerstickerspikelet
thorough	exhaustivethoroughgoing
thoughtful	heedfulattentivepaying attentionserious-minded
thread	screw threadyarntrain of thoughtribbonstringdrawweavewindmeanderwander
thrill	frissonshiverchillquivershuddertinglebangbootchargerushflushkickticklevibrateexhilaratetickle pinkinebriateexaltbeatifythrob
thrive	boomflourishexpandprosperfly high
throne	toiletcancommodecrapperpotpottystoolenthrone
throng	multitudeconcoursemobpackpilejam
thrust	drivedriving forcejabjabbingpokepokingthrustingstabknife thrustpushforcepiercethrowlungehurlhurtlestuffshovesqueezepush up
thunder	big hhell dustnose dropssmackskagscagboomroarroaring
tick	check markchecktickingcheck offmarkmark offtick offretickticktockticktackbeatclick
tidy	tidy upclean upneatenstraightenstraighten outsquare awaygoodlygoodishhealthyheftyrespectablesizablesizeablekempt
tiger	panthera tigris
timid	cautiousfaintfaintheartedfaint-hearteddiffidentshyunsure
toast	pledgegonercrispencrispdrinksalutewassail
tolerance	permissivenessallowanceleewaymargin
tomb	grave
torch	blowtorchblowlampflashlightcommon mulleingreat mulleinaaron's rodflannel mulleinwoolly mulleinverbascum thapsus
torrent	violent streamdownpourcloudburstdelugewaterspoutpeltersoakerfloodinundation
torture	torturingdistortionoverrefinementstrainingtwistingagonytormentanguishexcruciaterack
traitor	double-crosserdouble-dealertwo-timerbetrayertreasonist
tram	streetcartramcartrolleytrolley cartramwayaerial tramwaycable tramwayropeway
tramp	hikehikingtramp steamerhikertramperswingerhobobumrollwanderswanstrayroamcastrambleroverangedriftvagabondslogfootslogplodtrudgepad
transistor	junction transistorelectronic transistor
transmit	airsendbroadcastbeamtransfertransportchannelchannelizechanneliseimpartconductconveycarrycommunicate
transparent	crystallinecrystal clearlimpidlucidpellucidguilelessdiaphanousfilmygauzygauze-likegossamersee-throughsheervaporousvapourouscobwebby
transplant	transplantationtransplantingorgan transplantgrafttransfertranspose
treason	treacherybetrayalperfidyhigh treasonlese majestysubversivenesstraitorousness
triangle	triangulumtrigontrilateral
trifle	trivialitytriviasmall beerdallyplayfrivolpiddlewantonwanton awaypiddle away
trim	trimmingclippingpassementerietrimnessreducecut downcut backtrim downtrim backcutbring downshaveparesnipclipcroplopdressprunegarnishsparetailoredclean-cuttrigshipshapewell-kept
trumpet	cornethorntrump
tub	bathtubbathing tubvattubful
tuition	tutelagetutorshiptuition fee
tumble	spillfallcatch onget wiseget ontolatch oncotton ontwigget ittopplecrumblecrumplebreak downcollapsewhirlwhirl aroundtip
turbulent	churningroilingroiledroilydisruptiveriotoustroubledtumultuous
turning	turn
turnip	white turnipbrassica rapa
twinkle	sparklesparklightscintillationsparklingflashblinkwinkwinklescintillate
unbearable	intolerableunendurable
unconscious	unconscious mind
undergraduate	undergrad
underline	underscoreemphasizeemphasise
undo	unwrapuntieloosenunmake
uneasy	awkwardill at ease(p)restlessanxiousnervousqueasyunquiet
unjust	unfairinequitable
unkind	pitiless
unload	unladeoffloaddropdrop offset downput downdischarge
unlucky	doomedill-fatedill-omenedill-starredluckless
unstable	fluidprecariousmentally illunsound
unsuitable	undesirableinapplicable
unusually	remarkablyunconotably
up-to-date	up to datecutting-edgewith-it
upright	upright pianoverticalunslopederectgoodjust
upside-down	inverted
upward	upupwardsupwardly
usage	customusanceuseutilizationutilisationemploymentexercise
utmost	uttermostmaximumlevel bestfarthermostfarthestfurthermostfurthestlast
utter	expressverbalizeverbalisegive tongue totalkspeakmouthemitlet outlet looseblank
vacuum	vacuum cleanervacuityvoidvacancyemptinessvacuum-cleanhoover
vain	bootlessfruitlessfutilesleevelessconceitedegotisticegotisticalself-conceitedswollenswollen-headed
vanity	dressing tabledressertoilet tableconceitconceitednessemptinessamour propreself-love
vapour	vaporizationvaporisationvaporevaporation
veil	head coveringhumeral veilcaulembryonic membranevelumobscureblot outobliteratehide
velocity	speed
velvet	velvetyvelvet-textured
verify	affirmassertavowaverswanswearcontrol
vest	singletundershirtwaistcoatrobeinvestenthrone
vex	perplexstickgetpuzzlemystifybafflebeatposebewilderflummoxstupefynonplusgravelamazedumbfoundagitatedisturbcommoveshake upstir upraise upworryannoyragget tobotherget atirritaterilenarknettlechafedevil
vibrate	thrilltickleoscillateresonatehovervacillate
vibration	quiverquiveringvibeoscillationshakingshakinesstremblingpalpitation
vice	frailty
victorious	triumphantwinning
videotape	tape
viewpoint	point of viewstandstandpointvantage point
vinegar	acetum
violet	reddish bluepurplepurplish
violin	fiddle
vivid	intensebrightbrilliantgraphiclifelikepictorial
vocabulary	lexiconmental lexicon
volcano	vent
volleyball	volleyball game
volt	v
voltage	electric potentialpotentialpotential differencepotential dropelectromotive forceemf
voyage	ocean tripsailnavigate
waggon	beach wagonstation wagonwagonestate carbeach waggonstation waggon
waiter	server
waken	wake upawakearouseawakenwakecome aliverouse
wallet	billfoldnotecasepocketbook
waterfall	falls
waterproof	raincoatrainproofwaterproofed
wax	mountclimbrisefull
weary	tirewear upontire outwearjadewear outoutwearwear downfag outfagfatiguepallaweary
weave	interweavetissuewaverwindthreadmeanderwander
weed	potgrassgreen goddessdopegagesesssenssmokeskunklocoweedmary janemourning band
weep	cry
weld	theodore dwight welddyer's rocketdyer's mignonettereseda luteola
westward	westdue westwwestboundwesterlywestwards
whatsoever	any(a)whatever
whirl	spintwirltwisttwistingcrackflinggopassoffercommotionswirlvortexconvolutionspin aroundreelgyrateeddypurlwhirlpooltumblewhirl aroundbirltwiddle
whistle	pennywhistletin whistlewhistlingsing
whitewash	gloss oversleek overhush up
wicked	severeterribledisgustingdisgustfuldistastefulfoulloathlyloathsomerepellentrepellantrepellingrevoltingskankyyuckysinfulunholyarchimpishimplikemischievouspixilatedprankishpuckish
widen	let outbroadenextend
width	breadth
wireless	radioradio receiverreceiving setradio settunerradiocommunication
wit	brainbrainpowerlearning abilitymental capacitymentalityhumorhumourwitticismwittinesswagcard
withstand	resisthold outstand firmdefyholdhold up
woollen	woolwoolen
workman	workingmanworking manworking person
world-wide	cosmopolitanecumenicaloecumenicalgeneraluniversalworldwideglobalplanetaryworld(a)
worm	louseinsectdirt ballwrithewrestlewrigglesquirmtwist
worse	worsened
worship	adorationidolizeidolisehero-worshiprevere
worst	pipmop upwhiprack up
worthless	despicableuglyvileslimyunworthywretched
worthy	desirablesuitable
wreath	garlandcoronalchapletlei
wreck	crashshipwreckbust upwrack
x-ray	roentgenogramx rayx-ray picturex-ray photographx-radiationroentgen ray
yawn	yawningoscitanceoscitancygapeyaw
yearly	annualyearbookannuallyevery yeareach year
youthful	vernalyoung
zeal	readinesseagernessforwardnessardorardourelan
zealous	avid
